Handle,Title,Body (HTML),Vendor,Product Category,Type,Tags,Published,Option1 Name,Option1 Value,Option1 Linked To,Option2 Name,Option2 Value,Option2 Linked To,Option3 Name,Option3 Value,Option3 Linked To,Variant SKU,Variant Grams,Variant Inventory Tracker,Variant Inventory Qty,Variant Inventory Policy,Variant Fulfillment Service,Variant Price,Variant Compare At Price,Variant Requires Shipping,Variant Taxable,Unit Price Total Measure,Unit Price Total Measure Unit,Unit Price Base Measure,Unit Price Base Measure Unit,Variant Barcode,Image Src,Image Position,Image Alt Text,Gift Card,SEO Title,SEO Description,Variant Image,Variant Weight Unit,Variant Tax Code,Cost per item,Status
tajine-artisanal-peint-floral-elegant-39cm,Tajine Artisanal Peint Motif Floral Élégant 39 cm,"<p><strong>Tajine artisanal peint à la main</strong>, orné d'un motif floral élégant et coloré. Diamètre de 39 cm, une pièce raffinée de l'artisanat marocain.</p><ul>
<li>Diamètre : 39 cm</li>
<li>Peint à la main</li>
<li>Motif floral élégant</li>
</ul>",My Store,,Tajine,"artisanat marocain, peint main, poterie, tajine",true,Title,Default Title,,,,,,,,,2100.0,,100,deny,manual,24.95,,true,true,,,,,,https://cdn.shopify.com/s/files/1/0986/8535/4273/files/329.png?v=1785897074,1,Tajine Artisanal Peint Motif Floral Élégant 39 cm,false,,,,kg,,,active
tajine-artisanal-peint-feuilles-multicolores-32cm,Tajine Artisanal Peint Motif Feuilles Multicolores 32 cm,"<p><strong>Tajine artisanal peint à la main</strong>, orné d'un motif de feuilles multicolores. Diamètre de 32 cm, pièce décorative et fonctionnelle.</p><ul>
<li>Diamètre : 32 cm</li>
<li>Peint à la main</li>
<li>Motif de feuilles multicolores</li>
</ul>",My Store,,Tajine,"artisanat marocain, peint main, poterie, tajine",true,Title,Default Title,,,,,,,,,1600.0,,100,deny,manual,15.95,,true,true,,,,,,https://cdn.shopify.com/s/files/1/0986/8535/4273/files/330.png?v=1785897088,1,Tajine Artisanal Peint Motif Feuilles Multicolores 32 cm,false,,,,kg,,,active
tajine-artisanal-peint-geometrique-27cm,Tajine Artisanal Peint Motif Géométrique 27 cm,"<p><strong>Tajine artisanal peint à la main</strong>, orné d'un motif géométrique traditionnel. Diamètre de 27 cm, pièce décorative et fonctionnelle.</p><ul>
<li>Diamètre : 27 cm</li>
<li>Peint à la main</li>
<li>Motif géométrique traditionnel</li>
</ul>",My Store,,Tajine,"artisanat marocain, peint main, poterie, tajine",true,Title,Default Title,,,,,,,,,1300.0,,100,deny,manual,12.95,,true,true,,,,,,https://cdn.shopify.com/s/files/1/0986/8535/4273/files/331.png?v=1785897088,1,Tajine Artisanal Peint Motif Géométrique 27 cm,false,,,,kg,,,active
khabia-jarre-conservation-decoree-21cm,Khabia Jarre de Conservation Décorée 21 cm,"<p><strong>Khabia artisanale marocaine</strong>, jarre traditionnelle de conservation en terre cuite, richement décorée à la main avec couvercle assorti. Hauteur de 21 cm.</p><ul>
<li>Hauteur : 21 cm</li>
<li>Décoration peinte à la main</li>
<li>Fabrication artisanale marocaine</li>
</ul>",My Store,,Poterie,"artisanat marocain, jarre, khabia, poterie",true,Title,Default Title,,,,,,,,,1200.0,,100,deny,manual,8.99,,true,true,,,,,,https://cdn.shopify.com/s/files/1/0986/8535/4273/files/332.png?v=1785897088,1,Khabia Jarre de Conservation Décorée 21 cm,false,,,,kg,,,active
gesaa-couscous-peinte-49cm,Gesaa à Couscous Peinte 49 cm,"<p><strong>Gesaa artisanale marocaine</strong> peinte à la main, plat traditionnel utilisé pour servir le couscous. Diamètre de 49 cm, avec couvercle assorti.</p><ul>
<li>Diamètre : 49 cm</li>
<li>Peinte à la main</li>
<li>Traditionnellement utilisée pour le couscous</li>
</ul>",My Store,,Poterie,"artisanat marocain, couscous, gesaa, poterie",true,Title,Default Title,,,,,,,,,2800.0,,100,deny,manual,24.99,,true,true,,,,,,https://cdn.shopify.com/s/files/1/0986/8535/4273/files/333.png?v=1785897088,1,Gesaa à Couscous Peinte 49 cm,false,,,,kg,,,active
tajine-terre-cuite-naturelle-38cm,Tajine en Terre Cuite Naturelle 38 cm,"<p><strong>Tajine artisanal marocain</strong> en terre cuite naturelle, avec cerclage métallique. Diamètre de 38 cm, fabriqué à la main selon la tradition.</p><ul>
<li>Diamètre : 38 cm</li>
<li>Terre cuite naturelle artisanale</li>
<li>Fabrication traditionnelle marocaine</li>
</ul>",My Store,,Tajine,"artisanat marocain, poterie, tajine, terre cuite",true,Title,Default Title,,,,,,,,,2200.0,,100,deny,manual,19.99,,true,true,,,,,,https://cdn.shopify.com/s/files/1/0986/8535/4273/files/334.png?v=1785897088,1,Tajine en Terre Cuite Naturelle 38 cm,false,,,,kg,,,active
tajine-terre-cuite-cerclage-bois-emaille-43cm,Tajine en Terre Cuite Émaillée avec Cerclage et Poignées Bois 43 cm,"<p><strong>Tajine artisanal marocain</strong> en terre cuite émaillée, avec cerclage métallique et poignées en bois. Grand format de 43 cm, idéal pour les grandes tablées.</p><ul>
<li>Diamètre : 43 cm</li>
<li>Terre cuite émaillée</li>
<li>Cerclage métallique et poignées bois</li>
</ul>",My Store,,Tajine,"artisanat marocain, poterie, tajine, terre cuite",true,Title,Default Title,,,,,,,,,2600.0,,100,deny,manual,21.95,,true,true,,,,,,https://cdn.shopify.com/s/files/1/0986/8535/4273/files/335.png?v=1785897088,1,Tajine en Terre Cuite Émaillée avec Cerclage et Poignées Bois 43 cm,false,,,,kg,,,active
tajine-terre-cuite-naturelle-29cm,Tajine en Terre Cuite Naturelle 29 cm,"<p><strong>Tajine artisanal marocain</strong> en terre cuite naturelle, fabriqué à la main. Diamètre de 29 cm, idéal pour une cuisson traditionnelle.</p><ul>
<li>Diamètre : 29 cm</li>
<li>Terre cuite naturelle artisanale</li>
<li>Fabrication traditionnelle marocaine</li>
</ul>",My Store,,Tajine,"artisanat marocain, poterie, tajine, terre cuite",true,Title,Default Title,,,,,,,,,1400.0,,100,deny,manual,15.95,,true,true,,,,,,https://cdn.shopify.com/s/files/1/0986/8535/4273/files/336.png?v=1785897087,1,Tajine en Terre Cuite Naturelle 29 cm,false,,,,kg,,,active
tajine-terre-cuite-cerclage-bois-29cm,Tajine en Terre Cuite avec Cerclage et Poignées Bois 29 cm,"<p><strong>Tajine artisanal marocain</strong> en terre cuite, avec cerclage métallique et poignées en bois. Diamètre de 29 cm.</p><ul>
<li>Diamètre : 29 cm</li>
<li>Cerclage métallique et poignées bois</li>
<li>Fabrication traditionnelle marocaine</li>
</ul>",My Store,,Tajine,"artisanat marocain, poterie, tajine, terre cuite",true,Title,Default Title,,,,,,,,,1300.0,,100,deny,manual,14.95,,true,true,,,,,,https://cdn.shopify.com/s/files/1/0986/8535/4273/files/337.png?v=1785897088,1,Tajine en Terre Cuite avec Cerclage et Poignées Bois 29 cm,false,,,,kg,,,active
tajine-terre-cuite-cerclage-bois-26cm,Tajine en Terre Cuite avec Cerclage et Poignées Bois 26 cm,"<p><strong>Tajine artisanal marocain</strong> en terre cuite, avec cerclage métallique et poignées en bois. Diamètre de 26 cm.</p><ul>
<li>Diamètre : 26 cm</li>
<li>Cerclage métallique et poignées bois</li>
<li>Fabrication traditionnelle marocaine</li>
</ul>",My Store,,Tajine,"artisanat marocain, poterie, tajine, terre cuite",true,Title,Default Title,,,,,,,,,1100.0,,100,deny,manual,12.95,,true,true,,,,,,https://cdn.shopify.com/s/files/1/0986/8535/4273/files/338.png?v=1785897088,1,Tajine en Terre Cuite avec Cerclage et Poignées Bois 26 cm,false,,,,kg,,,active
tajine-terre-cuite-cerclage-bois-32cm,Tajine en Terre Cuite avec Cerclage et Poignées Bois 32 cm,"<p><strong>Tajine artisanal marocain</strong> en terre cuite, avec cerclage métallique et poignées en bois. Diamètre de 32 cm.</p><ul>
<li>Diamètre : 32 cm</li>
<li>Cerclage métallique et poignées bois</li>
<li>Fabrication traditionnelle marocaine</li>
</ul>",My Store,,Tajine,"artisanat marocain, poterie, tajine, terre cuite",true,Title,Default Title,,,,,,,,,1500.0,,100,deny,manual,14.99,,true,true,,,,,,https://cdn.shopify.com/s/files/1/0986/8535/4273/files/339.png?v=1785897088,1,Tajine en Terre Cuite avec Cerclage et Poignées Bois 32 cm,false,,,,kg,,,active
gsaa-peinte-etoile-petales-34cm,Gsaa Peinte Motif Étoile à Pétales 34 cm,"<p><strong>Gsaa artisanale marocaine</strong> peinte à la main, plat traditionnel utilisé pour servir le couscous ou les plats mijotés. Diamètre de 34 cm, orné d'un motif étoile à pétales colorés.</p><ul>
<li>Diamètre : 34 cm</li>
<li>Peinte à la main</li>
<li>Motif étoile à pétales</li>
</ul>",My Store,,Poterie,"artisanat marocain, couscous, gsaa, poterie",true,Title,Default Title,,,,,,,,,1600.0,,100,deny,manual,19.95,,true,true,,,,,,https://cdn.shopify.com/s/files/1/0986/8535/4273/files/340.png?v=1785897088,1,Gsaa Peinte Motif Étoile à Pétales 34 cm,false,,,,kg,,,active
gsaa-peinte-fleur-35cm,Gsaa Peinte Motif Fleur 35 cm,"<p><strong>Gsaa artisanale marocaine</strong> peinte à la main, plat traditionnel utilisé pour servir le couscous ou les plats mijotés. Diamètre de 35 cm, orné d'un motif floral délicat.</p><ul>
<li>Diamètre : 35 cm</li>
<li>Peinte à la main</li>
<li>Motif floral traditionnel</li>
</ul>",My Store,,Poterie,"artisanat marocain, couscous, gsaa, poterie",true,Title,Default Title,,,,,,,,,1600.0,,100,deny,manual,19.95,,true,true,,,,,,https://cdn.shopify.com/s/files/1/0986/8535/4273/files/341.png?v=1785897088,1,Gsaa Peinte Motif Fleur 35 cm,false,,,,kg,,,active
gsaa-peinte-etoile-florale-30cm,Gsaa Peinte Motif Étoile Florale 30 cm,"<p><strong>Gsaa artisanale marocaine</strong> peinte à la main, plat traditionnel utilisé pour servir le couscous ou les plats mijotés. Diamètre de 30 cm, orné d'un motif étoile florale coloré.</p><ul>
<li>Diamètre : 30 cm</li>
<li>Peinte à la main</li>
<li>Motif étoile florale traditionnel</li>
</ul>",My Store,,Poterie,"artisanat marocain, couscous, gsaa, poterie",true,Title,Default Title,,,,,,,,,1600.0,,100,deny,manual,25.95,,true,true,,,,,,https://cdn.shopify.com/s/files/1/0986/8535/4273/files/342.png?v=1785897088,1,Gsaa Peinte Motif Étoile Florale 30 cm,false,,,,kg,,,active
tajine-terre-cuite-emaillee,Tajine en Terre Cuite Émaillée,"<p><strong>Tajine artisanal marocain</strong> en terre cuite émaillée, fabriqué à la main selon la tradition marocaine. Un incontournable pour la cuisson mijotée.</p><ul>
<li>Terre cuite émaillée</li>
<li>Fabrication traditionnelle marocaine</li>
<li>Idéal pour la cuisson mijotée</li>
</ul>",My Store,,Tajine,"artisanat marocain, poterie, tajine, terre cuite",true,Title,Default Title,,,,,,,,,1900.0,,100,deny,manual,39.99,,true,true,,,,,,https://cdn.shopify.com/s/files/1/0986/8535/4273/files/343.png?v=1785897088,1,Tajine en Terre Cuite Émaillée,false,,,,kg,,,active
tajine-terre-cuite-cerclage-bois,Tajine en Terre Cuite avec Cerclage et Poignées Bois,"<p><strong>Tajine artisanal marocain</strong> en terre cuite, avec cerclage métallique et poignées en bois pour une manipulation plus sûre et pratique.</p><ul>
<li>Cerclage métallique renforcé</li>
<li>Poignées en bois</li>
<li>Fabrication traditionnelle marocaine</li>
</ul>",My Store,,Tajine,"artisanat marocain, poterie, tajine, terre cuite",true,Title,Default Title,,,,,,,,,1700.0,,100,deny,manual,23.95,,true,true,,,,,,https://cdn.shopify.com/s/files/1/0986/8535/4273/files/344.png?v=1785897088,1,Tajine en Terre Cuite avec Cerclage et Poignées Bois,false,,,,kg,,,active
mejmer-terre-cuite-35cm,Mejmer en Terre Cuite 35 cm,"<p><strong>Mejmer artisanal marocain</strong> en terre cuite naturelle, plat traditionnel à becs verseurs, fabriqué à la main. Diamètre de 35 cm.</p><ul>
<li>Diamètre : 35 cm</li>
<li>Terre cuite naturelle artisanale</li>
<li>Fabrication traditionnelle marocaine</li>
</ul>",My Store,,Poterie,"artisanat marocain, mejmer, poterie, terre cuite",true,Title,Default Title,,,,,,,,,2000.0,,100,deny,manual,23.95,,true,true,,,,,,https://cdn.shopify.com/s/files/1/0986/8535/4273/files/345.png?v=1785897088,1,Mejmer en Terre Cuite 35 cm,false,,,,kg,,,active
tajine-terre-cuite-naturelle-33cm,Tajine en Terre Cuite Naturelle 33 cm,"<p><strong>Tajine artisanal marocain</strong> en terre cuite naturelle, non émaillé, fabriqué à la main. Diamètre de 33 cm, idéal pour une cuisson traditionnelle au four ou sur feu doux.</p><ul>
<li>Diamètre : 33 cm</li>
<li>Terre cuite naturelle artisanale</li>
<li>Fabrication traditionnelle marocaine</li>
</ul>",My Store,,Tajine,"artisanat marocain, poterie, tajine, terre cuite",true,Title,Default Title,,,,,,,,,1800.0,,100,deny,manual,22.95,,true,true,,,,,,https://cdn.shopify.com/s/files/1/0986/8535/4273/files/346.png?v=1785897088,1,Tajine en Terre Cuite Naturelle 33 cm,false,,,,kg,,,active
plaque-msemen-aluminium-39cm,Plaque à Msemen en Aluminium 39 cm,"<p><strong>Plaque en aluminium</strong> traditionnelle avec poignées, idéale pour la cuisson du msemen, rghaif et crêpes marocaines. Diamètre de 39 cm.</p><ul>
<li>Diamètre : 39 cm</li>
<li>Aluminium épais et résistant</li>
<li>Poignées pratiques des deux côtés</li>
</ul>",My Store,,Ustensiles de cuisson,"aluminium, cuisine marocaine, msemen, plaque",true,Title,Default Title,,,,,,,,,1100.0,,100,deny,manual,23.95,,true,true,,,,,,https://cdn.shopify.com/s/files/1/0986/8535/4273/files/328.png?v=1785758164,1,Plaque à Msemen en Aluminium 39 cm,false,,,,kg,,,active
wok-marmite-inox-deux-poignees-34cm,Wok Marmite Inox à Deux Poignées 34 cm,"<p><strong>Wok/marmite en acier inoxydable</strong> avec deux poignées latérales, diamètre de 34 cm. Idéal pour cuisiner de grandes quantités.</p><ul>
<li>Diamètre : 34 cm</li>
<li>Acier inoxydable de qualité</li>
<li>Deux poignées pratiques</li>
</ul>",My Store,,Ustensiles de cuisson,"cuisine, inox, marmite, wok",true,Title,Default Title,,,,,,,,,1200.0,,100,deny,manual,13.99,,true,true,,,,,,https://cdn.shopify.com/s/files/1/0986/8535/4273/files/327.png?v=1785758164,1,Wok Marmite Inox à Deux Poignées 34 cm,false,,,,kg,,,active
poele-paella-quttin-36cm,Poêle à Paella Quttin 36 cm,"<p><strong>Poêle à paella Quttin</strong>, revêtement antiadhésif, compatible induction et tous types de feux. Diamètre de 36 cm, pour 6 portions.</p><ul>
<li>Diamètre : 36 cm (6 portions)</li>
<li>Revêtement antiadhésif</li>
<li>Compatible induction</li>
</ul>",Quttin,,Ustensiles de cuisson,"induction, paella, poêle, quttin",true,Title,Default Title,,,,,,,,,1050.0,,100,deny,manual,17.99,,true,true,,,,,,https://cdn.shopify.com/s/files/1/0986/8535/4273/files/326.png?v=1785758163,1,Poêle à Paella Quttin 36 cm,false,,,,kg,,,active
poele-paella-emaillee-36cm,Poêle à Paella Émaillée 36 cm,"<p><strong>Poêle à paella émaillée</strong> avec finition mouchetée et poignées métalliques. Diamètre de 36 cm, idéale pour préparer votre paella traditionnelle.</p><ul>
<li>Diamètre : 36 cm</li>
<li>Revêtement émaillé résistant</li>
<li>Poignées métalliques solides</li>
</ul>",My Store,,Ustensiles de cuisson,"cuisine, paella, poêle, émaillée",true,Title,Default Title,,,,,,,,,1100.0,,100,deny,manual,16.90,,true,true,,,,,,https://cdn.shopify.com/s/files/1/0986/8535/4273/files/325.png?v=1785758164,1,Poêle à Paella Émaillée 36 cm,false,,,,kg,,,active
poele-paella-quttin-32cm,Poêle à Paella Quttin 32 cm,"<p><strong>Poêle à paella Quttin</strong>, revêtement antiadhésif, compatible induction et tous types de feux. Diamètre de 32 cm, pour 4 portions.</p><ul>
<li>Diamètre : 32 cm (4 portions)</li>
<li>Revêtement antiadhésif</li>
<li>Compatible induction</li>
</ul>",Quttin,,Ustensiles de cuisson,"induction, paella, poêle, quttin",true,Title,Default Title,,,,,,,,,850.0,,100,deny,manual,15.99,,true,true,,,,,,https://cdn.shopify.com/s/files/1/0986/8535/4273/files/324.png?v=1785758164,1,Poêle à Paella Quttin 32 cm,false,,,,kg,,,active
poele-paella-emaillee-33cm,Poêle à Paella Émaillée 33 cm,"<p><strong>Poêle à paella émaillée</strong> avec finition mouchetée et poignées métalliques. Diamètre de 33 cm, idéale pour préparer votre paella traditionnelle.</p><ul>
<li>Diamètre : 33 cm</li>
<li>Revêtement émaillé résistant</li>
<li>Poignées métalliques solides</li>
</ul>",My Store,,Ustensiles de cuisson,"cuisine, paella, poêle, émaillée",true,Title,Default Title,,,,,,,,,900.0,,100,deny,manual,13.99,,true,true,,,,,,https://cdn.shopify.com/s/files/1/0986/8535/4273/files/323.png?v=1785758164,1,Poêle à Paella Émaillée 33 cm,false,,,,kg,,,active
plateau-rond-aluminium-nuraklar-44cm,Plateau Rond en Aluminium 44 cm,"<p><strong>Plateau rond en aluminium</strong> de la marque Nuraklar, idéal pour la cuisson ou le service. Diamètre de 44 cm.</p><ul>
<li>Diamètre : 44 cm</li>
<li>Aluminium de qualité</li>
<li>Bords hauts pour plus de polyvalence</li>
</ul>",Nuraklar,,Ustensiles de cuisson,"aluminium, cuisine, nuraklar, plateau",true,Title,Default Title,,,,,,,,,850.0,,100,deny,manual,11.90,,true,true,,,,,,https://cdn.shopify.com/s/files/1/0986/8535/4273/files/322.png?v=1785758164,1,Plateau Rond en Aluminium 44 cm Nuraklar,false,,,,kg,,,active
plateau-rond-aluminium-canalkor-40cm,Plateau Rond en Aluminium 40 cm,"<p><strong>Plateau rond en aluminium</strong> de la marque Canalkor, idéal pour la cuisson ou le service. Diamètre de 40 cm.</p><ul>
<li>Diamètre : 40 cm</li>
<li>Aluminium de qualité</li>
<li>Bords hauts pour plus de polyvalence</li>
</ul>",Canalkor,,Ustensiles de cuisson,"aluminium, canalkor, cuisine, plateau",true,Title,Default Title,,,,,,,,,700.0,,100,deny,manual,9.99,,true,true,,,,,,https://cdn.shopify.com/s/files/1/0986/8535/4273/files/321.png?v=1785758164,1,Plateau Rond en Aluminium 40 cm Canalkor,false,,,,kg,,,active
plaque-msemen-aluminium-46cm,Plaque à Msemen en Aluminium 46 cm,"<p><strong>Plaque en aluminium</strong> traditionnelle avec poignées, idéale pour la cuisson du msemen, rghaif et crêpes marocaines. Diamètre de 46 cm.</p><ul>
<li>Diamètre : 46 cm</li>
<li>Aluminium épais et résistant</li>
<li>Poignées pratiques des deux côtés</li>
</ul>",My Store,,Ustensiles de cuisson,"aluminium, cuisine marocaine, msemen, plaque",true,Title,Default Title,,,,,,,,,1300.0,,100,deny,manual,27.99,,true,true,,,,,,https://cdn.shopify.com/s/files/1/0986/8535/4273/files/320.png?v=1785758164,1,Plaque à Msemen en Aluminium 46 cm,false,,,,kg,,,active
plaque-msemen-aluminium-28cm,Plaque à Msemen en Aluminium 28 cm,"<p><strong>Plaque en aluminium</strong> traditionnelle avec poignées, idéale pour la cuisson du msemen, rghaif et crêpes marocaines. Diamètre de 28 cm.</p><ul>
<li>Diamètre : 28 cm</li>
<li>Aluminium épais et résistant</li>
<li>Poignées pratiques des deux côtés</li>
</ul>",My Store,,Ustensiles de cuisson,"aluminium, cuisine marocaine, msemen, plaque",true,Title,Default Title,,,,,,,,,600.0,,100,deny,manual,11.95,,true,true,,,,,,https://cdn.shopify.com/s/files/1/0986/8535/4273/files/319.png?v=1785758164,1,Plaque à Msemen en Aluminium 28 cm,false,,,,kg,,,active
plaque-msemen-aluminium-33cm,Plaque à Msemen en Aluminium 33 cm,"<p><strong>Plaque en aluminium</strong> traditionnelle avec poignées, idéale pour la cuisson du msemen, rghaif et crêpes marocaines. Diamètre de 33 cm.</p><ul>
<li>Diamètre : 33 cm</li>
<li>Aluminium épais et résistant</li>
<li>Poignées pratiques des deux côtés</li>
</ul>",My Store,,Ustensiles de cuisson,"aluminium, cuisine marocaine, msemen, plaque",true,Title,Default Title,,,,,,,,,750.0,,100,deny,manual,14.95,,true,true,,,,,,https://cdn.shopify.com/s/files/1/0986/8535/4273/files/318.png?v=1785758164,1,Plaque à Msemen en Aluminium 33 cm,false,,,,kg,,,active
plaque-msemen-aluminium-36cm,Plaque à Msemen en Aluminium 36 cm,"<p><strong>Plaque en aluminium</strong> traditionnelle avec poignées, idéale pour la cuisson du msemen, rghaif et crêpes marocaines. Diamètre de 36 cm.</p><ul>
<li>Diamètre : 36 cm</li>
<li>Aluminium épais et résistant</li>
<li>Poignées pratiques des deux côtés</li>
</ul>",My Store,,Ustensiles de cuisson,"aluminium, cuisine marocaine, msemen, plaque",true,Title,Default Title,,,,,,,,,900.0,,100,deny,manual,19.95,,true,true,,,,,,https://cdn.shopify.com/s/files/1/0986/8535/4273/files/317.png?v=1785758164,1,Plaque à Msemen en Aluminium 36 cm,false,,,,kg,,,active
poele-antiadhesive-granit-32cm-manche-rouge,Poêle Antiadhésive Granit 32 cm,"<p><strong>Poêle antiadhésive</strong> revêtement granit, diamètre de 32 cm, avec manche ergonomique rouge amovible. Convient à tous types de cuisson.</p><ul>
<li>Diamètre : 32 cm (33 cm avec bord)</li>
<li>Revêtement granit antiadhésif</li>
<li>Manche ergonomique rouge</li>
</ul>",My Store,,Ustensiles de cuisson,"antiadhésive, cuisine, granit, poêle",true,Title,Default Title,,,,,,,,,1200.0,,100,deny,manual,23.99,,true,true,,,,,,https://cdn.shopify.com/s/files/1/0986/8535/4273/files/316.png?v=1785758164,1,Poêle Antiadhésive Granit 32 cm,false,,,,kg,,,active
bouilloire-electrique-inox-rouge-royal-swiss-2l,Bouilloire Électrique Inox Rouge Royal Swiss 2L,"<p><strong>Bouilloire électrique</strong> Royal Swiss en acier inoxydable rouge, capacité de 2 litres. Chauffe rapide et design élégant pour votre cuisine.</p><ul>
<li>Capacité : 2 litres</li>
<li>Corps en inox coloris rouge</li>
<li>Arrêt automatique</li>
</ul>",Royal Swiss,,Petit électroménager,"bouilloire, cuisine, royal swiss, électroménager",true,Title,Default Title,,,,,,,,,900.0,,100,deny,manual,16.99,,true,true,,,,,,https://cdn.shopify.com/s/files/1/0986/8535/4273/files/315.png?v=1785758164,1,Bouilloire Électrique Inox Rouge Royal Swiss 2L,false,,,,kg,,,active
couscoussier-inox-schleizer-16l,Couscoussier Inox Schleizer 16L (2 Pièces),"<p><strong>Couscoussier en acier inoxydable</strong> Schleizer, capacité de 16 litres, composé de 2 pièces. Compatible avec toutes les sources de chaleur : gaz, électrique et céramique.</p><ul>
<li>Capacité : 16 litres</li>
<li>2 pièces (marmite + panier vapeur)</li>
<li>Compatible gaz, électrique, céramique</li>
</ul>",Schleizer,,Ustensiles de cuisson,"couscoussier, cuisine, inox, schleizer",true,Title,Default Title,,,,,,,,,4500.0,,100,deny,manual,49.50,,true,true,,,,,,https://cdn.shopify.com/s/files/1/0986/8535/4273/files/314.png?v=1785758164,1,Couscoussier Inox Schleizer 16L,false,,,,kg,,,active
couscoussier-inox-schleizer-12l,Couscoussier Inox Schleizer 12L (2 Pièces),"<p><strong>Couscoussier en acier inoxydable</strong> Schleizer, capacité de 12 litres, composé de 2 pièces. Compatible avec toutes les sources de chaleur : gaz, électrique et céramique.</p><ul>
<li>Capacité : 12 litres</li>
<li>2 pièces (marmite + panier vapeur)</li>
<li>Compatible gaz, électrique, céramique</li>
</ul>",Schleizer,,Ustensiles de cuisson,"couscoussier, cuisine, inox, schleizer",true,Title,Default Title,,,,,,,,,3500.0,,100,deny,manual,44.90,,true,true,,,,,,https://cdn.shopify.com/s/files/1/0986/8535/4273/files/313.png?v=1785758164,1,Couscoussier Inox Schleizer 12L,false,,,,kg,,,active
couscoussier-inox-schleizer-6l,Couscoussier Inox Schleizer 6L (2 Pièces),"<p><strong>Couscoussier en acier inoxydable</strong> Schleizer, capacité de 6 litres, composé de 2 pièces. Compatible avec toutes les sources de chaleur : gaz, électrique et céramique.</p><ul>
<li>Capacité : 6 litres</li>
<li>2 pièces (marmite + panier vapeur)</li>
<li>Compatible gaz, électrique, céramique</li>
</ul>",Schleizer,,Ustensiles de cuisson,"couscoussier, cuisine, inox, schleizer",true,Title,Default Title,,,,,,,,,2500.0,,100,deny,manual,39.99,,true,true,,,,,,https://cdn.shopify.com/s/files/1/0986/8535/4273/files/312.png?v=1785758164,1,Couscoussier Inox Schleizer 6L,false,,,,kg,,,active
caissettes-cupcakes-papier-lot-couleurs,Caissettes à Cupcakes en Papier (lot de 50),"<p><strong>Caissettes en papier</strong> pour cupcakes et muffins, disponibles en plusieurs coloris. Lot de 50 pièces, idéales pour vos pâtisseries maison.</p><ul>
<li>Lot de 50 caissettes</li>
<li>Plusieurs coloris disponibles</li>
<li>Papier alimentaire de qualité</li>
</ul>",My Store,,Pâtisserie,"caissettes, cupcakes, papier, pâtisserie",true,Title,Default Title,,,,,,,,,50.0,,100,deny,manual,0.90,,true,true,,,,,,https://cdn.shopify.com/s/files/1/0986/8535/4273/files/311.png?v=1785758164,1,Caissettes à Cupcakes en Papier Lot de 50,false,,,,kg,,,active
tajine-inox-bavary-8,Tajine en Inox Bavary #8,"<p><strong>Tajine en acier inoxydable</strong> de la marque Bavary, taille #8. Couvercle conique élégant, idéal pour la présentation et la cuisson de vos plats traditionnels.</p><ul>
<li>Modèle #8</li>
<li>Acier inoxydable de qualité</li>
<li>Couvercle conique avec poignée</li>
</ul>",Bavary,,Ustensiles de cuisson,"cuisine, inox, marocain, tajine",true,Title,Default Title,,,,,,,,,900.0,,100,deny,manual,25.00,,true,true,,,,,,https://cdn.shopify.com/s/files/1/0986/8535/4273/files/310.png?v=1785758164,1,Tajine en Inox Bavary #8,false,,,,kg,,,active
pichet-doseur-gradue-1l,Pichet Doseur Gradué 1L,"<p><strong>Pichet doseur gradué</strong> en plastique transparent, avec graduations en millilitres, grammes de sucre et de farine. Un indispensable pour la pâtisserie.</p><ul>
<li>Capacité : 1 litre</li>
<li>Graduations multiples (ml, g sucre, g farine)</li>
<li>Plastique transparent résistant</li>
</ul>",My Store,,Ustensiles,"cuisine, doseur, pichet, pâtisserie",true,Title,Default Title,,,,,,,,,200.0,,100,deny,manual,2.50,,true,true,,,,,,https://cdn.shopify.com/s/files/1/0986/8535/4273/files/309.png?v=1785758164,1,Pichet Doseur Gradué 1L,false,,,,kg,,,active
presse-agrumes-pichet-doseur,Presse-Agrumes avec Pichet Doseur,"<p><strong>Presse-agrumes</strong> avec pichet doseur gradué intégré, pratique pour préparer vos jus de fruits frais tout en mesurant les quantités.</p><ul>
<li>Presse-agrumes amovible</li>
<li>Pichet gradué intégré</li>
<li>Poignée ergonomique</li>
</ul>",My Store,,Ustensiles,"cuisine, jus, presse-agrumes, ustensile",true,Title,Default Title,,,,,,,,,300.0,,100,deny,manual,2.49,,true,true,,,,,,https://cdn.shopify.com/s/files/1/0986/8535/4273/files/308.png?v=1785758164,1,Presse-Agrumes avec Pichet Doseur,false,,,,kg,,,active
rape-legumes-4-faces-multi-usages,Râpe à Légumes 4 Faces Multi-Usages,"<p><strong>Râpe multi-usages à 4 faces</strong>, idéale pour râper légumes, fromage et fruits. Poignée ergonomique avec compartiment de rangement intégré.</p><ul>
<li>4 faces de râpage différentes</li>
<li>Poignée ergonomique</li>
<li>Compartiment de rangement intégré</li>
</ul>",My Store,,Ustensiles,"cuisine, légumes, râpe, ustensile",true,Title,Default Title,,,,,,,,,200.0,,100,deny,manual,3.95,,true,true,,,,,,https://cdn.shopify.com/s/files/1/0986/8535/4273/files/307.png?v=1785758164,1,Râpe à Légumes 4 Faces Multi-Usages,false,,,,kg,,,active
plateau-service-noir-floral-30x40,Plateau de Service Noir Motif Floral,"<p>Élégant <strong>plateau de service</strong> noir orné d'un motif floral doré, avec poignées intégrées. Dimensions : 30x40 cm. Parfait pour servir boissons et collations.</p><ul>
<li>Dimensions : 30x40 cm</li>
<li>Motif floral décoratif</li>
<li>Poignées pratiques intégrées</li>
</ul>",My Store,,Décoration,"décoration, plateau, service, table",true,Title,Default Title,,,,,,,,,400.0,,100,deny,manual,4.50,,true,true,,,,,,https://cdn.shopify.com/s/files/1/0986/8535/4273/files/306.png?v=1785758164,1,Plateau de Service Noir Motif Floral,false,,,,kg,,,active
panier-egouttoir-rose-poignees-30cm,Panier Égouttoir Rose avec Poignées,"<p><strong>Panier égouttoir</strong> en plastique rose avec grandes poignées, idéal pour égoutter et laver fruits et légumes. Diamètre de 30 cm.</p><ul>
<li>Diamètre : 30 cm</li>
<li>Poignées ergonomiques</li>
<li>Fond perforé pour l'égouttage</li>
</ul>",My Store,,Ustensiles,"cuisine, légumes, panier, égouttoir",true,Title,Default Title,,,,,,,,,250.0,,100,deny,manual,3.75,,true,true,,,,,,https://cdn.shopify.com/s/files/1/0986/8535/4273/files/305.png?v=1785758164,1,Panier Égouttoir Rose avec Poignées,false,,,,kg,,,active
corbeille-fruits-ajouree-taupe-32cm,Corbeille à Fruits Ajourée Taupe,"<p>Élégante <strong>corbeille à fruits</strong> ajourée de couleur taupe, au design moderne. Diamètre de 32 cm, parfaite pour la présentation de vos fruits et légumes.</p><ul>
<li>Diamètre : 32 cm</li>
<li>Design ajouré élégant</li>
<li>Coloris taupe tendance</li>
</ul>",My Store,,Cuisine,"corbeille, cuisine, décoration, fruits",true,Title,Default Title,,,,,,,,,250.0,,100,deny,manual,3.99,,true,true,,,,,,https://cdn.shopify.com/s/files/1/0986/8535/4273/files/304.png?v=1785758164,1,Corbeille à Fruits Ajourée Taupe,false,,,,kg,,,active
panier-corbeille-carre-rouge-poignee-40x32,Panier Corbeille Carré Rouge avec Poignée,"<p><strong>Panier corbeille carré rouge</strong> ajouré avec poignée intégrée, idéal pour ranger fruits, légumes ou objets du quotidien. Dimensions : 40x32 cm.</p><ul>
<li>Dimensions : 40x32 cm</li>
<li>Poignée pratique</li>
<li>Design ajouré moderne</li>
</ul>",Merwy,,Rangement,"corbeille, panier, plastique, rangement",true,Title,Default Title,,,,,,,,,300.0,,100,deny,manual,4.50,,true,true,,,,,,https://cdn.shopify.com/s/files/1/0986/8535/4273/files/303.png?v=1785758164,1,Panier Corbeille Carré Rouge avec Poignée,false,,,,kg,,,active
petit-panier-dore-citrons-decoratifs,Petit Panier Doré Décoratif,"<p>Charmant <strong>petit panier doré</strong> décoratif, parfait pour agrémenter votre table ou votre intérieur avec une touche d'élégance.</p><ul>
<li>Finition dorée</li>
<li>Idéal pour la décoration de table</li>
<li>Petit format pratique</li>
</ul>",My Store,,Décoration,"doré, décoration, panier, table",true,Title,Default Title,,,,,,,,,150.0,,100,deny,manual,3.99,,true,true,,,,,,https://cdn.shopify.com/s/files/1/0986/8535/4273/files/302.png?v=1785758164,1,Petit Panier Doré Décoratif,false,,,,kg,,,active
balayette-pelle-brosse-york,Balayette et Pelle avec Brosse,"<p>Ensemble <strong>balayette et pelle</strong> pratique pour le nettoyage quotidien de votre intérieur. Design compact avec brosse intégrée pour un rangement facile.</p><ul>
<li>Pelle et balayette assorties</li>
<li>Design compact et pratique</li>
<li>Idéal pour un nettoyage rapide</li>
</ul>",York,,Ménage,"balayette, ménage, nettoyage, pelle",true,Title,Default Title,,,,,,,,,200.0,,100,deny,manual,3.50,,true,true,,,,,,https://cdn.shopify.com/s/files/1/0986/8535/4273/files/301.png?v=1785758163,1,Balayette et Pelle avec Brosse York,false,,,,kg,,,active
grille-barbecue-pliante-manche-schleizer,Grille Barbecue Pliante avec Manche,"<p><strong>Grille barbecue pliante</strong> de la marque Schleizer, avec manche isolant pour une prise en main sécurisée. Parfaite pour légumes, poissons et viandes.</p><ul>
<li>Manche avec poignée isolante</li>
<li>Acier inoxydable</li>
<li>Pliable et facile à ranger</li>
</ul>",Schleizer,,Barbecue,"barbecue, cuisson, grille, schleizer",true,Title,Default Title,,,,,,,,,300.0,,100,deny,manual,6.50,,true,true,,,,,,https://cdn.shopify.com/s/files/1/0986/8535/4273/files/300.png?v=1785758164,1,Grille Barbecue Pliante avec Manche Schleizer,false,,,,kg,,,active
crepiere-electrique-tristar-bp2637-30cm,Crêpière Électrique Tristar 30 cm,"<p>La <strong>crêpière électrique Tristar BP-2637</strong> vous permet de préparer de délicieuses crêpes maison en toute simplicité. Plaque de 30 cm de diamètre avec thermostat réglable.</p><ul>
<li>Diamètre de cuisson : 30 cm</li>
<li>Thermostat réglable</li>
<li>Voyants lumineux marche/arrêt</li>
</ul>",Tristar,,Petit électroménager,"crêpière, cuisine, tristar, électroménager",true,Title,Default Title,,,,,,,,,1500.0,,100,deny,manual,28.00,,true,true,,,,,,https://cdn.shopify.com/s/files/1/0986/8535/4273/files/299.png?v=1785758164,1,Crêpière Électrique Tristar 30 cm,false,,,,kg,,,active
grille-barbecue-rectangulaire-pliante-alamacom,Grille Barbecue Rectangulaire Pliante,"<p><strong>Grille de cuisson pour barbecue</strong>, grand modèle, spécialement conçue pour la cuisson de la viande. Pratique et facile à manier grâce à sa poignée.</p><ul>
<li>Grand modèle</li>
<li>Acier inoxydable</li>
<li>Idéale pour viandes et grillades</li>
</ul>",Alamacom,,Barbecue,"barbecue, cuisson, grille, viande",true,Title,Default Title,,,,,,,,,250.0,,100,deny,manual,5.49,,true,true,,,,,,https://cdn.shopify.com/s/files/1/0986/8535/4273/files/298.png?v=1785758163,1,Grille Barbecue Rectangulaire Pliante Alamacom,false,,,,kg,,,active
brochettes-barbecue-inox-12-pieces-kenz,Brochettes Barbecue Inox 12 Pièces,"<p>Lot de <strong>12 brochettes en acier inoxydable</strong> avec poignées en bois, idéales pour préparer vos grillades et barbecues en toute simplicité.</p><ul>
<li>12 pièces incluses</li>
<li>Tiges en inox résistant</li>
<li>Poignées ergonomiques en bois</li>
</ul>",Kenz,,Barbecue,"barbecue, brochettes, cuisine, grillade",true,Title,Default Title,,,,,,,,,300.0,,100,deny,manual,5.50,,true,true,,,,,,https://cdn.shopify.com/s/files/1/0986/8535/4273/files/297.png?v=1785758163,1,Brochettes Barbecue Inox 12 Pièces Kenz,false,,,,kg,,,active
autocuiseur-riz-electrique-royal-swiss-violet-2-8l,Autocuiseur à Riz Électrique Royal Swiss Violet 2.8L,"<p><strong>Autocuiseur à riz électrique Royal Swiss</strong>, gamme Automatic Deluxe, coloris violet, capacité 2.8L. Pratique et automatique, il cuit votre riz à la perfection à chaque utilisation, sans surveillance nécessaire.</p>",Royal Swiss,,Cuiseur à riz,"bazar, cuiseur riz, cuisine, electromenager",true,Title,Default Title,,,,,,,,,2000.0,,10,deny,manual,39.99,,true,true,,,,,,https://cdn.shopify.com/s/files/1/0986/8535/4273/files/296.png?v=1785755230,1,Autocuiseur à Riz Électrique Royal Swiss Violet 2.8L,false,,,,g,,,active
grill-electrique-ems-pizza-pan-set,Grill Électrique EMS Pizza Pan Set,"<p><strong>Grill électrique multifonction EMS</strong>, le Pizza Pan Set original : un seul appareil pour cuisiner de multiples façons (casserole, barbecue, grill/plancha, friteuse, cuisson mijotée). Livré avec couvercle en verre. Pratique et polyvalent pour toute la famille.</p>",EMS,,Grill électrique,"bazar, cuisine, electromenager, grill electrique",true,Title,Default Title,,,,,,,,,2500.0,,10,deny,manual,0.00,,true,true,,,,,,https://cdn.shopify.com/s/files/1/0986/8535/4273/files/295.png?v=1785755231,1,Grill Électrique EMS Pizza Pan Set,false,,,,g,,,active
set-ustensiles-cuisine-inox-support-rotatif,Set d'Ustensiles de Cuisine Inox sur Support Rotatif,"<p><strong>Set d'ustensiles de cuisine en acier inoxydable</strong> présenté sur un support rotatif pratique. Comprend les indispensables (spatule, louche, écumoire, cuillère...) pour équiper votre cuisine avec style et fonctionnalité.</p>",My Store,,Set d'ustensiles,"bazar, coffret, inox, ustensiles cuisine",true,Title,Default Title,,,,,,,,,1200.0,,10,deny,manual,19.50,,true,true,,,,,,https://cdn.shopify.com/s/files/1/0986/8535/4273/files/294.png?v=1785755230,1,Set d'Ustensiles de Cuisine Inox sur Support Rotatif,false,,,,g,,,active
robot-hachoir-manuel-bako-swiss,Robot Hachoir Manuel Bako Swiss,"<p><strong>Robot hachoir manuel Bako Swiss</strong> à lames en acier inoxydable, idéal pour hacher, mixer et préparer rapidement fruits, légumes et farces. Pratique et sans électricité, il facilite la préparation de vos recettes en 2 minutes.</p>",Bako Swiss,,Hachoir manuel,"bazar, cuisine, hachoir, robot manuel",true,Title,Default Title,,,,,,,,,800.0,,10,deny,manual,9.50,,true,true,,,,,,https://cdn.shopify.com/s/files/1/0986/8535/4273/files/293.png?v=1785755230,1,Robot Hachoir Manuel Bako Swiss,false,,,,g,,,active
cafetiere-tristar-cm-1245,Cafetière Filtre Tristar CM-1245 1.25L,"<p><strong>Cafetière filtre Tristar</strong> modèle CM-1245, capacité 1.25L (10 à 12 tasses), avec arrêt automatique. Simple d'utilisation et pratique au quotidien pour préparer votre café avec la verseuse en verre incluse.</p>",Tristar,,Cafetière,"bazar, cafetiere, cuisine, electromenager",true,Title,Default Title,,,,,,,,,2200.0,,10,deny,manual,0.00,,true,true,,,,,,https://cdn.shopify.com/s/files/1/0986/8535/4273/files/292.png?v=1785755230,1,Cafetière Filtre Tristar CM-1245 1.25L,false,,,,g,,,active
plateau-fruits-dore-3-etages-p917,Plateau à Fruits Doré 3 Compartiments P917,"<p>Élégant <strong>plateau à fruits en métal doré</strong> ajouré, à 3 compartiments et poignée centrale, modèle P917. Parfait pour présenter fruits, fruits secs ou mignardises avec style lors de vos réceptions.</p>",My Store,,Plateau à fruits,"art de la table, bazar, decoration, dore, plateau fruits",true,Title,Default Title,,,,,,,,,900.0,,10,deny,manual,19.99,,true,true,,,,,,https://cdn.shopify.com/s/files/1/0986/8535/4273/files/290.png?v=1785755231,1,Plateau à Fruits Doré 3 Compartiments P917,false,,,,g,,,active
tajine-bavary-inox-6,Tajine Bavary Inox #6,"<p><strong>Tajine en acier inoxydable Bavary</strong>, modèle #6, avec couvercle bombé et plat de service assorti. Idéal pour préparer et servir vos tajines marocains traditionnels avec authenticité et élégance sur votre table.</p>",Bavary,,Tajine,"bazar, cuisine, inox, maroc, tajine",true,Title,Default Title,,,,,,,,,1500.0,,10,deny,manual,17.95,,true,true,,,,,,https://cdn.shopify.com/s/files/1/0986/8535/4273/files/289.png?v=1785755230,1,Tajine Bavary Inox #6,false,,,,g,,,active
sauteuse-schleizer-violet-32cm-7l,Sauteuse Schleizer Violet Granite 32cm/7L,"<p>Grande <strong>sauteuse Schleizer</strong> en aluminium à revêtement granite violet antiadhésif, diamètre 32cm, capacité 7L. Compatible induction, livrée avec couvercle en verre. Idéale pour cuisiner en famille ou entre amis.</p>",Schleizer,,Sauteuse,"antiadhesif, bazar, cuisine, induction, sauteuse",true,Title,Default Title,,,,,,,,,2400.0,,10,deny,manual,28.95,,true,true,,,,,,https://cdn.shopify.com/s/files/1/0986/8535/4273/files/288.png?v=1785755230,1,Sauteuse Schleizer Violet Granite 32cm/7L,false,,,,g,,,active
sauteuse-schleizer-rose-32cm-7l,Sauteuse Schleizer Rose Granite 32cm/7L,"<p>Grande <strong>sauteuse Schleizer</strong> en aluminium à revêtement granite rose antiadhésif, diamètre 32cm, capacité 7L. Compatible induction, livrée avec couvercle en verre. Idéale pour cuisiner en famille ou entre amis.</p>",Schleizer,,Sauteuse,"antiadhesif, bazar, cuisine, induction, sauteuse",true,Title,Default Title,,,,,,,,,2400.0,,10,deny,manual,28.95,,true,true,,,,,,https://cdn.shopify.com/s/files/1/0986/8535/4273/files/287.png?v=1785755230,1,Sauteuse Schleizer Rose Granite 32cm/7L,false,,,,g,,,active
sauteuse-schleizer-violet-24cm-3l,Sauteuse Schleizer Violet Granite 24cm/3L,"<p><strong>Sauteuse Schleizer</strong> en aluminium à revêtement granite violet antiadhésif, diamètre 24cm, capacité 3L. Compatible induction, livrée avec couvercle en verre. Marque européenne de qualité pour une cuisine saine et pratique au quotidien.</p>",Schleizer,,Sauteuse,"antiadhesif, bazar, cuisine, induction, sauteuse",true,Title,Default Title,,,,,,,,,1800.0,,10,deny,manual,20.95,,true,true,,,,,,https://cdn.shopify.com/s/files/1/0986/8535/4273/files/286.png?v=1785755230,1,Sauteuse Schleizer Violet Granite 24cm/3L,false,,,,g,,,active
sauteuse-schleizer-rose-24cm-3l,Sauteuse Schleizer Rose Granite 24cm/3L,"<p><strong>Sauteuse Schleizer</strong> en aluminium à revêtement granite rose antiadhésif, diamètre 24cm, capacité 3L. Compatible induction, livrée avec couvercle en verre. Marque européenne de qualité pour une cuisine saine et pratique au quotidien.</p>",Schleizer,,Sauteuse,"antiadhesif, bazar, cuisine, induction, sauteuse",true,Title,Default Title,,,,,,,,,1800.0,,10,deny,manual,20.95,,true,true,,,,,,https://cdn.shopify.com/s/files/1/0986/8535/4273/files/285.png?v=1785755230,1,Sauteuse Schleizer Rose Granite 24cm/3L,false,,,,g,,,active
autocuiseur-royal-swiss-rs-dsc-4a,Autocuiseur Royal Swiss Inox RS-DSC-4A avec Couvercle Verre,"<p><strong>Autocuiseur Royal Swiss</strong> en acier inoxydable, modèle RS-DSC-4A, livré avec un couvercle en verre et une plaque de cuisson supplémentaire. Doté d'une soupape de sécurité à 3 vitesses et d'une valve anti-explosion, il convient à toutes les sources de chaleur. Compatible lave-vaisselle.</p>",Royal Swiss,,Autocuiseur,"autocuiseur, bazar, cocotte minute, cuisine, inox",true,Title,Default Title,,,,,,,,,3800.0,,10,deny,manual,55.00,,true,true,,,,,,https://cdn.shopify.com/s/files/1/0986/8535/4273/files/284.png?v=1785755231,1,Autocuiseur Royal Swiss Inox RS-DSC-4A avec Couvercle Verre,false,,,,g,,,active
autocuiseur-royal-swiss-rs-csa26-8,Autocuiseur Royal Swiss Inox RS-CSA26-8,"<p><strong>Autocuiseur Royal Swiss</strong> en acier inoxydable de haute qualité, grand modèle RS-CSA26-8. Doté d'une soupape de sécurité, d'un noyau en cuivre et d'une poignée en bakélite, il convient à toutes les sources de chaleur (induction, gaz, électrique, vitrocéramique). Compatible lave-vaisselle.</p>",Royal Swiss,,Autocuiseur,"autocuiseur, bazar, cocotte minute, cuisine, inox",true,Title,Default Title,,,,,,,,,3500.0,,10,deny,manual,49.99,,true,true,,,,,,https://cdn.shopify.com/s/files/1/0986/8535/4273/files/283.png?v=1785755231,1,Autocuiseur Royal Swiss Inox RS-CSA26-8,false,,,,g,,,active
autocuiseur-royal-swiss-rs-csa22-4,Autocuiseur Royal Swiss Inox RS-CSA22-4,"<p><strong>Autocuiseur Royal Swiss</strong> en acier inoxydable de haute qualité, modèle RS-CSA22-4. Doté d'une soupape de sécurité, d'un noyau en cuivre et d'une poignée en bakélite, il convient à toutes les sources de chaleur (induction, gaz, électrique, vitrocéramique). Compatible lave-vaisselle.</p>",Royal Swiss,,Autocuiseur,"autocuiseur, bazar, cocotte minute, cuisine, inox",true,Title,Default Title,,,,,,,,,3000.0,,10,deny,manual,39.99,,true,true,,,,,,https://cdn.shopify.com/s/files/1/0986/8535/4273/files/282.png?v=1785755230,1,Autocuiseur Royal Swiss Inox RS-CSA22-4,false,,,,g,,,active
support-filaire-chrome-cube,Support Filaire Chromé en Cube,"<p><strong>Support décoratif filaire en métal chromé</strong>, de forme cubique, idéal comme présentoir, étagère d'appoint ou support pour vitrine et centre de table. Design moderne et épuré.</p>",My Store,,Présentoir,"bazar, chrome, decoration, presentoir",true,Title,Default Title,,,,,,,,,500.0,,10,deny,manual,4.99,,true,true,,,,,,https://cdn.shopify.com/s/files/1/0986/8535/4273/files/281.png?v=1785755231,1,Support Filaire Chromé en Cube,false,,,,g,,,active
plateau-miroir-poignees-argentees-50x30,Plateau Miroir avec Poignées Argentées 50x30cm,"<p>Élégant <strong>plateau miroir</strong> encadré de métal argenté avec poignées décoratives, format 50x30cm. Parfait pour présenter vos parfums, bougies ou objets de décoration avec style sur une console ou un plateau de service.</p>",My Store,,Plat de service,"argente, bazar, decoration, miroir, plateau",true,Title,Default Title,,,,,,,,,1300.0,,10,deny,manual,13.99,,true,true,,,,,,https://cdn.shopify.com/s/files/1/0986/8535/4273/files/280.png?v=1785755231,1,Plateau Miroir avec Poignées Argentées 50x30cm,false,,,,g,,,active
bruleencens-dore-conique-pied-mini,Brûle-Encens Doré Conique sur Pied Mini,"<p>Petit <strong>brûle-encens doré en forme de cône</strong> à l'ouverture en forme de cœur, serti d'une pierre décorative et reposant sur un piètement tripode. Format compact, idéal pour parfumer une petite pièce avec du bakhour ou de l'encens traditionnel.</p>",My Store,,Brûle-encens,"bakhour, bazar, bruleparfum, decoration, dore, encens",true,Title,Default Title,,,,,,,,,400.0,,10,deny,manual,4.99,,true,true,,,,,,https://cdn.shopify.com/s/files/1/0986/8535/4273/files/279.png?v=1785755229,1,Brûle-Encens Doré Conique sur Pied Mini,false,,,,g,,,active
bruleencens-dore-conique-pied-violet,Brûle-Encens Doré Conique sur Pied Modèle Coeur,"<p><strong>Brûle-encens doré en forme de cône</strong> à l'ouverture en forme de cœur, serti d'une pierre décorative et reposant sur un piètement tripode. Idéal pour parfumer votre intérieur avec du bakhour ou de l'encens traditionnel.</p>",My Store,,Brûle-encens,"bakhour, bazar, bruleparfum, decoration, dore, encens",true,Title,Default Title,,,,,,,,,500.0,,10,deny,manual,39.00,,true,true,,,,,,https://cdn.shopify.com/s/files/1/0986/8535/4273/files/278.png?v=1785755230,1,Brûle-Encens Doré Conique sur Pied Modèle Coeur,false,,,,g,,,active
bruleencens-dore-conique-pied-etoile,Brûle-Encens Doré Conique sur Pied Modèle Étoilé,"<p><strong>Brûle-encens doré en forme de cône</strong>, orné de pierres décoratives et reposant sur un piètement tripode élégant. Idéal pour parfumer votre intérieur avec du bakhour ou de l'encens traditionnel.</p>",My Store,,Brûle-encens,"bakhour, bazar, bruleparfum, decoration, dore, encens",true,Title,Default Title,,,,,,,,,500.0,,10,deny,manual,19.99,,true,true,,,,,,https://cdn.shopify.com/s/files/1/0986/8535/4273/files/277.png?v=1785755229,1,Brûle-Encens Doré Conique sur Pied Modèle Étoilé,false,,,,g,,,active
bruleencens-argente-ajoure-feuille,Brûle-Encens Argenté Ajouré Motif Feuille,"<p><strong>Brûle-encens en métal argenté</strong> à la silhouette élancée, orné de motifs en forme de feuilles ajourées et d'une base sertie de perles. Une pièce décorative raffinée pour parfumer votre intérieur.</p>",My Store,,Brûle-encens,"argente, bazar, bruleparfum, decoration, encens",true,Title,Default Title,,,,,,,,,600.0,,10,deny,manual,45.00,,true,true,,,,,,https://cdn.shopify.com/s/files/1/0986/8535/4273/files/276.png?v=1785755230,1,Brûle-Encens Argenté Ajouré Motif Feuille,false,,,,g,,,active
bruleencens-electrique-argente-ajoure,Brûle-Encens Électrique Argenté Ajouré,"<p><strong>Brûle-encens électrique en métal argenté</strong> finement ajouré, orné de motifs floraux. Fonctionne sur secteur pour diffuser délicatement vos parfums d'ambiance. Une pièce décorative alliant tradition et praticité.</p>",My Store,,Brûle-encens,"argente, bazar, bruleparfum, decoration, encens",true,Title,Default Title,,,,,,,,,700.0,,10,deny,manual,12.99,,true,true,,,,,,https://cdn.shopify.com/s/files/1/0986/8535/4273/files/275.png?v=1785755229,1,Brûle-Encens Électrique Argenté Ajouré,false,,,,g,,,active
bol-turquoise-support-dore-motif-marbre,Bol Turquoise sur Support Doré Motif Marbre,<p>Élégant <strong>bol en céramique turquoise</strong> présenté sur un support en métal doré à la base effet marbre noir et or. Une pièce décorative qui peut aussi servir de coupe à fruits ou de vide-poche.</p>,My Store,,Bol décoratif,"bazar, bol, decoration, dore",true,Title,Default Title,,,,,,,,,1000.0,,10,deny,manual,11.95,,true,true,,,,,,https://cdn.shopify.com/s/files/1/0986/8535/4273/files/274.png?v=1785755228,1,Bol Turquoise sur Support Doré Motif Marbre,false,,,,g,,,active
chariot-decoratif-dore-roulettes-bruleencens-pots,Chariot Décoratif Doré à Roulettes avec Brûle-Encens et Pots,"<p>Élégant <strong>chariot décoratif en métal doré ajouré</strong>, monté sur roulettes et équipé d'un brûle-encens central ainsi que de deux pots de rangement assortis. Une pièce raffinée pour votre salon ou votre coin thé.</p>",My Store,Maison et jardin > Décorations > Plateaux décoratifs,Chariot décoratif,"bazar, bruleparfum, decoration, dore",true,Title,Default Title,,,,,,,,,1200.0,,10,deny,manual,9.99,,true,true,,,,,,https://cdn.shopify.com/s/files/1/0986/8535/4273/files/273.png?v=1785755228,1,Chariot Décoratif Doré à Roulettes avec Brûle-Encens et Pots,false,,,,g,,,active
coffret-bijoux-dore-filigrane-rond,Coffret Bijoux Doré Filigrane Rond,"<p>Somptueux <strong>coffret à bijoux en métal doré</strong>, orné de motifs filigranes floraux et de strass. Son couvercle bombé ajouré s'ouvre pour révéler un intérieur gravé. Parfait pour ranger bijoux et petits objets précieux avec élégance.</p>",My Store,,Boîte à bijoux,"bazar, boite bijoux, decoration, dore",true,Title,Default Title,,,,,,,,,600.0,,10,deny,manual,9.99,,true,true,,,,,,https://cdn.shopify.com/s/files/1/0986/8535/4273/files/272.png?v=1785755228,1,Coffret Bijoux Doré Filigrane Rond,false,,,,g,,,active
broyeur-multi-usages-swissline-150g,Broyeur Multi-Usages Swiss Line 150g,"<p><strong>Broyeur multi-usages Swiss Line</strong>, puissance 950W, vitesse 28000 tr/min, capacité 150g. Idéal pour moudre épices, café, céréales et fruits secs. Corps en acier inoxydable, engrenages métalliques et moteur professionnel longue durée avec verrouillage de sécurité.</p>",Swiss Line,,Broyeur,"bazar, broyeur, cuisine, electromenager, epices",true,Title,Default Title,,,,,,,,,1500.0,,10,deny,manual,9.99,,true,true,,,,,,https://cdn.shopify.com/s/files/1/0986/8535/4273/files/271.png?v=1785755228,1,Broyeur Multi-Usages Swiss Line 150g,false,,,,g,,,active
plateau-rectangulaire-blanc-uni-50x30-a,Plateau Rectangulaire Blanc Uni 50x30cm,"<p><strong>Plateau rectangulaire blanc uni</strong>, format 50x30cm, au design sobre et polyvalent. Idéal pour servir vos plats, pâtisseries ou en présentation lors de vos réceptions.</p>",My Store,,Plat de service,"art de la table, bazar, plat, plateau",true,Title,Default Title,,,,,,,,,1100.0,,10,deny,manual,13.99,,true,true,,,,,,https://cdn.shopify.com/s/files/1/0986/8535/4273/files/270.png?v=1785755229,1,Plateau Rectangulaire Blanc Uni 50x30cm,false,,,,g,,,active
plateau-rectangulaire-blanc-uni-71x45,Plateau Rectangulaire Blanc Uni 71x45cm,"<p>Très grand <strong>plateau rectangulaire blanc uni</strong>, format 71x45cm, au design sobre et élégant. Idéal pour servir vos plats et pâtisseries lors de grandes réceptions ou buffets.</p>",My Store,,Plat de service,"art de la table, bazar, plat, plateau",true,Title,Default Title,,,,,,,,,1600.0,,10,deny,manual,19.95,,true,true,,,,,,https://cdn.shopify.com/s/files/1/0986/8535/4273/files/269.png?v=1785755198,1,Plateau Rectangulaire Blanc Uni 71x45cm,false,,,,g,,,active
plateau-blanc-uni-45x45-b,Plateau Blanc Uni 45x45cm,"<p><strong>Plateau blanc uni</strong>, format 45x45cm, au design sobre et polyvalent. Idéal pour servir vos plats, pâtisseries ou en présentation lors de vos réceptions.</p>",My Store,,Plat de service,"art de la table, bazar, plat, plateau",true,Title,Default Title,,,,,,,,,1000.0,,10,deny,manual,14.99,,true,true,,,,,,https://cdn.shopify.com/s/files/1/0986/8535/4273/files/268.png?v=1785755198,1,Plateau Blanc Uni 45x45cm,false,,,,g,,,active
plateau-carre-blanc-uni-45x45,Plateau Carré Blanc Uni 45x45cm,"<p><strong>Plateau carré blanc uni</strong>, grand format 45x45cm, au design épuré et intemporel. Idéal pour servir vos plats, pâtisseries ou en présentation lors de vos grandes réceptions.</p>",My Store,,Plat de service,"art de la table, bazar, plat, plateau",true,Title,Default Title,,,,,,,,,1000.0,,10,deny,manual,18.95,,true,true,,,,,,https://cdn.shopify.com/s/files/1/0986/8535/4273/files/267.png?v=1785755198,1,Plateau Carré Blanc Uni 45x45cm,false,,,,g,,,active
plateau-carre-blanc-uni-40x40,Plateau Carré Blanc Uni 40x40cm,"<p><strong>Plateau carré blanc uni</strong>, format 40x40cm, au design épuré et intemporel. Idéal pour servir vos plats, pâtisseries ou en présentation lors de vos réceptions.</p>",My Store,,Plat de service,"art de la table, bazar, plat, plateau",true,Title,Default Title,,,,,,,,,800.0,,10,deny,manual,15.99,,true,true,,,,,,https://cdn.shopify.com/s/files/1/0986/8535/4273/files/266.png?v=1785755198,1,Plateau Carré Blanc Uni 40x40cm,false,,,,g,,,active
plateau-blanc-or-motif-marbre-50x32,Plateau Blanc & Or Motif Marbré 50x32cm,"<p><strong>Plateau en céramique</strong> au design marbré blanc et or, texture martelée, format 50x32cm. Une pièce élégante et moderne pour sublimer votre table lors de vos réceptions.</p>",My Store,,Plat de service,"art de la table, bazar, plat, plateau",true,Title,Default Title,,,,,,,,,900.0,,10,deny,manual,15.95,,true,true,,,,,,https://cdn.shopify.com/s/files/1/0986/8535/4273/files/265.png?v=1785755197,1,Plateau Blanc & Or Motif Marbré 50x32cm,false,,,,g,,,active
plateau-rectangulaire-blanc-uni-40x25,Plateau Rectangulaire Blanc Uni 40x25cm,"<p><strong>Plateau rectangulaire blanc uni</strong>, format 40x25cm, au design sobre et moderne. Idéal pour servir vos plats, pâtisseries ou en présentation lors de vos réceptions.</p>",My Store,,Plat de service,"art de la table, bazar, plat, plateau",true,Title,Default Title,,,,,,,,,700.0,,10,deny,manual,13.99,,true,true,,,,,,https://cdn.shopify.com/s/files/1/0986/8535/4273/files/264.png?v=1785755198,1,Plateau Rectangulaire Blanc Uni 40x25cm,false,,,,g,,,active
plateau-rectangulaire-ceramique-blanche-motif-grec-66x41,Plateau Rectangulaire en Céramique Blanche Motif Grec 66x41.5cm,"<p>Grand <strong>plateau rectangulaire en céramique blanche</strong>, orné d'une frise en relief à motif grec, format généreux 66x41.5cm. Parfait pour servir vos plats et pâtisseries lors de grandes réceptions.</p>",My Store,,Plat de service,"art de la table, bazar, ceramique, plat",true,Title,Default Title,,,,,,,,,1400.0,,10,deny,manual,18.95,,true,true,,,,,,https://cdn.shopify.com/s/files/1/0986/8535/4273/files/263.png?v=1785755198,1,Plateau Rectangulaire en Céramique Blanche Motif Grec 66x41.5cm,false,,,,g,,,active
plat-ovale-ceramique-blanche-motif-grec-40x30,Plat Ovale en Céramique Blanche Motif Grec 40x30cm,"<p><strong>Plat ovale en céramique blanche</strong>, orné d'une frise en relief à motif grec sur le pourtour, format 40x30cm. Idéal pour présenter vos plats et pâtisseries avec élégance lors de vos réceptions.</p>",My Store,,Plat de service,"art de la table, bazar, ceramique, plat",true,Title,Default Title,,,,,,,,,900.0,,10,deny,manual,19.99,,true,true,,,,,,https://cdn.shopify.com/s/files/1/0986/8535/4273/files/262.png?v=1785755197,1,Plat Ovale en Céramique Blanche Motif Grec 40x30cm,false,,,,g,,,active
structure-filaire-doree-cube-presentoir,Structure Filaire Dorée en Cube Présentoir,"<p><strong>Structure décorative filaire dorée</strong> en forme de cube, idéale comme présentoir ou support pour vitrines, centres de table ou décoration d'intérieur moderne. Design épuré et élégant.</p>",My Store,,Présentoir,"bazar, decoration, dore, presentoir",true,Title,Default Title,,,,,,,,,400.0,,10,deny,manual,9.99,,true,true,,,,,,https://cdn.shopify.com/s/files/1/0986/8535/4273/files/261.png?v=1785755196,1,Structure Filaire Dorée en Cube Présentoir,false,,,,g,,,active
coffret-carafe-6-verres-multicolore-or,Coffret Carafe et 6 Verres Multicolore & Or,"<p>Coffret élégant composé d'une <strong>carafe et de 6 verres assortis</strong> en verre décoré multicolore et or, aux reflets irisés. Idéal pour servir eau ou jus avec style lors de vos repas et réceptions.</p>",My Store,,Service de verres,"art de la table, bazar, carafe, coffret, verres",true,Title,Default Title,,,,,,,,,1800.0,,10,deny,manual,19.99,,true,true,,,,,,https://cdn.shopify.com/s/files/1/0986/8535/4273/files/260.png?v=1785755198,1,Coffret Carafe et 6 Verres Multicolore & Or,false,,,,g,,,active
coffret-carafe-6-verres-rouge-or,Coffret Carafe et 6 Verres Rouge & Or,<p>Coffret élégant composé d'une <strong>carafe et de 6 verres assortis</strong> en verre décoré rouge et or. Parfait pour servir eau ou jus lors de vos repas et réceptions avec raffinement.</p>,My Store,,Service de verres,"art de la table, bazar, carafe, coffret, verres",true,Title,Default Title,,,,,,,,,1800.0,,10,deny,manual,19.99,,true,true,,,,,,https://cdn.shopify.com/s/files/1/0986/8535/4273/files/259.png?v=1785755198,1,Coffret Carafe et 6 Verres Rouge & Or,false,,,,g,,,active
verseuse-isotherme-orientale-doree,Verseuse Isotherme Orientale Dorée,"<p><strong>Verseuse isotherme</strong> au design oriental élégant, finition dorée brillante et anse galbée. Conserve la température de vos boissons chaudes ou froides. Un bel objet à la fois pratique et décoratif.</p>",My Store,,Verseuse isotherme,"bazar, maroc, service the, thermos, verseuse",true,Title,Default Title,,,,,,,,,700.0,,10,deny,manual,19.50,,true,true,,,,,,https://cdn.shopify.com/s/files/1/0986/8535/4273/files/258.png?v=1785755198,1,Verseuse Isotherme Orientale Dorée,false,,,,g,,,active
verseuse-isotherme-orientale-argentee,Verseuse Isotherme Orientale Argentée,"<p><strong>Verseuse isotherme</strong> au design oriental raffiné, finition argentée brillante ornée de motifs ciselés. Conserve la température de vos boissons chaudes ou froides. Idéale pour servir thé ou café avec élégance.</p>",My Store,,Verseuse isotherme,"bazar, maroc, service the, thermos, verseuse",true,Title,Default Title,,,,,,,,,700.0,,10,deny,manual,19.50,,true,true,,,,,,https://cdn.shopify.com/s/files/1/0986/8535/4273/files/257.png?v=1785755198,1,Verseuse Isotherme Orientale Argentée,false,,,,g,,,active
set-verseuse-pot-plateau-blanc-or-calligraphie,Set Décoratif Verseuse Pot et Plateau Blanc & Or Calligraphie Arabe,"<p>Ravissant <strong>set décoratif en céramique</strong> composé d'une verseuse, d'un pot avec couvercle et d'un plateau assorti, ornés de calligraphie arabe dorée sur fond blanc. Une pièce à la fois décorative et fonctionnelle pour votre intérieur.</p>",My Store,,Set décoratif,"art de la table, bazar, calligraphie, decoration",true,Title,Default Title,,,,,,,,,1400.0,,10,deny,manual,14.99,,true,true,,,,,,https://cdn.shopify.com/s/files/1/0986/8535/4273/files/256.png?v=1785755198,1,Set Décoratif Verseuse Pot et Plateau Blanc & Or Calligraphie Arabe,false,,,,g,,,active
coffret-boites-rangement-empilees-dorees,Coffret 3 Boîtes de Rangement Empilées Dorées,"<p>Élégant <strong>coffret de 3 boîtes de rangement empilables</strong>, finition dorée ajourée et couvercle décoratif orné d'une branche florale. Parfait pour ranger bijoux, dragées ou petits objets précieux avec style.</p>",My Store,,Boîte de rangement,"bazar, boite bijoux, decoration, rangement",true,Title,Default Title,,,,,,,,,1500.0,,10,deny,manual,39.99,,true,true,,,,,,https://cdn.shopify.com/s/files/1/0986/8535/4273/files/255.png?v=1785755198,1,Coffret 3 Boîtes de Rangement Empilées Dorées,false,,,,g,,,active
presentoir-2-etages-carre-blanc-dore,Présentoir 2 Étages Carré Blanc et Doré,"<p><strong>Présentoir à 2 étages</strong> en céramique blanche montée sur structure métallique dorée, idéal pour présenter mignardises, fruits ou amuse-bouches avec élégance lors de vos réceptions.</p>",My Store,,Présentoir,"art de la table, bazar, plateau, presentoir",true,Title,Default Title,,,,,,,,,900.0,,10,deny,manual,14.99,,true,true,,,,,,https://cdn.shopify.com/s/files/1/0986/8535/4273/files/254.png?v=1785755196,1,Présentoir 2 Étages Carré Blanc et Doré,false,,,,g,,,active
plateau-rond-oriental-argente-grave-grec-55x55,Plateau Rond Oriental Argenté Gravé Grec 55x55cm,"<p>Grand <strong>plateau rond oriental en métal argenté</strong> de 55x55cm, finement gravé d'un motif grec et d'entrelacs étoilés traditionnels. Idéal pour un service de thé authentique ou en pièce décorative.</p>",My Store,,Plateau,"art de la table, bazar, maroc, plateau, service",true,Title,Default Title,,,,,,,,,1300.0,,10,deny,manual,45.00,,true,true,,,,,,https://cdn.shopify.com/s/files/1/0986/8535/4273/files/253.png?v=1785755198,1,Plateau Rond Oriental Argenté Gravé Grec 55x55cm,false,,,,g,,,active
plateau-rond-oriental-dore-argente-ajoure-55x55,Plateau Rond Oriental Doré & Argenté Ajouré 55x55cm,"<p>Grand <strong>plateau rond oriental</strong> de 55x55cm, au centre argenté finement ciselé et au bord ajouré doré. Une pièce décorative et fonctionnelle pour servir le thé ou présenter vos pâtisseries lors de vos réceptions.</p>",My Store,,Plateau,"art de la table, bazar, maroc, plateau, service",true,Title,Default Title,,,,,,,,,1200.0,,10,deny,manual,23.00,,true,true,,,,,,https://cdn.shopify.com/s/files/1/0986/8535/4273/files/252.png?v=1785755198,1,Plateau Rond Oriental Doré & Argenté Ajouré 55x55cm,false,,,,g,,,active
service-the-ramadan-blanc-bleu-dore-avec-support,Service à Thé Ramadan Blanc & Bleu Doré avec Support,"<p>Magnifique <strong>service à thé en porcelaine</strong> blanc décoré de motifs bleu roi et or évoquant le croissant de lune, les lanternes et la mosquée, sur un support métallique doré. Idéal pour sublimer votre table pendant le Ramadan et les grandes occasions.</p>",My Store,,Service à thé,"art de la table, bazar, coffret, porcelaine, ramadan, service the",true,Title,Default Title,,,,,,,,,2000.0,,10,deny,manual,39.00,,true,true,,,,,,https://cdn.shopify.com/s/files/1/0986/8535/4273/files/251.png?v=1785755198,1,Service à Thé Ramadan Blanc & Bleu Doré avec Support,false,,,,g,,,active
service-the-noir-or-motif-plumes-avec-support,Service à Thé Noir & Or Motif Plumes avec Support,"<p>Somptueux <strong>service à thé en porcelaine</strong> noir et or à motif de plumes, composé d'un bol et de tasses assorties présentés sur un support métallique doré. Une pièce raffinée pour une table chic et moderne.</p>",My Store,,Service à thé,"art de la table, bazar, coffret, porcelaine, service the",true,Title,Default Title,,,,,,,,,2000.0,,10,deny,manual,39.00,,true,true,,,,,,https://cdn.shopify.com/s/files/1/0986/8535/4273/files/250.png?v=1785755198,1,Service à Thé Noir & Or Motif Plumes avec Support,false,,,,g,,,active
presentoir-plateaux-rectangulaires-blancs-pieds-dores,Présentoir Plateaux Rectangulaires Blancs sur Pieds Dorés,"<p><strong>Présentoirs empilables en céramique blanche</strong> montés sur pieds dorés, idéaux pour présenter mignardises, pâtisseries ou amuse-bouches. Un rendu élégant pour vos réceptions et buffets.</p>",My Store,,Présentoir,"art de la table, bazar, plateau, presentoir",true,Title,Default Title,,,,,,,,,800.0,,10,deny,manual,15.99,,true,true,,,,,,https://cdn.shopify.com/s/files/1/0986/8535/4273/files/249.png?v=1785755198,1,Présentoir Plateaux Rectangulaires Blancs sur Pieds Dorés,false,,,,g,,,active
service-the-blanc-rose-dore-avec-support,Service à Thé Blanc & Rose Doré avec Support,"<p>Élégant <strong>service à thé en porcelaine</strong> blanc et rose orné de motifs dorés, composé d'une théière et de tasses assorties, le tout présenté sur un support métallique doré pratique. Parfait pour recevoir avec style.</p>",My Store,,Service à thé,"art de la table, bazar, coffret, porcelaine, service the",true,Title,Default Title,,,,,,,,,2000.0,,10,deny,manual,39.00,,true,true,,,,,,https://cdn.shopify.com/s/files/1/0986/8535/4273/files/248.png?v=1785755198,1,Service à Thé Blanc & Rose Doré avec Support,false,,,,g,,,active
coffret-12-verres-the-marocains-colores-graves,Coffret 12 Verres à Thé Marocains Colorés Gravés,"<p>Coffret de <strong>12 verres à thé marocains</strong> en verre teinté (rouge, vert, gris, jaune, violet, bleu) avec finition gravée argentée. Un assortiment de couleurs vives pour un service de thé original et festif.</p>",My Store,,Verres à thé,"bazar, coffret, maroc, the a la menthe, verres a the",true,Title,Default Title,,,,,,,,,900.0,,10,deny,manual,11.95,,true,true,,,,,,https://cdn.shopify.com/s/files/1/0986/8535/4273/files/247.png?v=1785755198,1,Coffret 12 Verres à Thé Marocains Colorés Gravés,false,,,,g,,,active
coffret-12-verres-the-marocains-dores-floral-vert-rouge,Coffret 12 Verres à Thé Marocains Dorés Motif Floral Vert & Rouge,<p>Coffret de <strong>12 verres à thé marocains</strong> au motif floral doré rehaussé de touches vert et rouge. Idéal pour un service de thé traditionnel élégant et convivial.</p>,My Store,,Verres à thé,"bazar, coffret, maroc, the a la menthe, verres a the",true,Title,Default Title,,,,,,,,,900.0,,10,deny,manual,11.95,,true,true,,,,,,https://cdn.shopify.com/s/files/1/0986/8535/4273/files/246.png?v=1785755198,1,Coffret 12 Verres à Thé Marocains Dorés Motif Floral Vert & Rouge,false,,,,g,,,active
coffret-12-verres-the-marocains-dores-floral-bleu-vert,Coffret 12 Verres à Thé Marocains Dorés Motif Floral Bleu & Vert,<p>Coffret de <strong>12 verres à thé marocains</strong> décorés d'un motif floral doré associé à des teintes bleu turquoise et vert. Un rendu éclatant pour un service de thé authentique et haut en couleurs.</p>,My Store,,Verres à thé,"bazar, coffret, maroc, the a la menthe, verres a the",true,Title,Default Title,,,,,,,,,900.0,,10,deny,manual,11.95,,true,true,,,,,,https://cdn.shopify.com/s/files/1/0986/8535/4273/files/245.png?v=1785755198,1,Coffret 12 Verres à Thé Marocains Dorés Motif Floral Bleu & Vert,false,,,,g,,,active
coffret-12-verres-the-marocains-argentes-geometrique-noir,Coffret 12 Verres à Thé Marocains Argentés Motif Géométrique Noir,"<p>Coffret de <strong>12 verres à thé marocains</strong> au design sobre et élégant, motif géométrique argenté sur fond noir. Un style moderne et raffiné pour votre service de thé traditionnel.</p>",My Store,,Verres à thé,"bazar, coffret, maroc, the a la menthe, verres a the",true,Title,Default Title,,,,,,,,,900.0,,10,deny,manual,14.95,,true,true,,,,,,https://cdn.shopify.com/s/files/1/0986/8535/4273/files/244.png?v=1785755198,1,Coffret 12 Verres à Thé Marocains Argentés Motif Géométrique Noir,false,,,,g,,,active
coffret-12-verres-the-marocains-vitrail-multicolore-2,Coffret 12 Verres à Thé Marocains Vitrail Multicolore Prestige,"<p>Coffret de <strong>12 verres à thé marocains</strong> au motif vitrail multicolore (or, vert, violet, rouge), finition brillante façon vitraux orientaux. Parfait pour un service de thé raffiné et festif.</p>",My Store,,Verres à thé,"bazar, coffret, maroc, the a la menthe, verres a the",true,Title,Default Title,,,,,,,,,900.0,,10,deny,manual,11.95,,true,true,,,,,,https://cdn.shopify.com/s/files/1/0986/8535/4273/files/243.png?v=1785755198,1,Coffret 12 Verres à Thé Marocains Vitrail Multicolore Prestige,false,,,,g,,,active
coffret-12-verres-the-marocains-vitrail-multicolore-1,Coffret 12 Verres à Thé Marocains Vitrail Multicolore,"<p>Coffret de <strong>12 verres à thé marocains</strong> au motif vitrail multicolore (or, vert, violet), inspiré des zelliges traditionnels. Idéal pour un service de thé élégant et coloré au quotidien ou pour recevoir vos invités.</p>",My Store,,Verres à thé,"bazar, coffret, maroc, the a la menthe, verres a the",true,Title,Default Title,,,,,,,,,900.0,,10,deny,manual,11.95,,true,true,,,,,,https://cdn.shopify.com/s/files/1/0986/8535/4273/files/242.png?v=1785755198,1,Coffret 12 Verres à Thé Marocains Vitrail Multicolore,false,,,,g,,,active
coffret-12-verres-the-marocains-dores-floral-vert,Coffret 12 Verres à Thé Marocains Dorés Motif Floral Vert,"<p>Coffret de <strong>12 verres à thé marocains</strong> ornés d'un magnifique motif floral doré et vert. Un incontournable pour sublimer votre service de thé à la menthe traditionnel. Verres en verre épais, résistants et faciles d'entretien.</p>",My Store,,Verres à thé,"bazar, coffret, maroc, the a la menthe, verres a the",true,Title,Default Title,,,,,,,,,900.0,,10,deny,manual,11.95,,true,true,,,,,,https://cdn.shopify.com/s/files/1/0986/8535/4273/files/241.png?v=1785755198,1,Coffret 12 Verres à Thé Marocains Dorés Motif Floral Vert,false,,,,g,,,active
bouilloire-sifflante-potobelo-4l,Bouilloire Sifflante Potobelo 4L,<p>Bouilloire <strong>Potobelo</strong> en inox de 4 litres avec sifflet sonore indiquant l'ébullition de l'eau. Manche ergonomique isolant et poignée pratique pour une utilisation sûre au quotidien. Idéale pour toute la famille.</p>,Potobelo,,Bouilloire,"bazar, bouilloire, cuisine, inox, sifflante",true,Title,Default Title,,,,,,,,,22.5,,10,deny,manual,22.50,,true,true,,,,,,https://cdn.shopify.com/s/files/1/0986/8535/4273/files/240.png?v=1785755198,1,Bouilloire Sifflante Potobelo 4L,false,,,,g,,,active
berrad-marocain-inox-motif-grec-pompon-grand-modele,Berrad Marocain Inox Motif Grec avec Pompon Grand Modèle,"<p>Superbe <strong>berrad (théière marocaine) en inox</strong> au design raffiné avec frise à motif grec et pompon rouge, grand modèle. Parfait pour un service de thé généreux, alliant tradition et élégance sur votre table.</p>",My Store,,Théière,"bazar, berrad, inox, the, theiere marocaine",true,23.95,Default Title,,,,,,,,,650.0,,10,deny,manual,23.95,,true,true,,,,,,https://cdn.shopify.com/s/files/1/0986/8535/4273/files/239.png?v=1785755197,1,Berrad Marocain Inox Motif Grec avec Pompon Grand Modèle,false,,,,g,,,active
berrad-marocain-inox-motif-grec-pompon-1-2l,Berrad Marocain Inox Motif Grec avec Pompon 1.2L,"<p>Élégant <strong>berrad (théière marocaine) en inox</strong> orné d'une frise à motif grec et surmonté d'un pompon rouge décoratif, d'une contenance de 1.2 litre. Idéal pour préparer et servir le thé à la menthe dans la pure tradition marocaine.</p>",My Store,,Théière,"bazar, berrad, inox, the, theiere marocaine",true,Title,19.95,,,,,,,,,500.0,,10,deny,manual,19.95,,true,true,,,,,,https://cdn.shopify.com/s/files/1/0986/8535/4273/files/238.png?v=1785755197,1,Berrad Marocain Inox Motif Grec avec Pompon 1.2L,false,,,,g,,,active
berrad-marocain-inox-martele-2l,Berrad Marocain Inox Martelé 2L,"<p>Authentique <strong>berrad (théière marocaine) en inox</strong> à la finition martelée brillante, d'une contenance de 2 litres. Son bec verseur élégant permet de servir le thé à la marocaine avec précision. Un incontournable pour un service de thé traditionnel et convivial.</p>",My Store,,Théière,"bazar, berrad, inox, the, theiere marocaine",true,Title,18.95,,,,,,,,,600.0,,10,deny,manual,18.95,,true,true,,,,,,https://cdn.shopify.com/s/files/1/0986/8535/4273/files/237.png?v=1785755197,1,Berrad Marocain Inox Martelé 2L,false,,,,g,,,active
sac-cabas-tisse-damier-bleu-blanc-grand-format,Sac Cabas Tissé Damier Bleu & Blanc Grand Format,"<p>Grand <strong>sac cabas en tissu tissé</strong> à motif damier bleu et blanc classique. Robuste et spacieux, il est parfait pour les courses, le marché ou le rangement. Anses renforcées pour un usage quotidien.</p>",My Store,,Sac de courses,"bazar, sac cabas, sac de courses, tisse",true,Title,5.95,,,,,,,,,350.0,,10,deny,manual,5.95,,true,true,,,,,,https://cdn.shopify.com/s/files/1/0986/8535/4273/files/236.png?v=1785755198,1,Sac Cabas Tissé Damier Bleu & Blanc Grand Format,false,,,,g,,,active
sac-cabas-motif-desert-theieres-80x66,Sac Cabas Grand Format Motif Désert & Théières Marocaines 80x66cm,"<p>Très grand <strong>sac cabas en tissu tissé plastifié</strong>, illustré d'un décor désertique et de théières marocaines colorées, format XXL 80x66cm. Idéal pour le rangement, le déménagement ou le transport de grandes quantités. Anses renforcées et fermeture pratique.</p>",My Store,,Sac de courses,"bazar, maroc, sac cabas, sac xxl, tisse",false,Title,Default Title,,,,,,,,,400.0,,10,deny,manual,4.95,,true,true,,,,,,https://cdn.shopify.com/s/files/1/0986/8535/4273/files/235.png?v=1785755198,1,Sac Cabas Grand Format Motif Désert & Théières Marocaines 80x66cm,false,,,,g,,,active
sac-cabas-tisse-damier-bleu-blanc-bop-france-50x45,Sac Cabas Tissé Damier Bleu & Blanc BOP France 50x45cm,"<p>Grand <strong>sac cabas en tissu tissé</strong> à motif damier bleu et blanc, marque BOP France, format 50x45cm. Solide et spacieux, parfait pour les courses ou le marché. Anses renforcées pour un usage fréquent.</p>",BOP France,,Sac de courses,"bazar, sac cabas, sac de courses, tisse",true,3.95,Default Title,,,,,,,,,300.0,,10,deny,manual,3.95,,true,true,,,,,,https://cdn.shopify.com/s/files/1/0986/8535/4273/files/234.png?v=1785755198,1,Sac Cabas Tissé Damier Bleu & Blanc BOP France 50x45cm,false,,,,g,,,active
sac-cabas-tisse-damier-noir-blanc-45x40,Sac Cabas Tissé Damier Noir & Blanc 45x40cm,"<p>Grand <strong>sac cabas en tissu tissé</strong> à motif damier noir et blanc, format 45x40cm. Résistant et pratique pour les courses, le marché ou le transport d'affaires diverses. Anses renforcées pour un usage quotidien.</p>",My Store,,Sac de courses,"bazar, sac cabas, sac de courses, tisse",true,Title,2.99,,,,,,,,,300.0,,10,deny,manual,2.99,,true,true,,,,,,https://cdn.shopify.com/s/files/1/0986/8535/4273/files/233.png?v=1785755198,1,Sac Cabas Tissé Damier Noir & Blanc 45x40cm,false,,,,g,,,active
moule-silicone-12-empreintes-sapin,Moule en Silicone 12 Empreintes Sapin,"<p>Moule en <strong>silicone souple</strong> avec 12 empreintes en forme de sapin/couronne, idéal pour des créations gourmandes originales et festives. Antiadhésif, résiste au four, au congélateur et au micro-ondes.</p>",My Store,,Moule pâtisserie,"bazar, cuisine, fete, moule silicone, patisserie",false,Title,Default Title,,,,,,,,,150.0,,10,deny,manual,2.99,,true,true,,,,,,https://cdn.shopify.com/s/files/1/0986/8535/4273/files/232.png?v=1785755197,1,Moule en Silicone 12 Empreintes Sapin,false,,,,g,,,active
moule-silicone-15-empreintes-coquillage,Moule en Silicone 15 Empreintes Coquillage,"<p>Moule en <strong>silicone souple</strong> à 15 empreintes en forme de coquillage, parfait pour réaliser des madeleines ou mini gâteaux au joli rendu. Antiadhésif, résiste au four, au congélateur et au micro-ondes.</p>",My Store,,Moule pâtisserie,"bazar, cuisine, madeleine, moule silicone, patisserie",false,Title,Default Title,,,,,,,,,150.0,,10,deny,manual,2.99,,true,true,,,,,,https://cdn.shopify.com/s/files/1/0986/8535/4273/files/231.png?v=1785755197,1,Moule en Silicone 15 Empreintes Coquillage,false,,,,g,,,active
moule-silicone-12-empreintes-main-de-fatma,Moule en Silicone 12 Empreintes Main de Fatma,"<p>Moule en <strong>silicone souple</strong> avec 12 empreintes en forme de Main de Fatma (Khamsa), motif traditionnel porte-bonheur. Idéal pour chocolats ou mini gâteaux originaux. Antiadhésif, résiste au four, au congélateur et au micro-ondes.</p>",My Store,,Moule pâtisserie,"bazar, cuisine, main de fatma, moule silicone, patisserie",false,Title,Default Title,,,,,,,,,150.0,,10,deny,manual,2.99,,true,true,,,,,,https://cdn.shopify.com/s/files/1/0986/8535/4273/files/230.png?v=1785755197,1,Moule en Silicone 12 Empreintes Main de Fatma,false,,,,g,,,active
moule-silicone-28-mini-empreintes-ovales,Moule en Silicone 28 Mini Empreintes Ovales,"<p>Moule en <strong>silicone souple</strong> à 28 mini empreintes ovales, idéal pour réaliser de petites bouchées, chocolats ou mignardises en grande quantité. Antiadhésif, résiste au four, au congélateur et au micro-ondes.</p>",My Store,,Moule pâtisserie,"bazar, cuisine, moule silicone, patisserie",false,Title,Default Title,,,,,,,,,150.0,,10,deny,manual,2.99,,true,true,,,,,,https://cdn.shopify.com/s/files/1/0986/8535/4273/files/229.png?v=1785755197,1,Moule en Silicone 28 Mini Empreintes Ovales,false,,,,g,,,active
moule-silicone-8-empreintes-rose,Moule en Silicone 8 Empreintes Rose,"<p>Moule en <strong>silicone souple</strong> à 8 empreintes en forme de rose, parfait pour des mini gâteaux ou chocolats au design floral élégant. Antiadhésif, résiste au four, au congélateur et au micro-ondes.</p>",My Store,,Moule pâtisserie,"bazar, cuisine, moule silicone, patisserie",true,2.99,Default Title,,,,,,,,,150.0,,10,deny,manual,2.99,,true,true,,,,,,https://cdn.shopify.com/s/files/1/0986/8535/4273/files/228.png?v=1785755197,1,Moule en Silicone 8 Empreintes Rose,false,,,,g,,,active
moule-silicone-15-empreintes-tourbillon,Moule en Silicone 15 Empreintes Tourbillon,"<p>Moule en <strong>silicone souple</strong> avec 15 empreintes en forme de tourbillon/spirale, idéal pour réaliser de jolis mini gâteaux ou chocolats décoratifs. Antiadhésif, résiste au four, au congélateur et au micro-ondes.</p>",My Store,,Moule pâtisserie,"bazar, cuisine, moule silicone, patisserie",true,2.99,Default Title,,,,,,,,,150.0,,10,deny,manual,2.99,,true,true,,,,,,https://cdn.shopify.com/s/files/1/0986/8535/4273/files/227.png?v=1785755197,1,Moule en Silicone 15 Empreintes Tourbillon,false,,,,g,,,active
moule-silicone-8-empreintes-feuille,Moule en Silicone 8 Empreintes Feuille,"<p>Moule en <strong>silicone souple</strong> à 8 empreintes en forme de feuille/amande, parfait pour mini gâteaux et chocolats décoratifs. Antiadhésif, résiste au four, au congélateur et au micro-ondes.</p>",My Store,,Moule pâtisserie,"bazar, cuisine, moule silicone, patisserie",true,2.99,Default Title,,,,,,,,,150.0,,10,deny,manual,2.99,,true,true,,,,,,https://cdn.shopify.com/s/files/1/0986/8535/4273/files/226.png?v=1785755197,1,Moule en Silicone 8 Empreintes Feuille,false,,,,g,,,active
moule-silicone-12-empreintes-quenelles,Moule en Silicone 12 Empreintes Quenelles,"<p>Moule en <strong>silicone souple</strong> avec 12 empreintes en forme de quenelles/torpilles, parfait pour mini gâteaux ou chocolats fourrés. Antiadhésif, résiste au four, au congélateur et au micro-ondes.</p>",My Store,,Moule pâtisserie,"bazar, cuisine, moule silicone, patisserie",true,2.99,Default Title,,,,,,,,,150.0,,10,deny,manual,2.99,,true,true,,,,,,https://cdn.shopify.com/s/files/1/0986/8535/4273/files/225.png?v=1785755197,1,Moule en Silicone 12 Empreintes Quenelles,false,,,,g,,,active
moule-silicone-9-empreintes-buchettes,Moule en Silicone 9 Empreintes Bûchettes,"<p>Moule en <strong>silicone souple</strong> à 9 empreintes en forme de bûchettes rainurées, idéal pour mini bûches, gâteaux individuels ou chocolats. Antiadhésif, résiste au four, au congélateur et au micro-ondes.</p>",My Store,,Moule pâtisserie,"bazar, cuisine, moule silicone, patisserie",false,Title,Default Title,,,,,,,,,150.0,,10,deny,manual,2.99,,true,true,,,,,,https://cdn.shopify.com/s/files/1/0986/8535/4273/files/224.png?v=1785755197,1,Moule en Silicone 9 Empreintes Bûchettes,false,,,,g,,,active
moule-silicone-15-empreintes-rondes-bombees,Moule en Silicone 15 Empreintes Rondes Bombées,"<p>Moule en <strong>silicone souple</strong> avec 15 empreintes rondes bombées, parfait pour réaliser mini gâteaux, financiers ou chocolats. Antiadhésif, résiste au four, au congélateur et au micro-ondes. Démoulage facile et nettoyage simple.</p>",My Store,,Moule pâtisserie,"bazar, cuisine, moule silicone, patisserie",false,Title,Default Title,,,,,,,,,150.0,,10,deny,manual,2.99,,true,true,,,,,,https://cdn.shopify.com/s/files/1/0986/8535/4273/files/223.png?v=1785755197,1,Moule en Silicone 15 Empreintes Rondes Bombées,false,,,,g,,,active
encens-shashis-top-6-agarbattis,Coffret Encens Shashi's Top-6 Agarbattis,"<p>Coffret cadeau <strong>Shashi's Top-6 Agarbattis</strong>, un assortiment de 6 parfums d'encens indiens de qualité export. Idéal pour parfumer la maison, créer une ambiance zen ou offrir en cadeau.</p><p>Bâtonnets d'encens traditionnels aux senteurs variées et authentiques.</p>",Shashi's,Maison et jardin > Décorations > Accessoires pour parfums d’intérieur,Encens,"bazar, coffret cadeau, encens, parfum interieur",true,Title,Default Title,,,,,,,,,200.0,,10,deny,manual,5.49,,true,true,,,,,,https://cdn.shopify.com/s/files/1/0986/8535/4273/files/222.png?v=1785755198,1,Coffret Encens Shashi's Top-6 Agarbattis,false,,,,g,,,active
gel-dissare-rapid-relief-100g,Gel Dissare Rapid Relief 100g,"<p>Le gel <strong>Dissare Rapid Relief</strong> est une formule spéciale aux extraits d'herbes et au salicylate de méthyle, conçue pour soulager rapidement les douleurs musculaires et articulaires (dos, épaules, genoux, muscles). Application externe facile, absorption rapide, sensation de fraîcheur immédiate.</p><p>Format pratique de 100g, idéal après le sport ou en cas de tensions du quotidien.</p>",Dissare,Santé et beauté > Hygiène personnelle,Gel de massage,"bazar, gel chauffant, massage, soulagement douleur",true,Title,Default Title,,,,,,,,,150.0,,10,deny,manual,8.99,,true,true,,,,,,https://cdn.shopify.com/s/files/1/0986/8535/4273/files/221.png?v=1785755196,1,Gel Dissare Rapid Relief 100g,false,,,,g,,,active
redone-aqua-hair-wax-bright-white,RedOne Bright White Aqua Hair Wax 150ml,"<p>Cire capillaire RedOne Bright White Aqua Hair Wax, gamme P&amp;B Platinum Black Series, tenue Full Force et contrôle maximal. Pot de 150ml.</p>",RedOne,,"","",true,Title,Default Title,,,,,,,,,0.0,,0,deny,manual,0.00,,true,true,,,,,,https://cdn.shopify.com/s/files/1/0986/8535/4273/files/220.png?v=1785680600,1,RedOne Bright White Aqua Hair Wax 150ml,false,,,,kg,,,active
redone-aqua-hair-gel-wax-violetta,RedOne Aqua Hair Gel Wax Violetta 150ml,"<p>Gel-cire capillaire RedOne Aqua Hair Gel Wax Violetta, gamme P&amp;B Platinum Black Series, tenue Full Force et contrôle maximal. Pot de 150ml.</p>",RedOne,,"","",true,Title,Default Title,,,,,,,,,0.0,,0,deny,manual,0.00,,true,true,,,,,,https://cdn.shopify.com/s/files/1/0986/8535/4273/files/219.png?v=1785680601,1,RedOne Aqua Hair Gel Wax Violetta 150ml,false,,,,kg,,,active
redone-aqua-hair-gel-wax-orange,RedOne Aqua Hair Gel Wax Orange 150ml,"<p>Gel-cire capillaire RedOne Aqua Hair Gel Wax Orange, gamme P&amp;B Platinum Black Series, tenue Full Force et contrôle maximal. Pot de 150ml.</p>",RedOne,,"","",true,Title,Default Title,,,,,,,,,0.0,,0,deny,manual,0.00,,true,true,,,,,,https://cdn.shopify.com/s/files/1/0986/8535/4273/files/218.png?v=1785680601,1,RedOne Aqua Hair Gel Wax Orange 150ml,false,,,,kg,,,active
redone-aqua-hair-wax-red,RedOne Aqua Hair Wax Red 150ml,"<p>Cire capillaire RedOne Aqua Hair Wax Red, gamme P&amp;B Platinum Black Series, tenue Full Force et contrôle maximal. Pot de 150ml.</p>",RedOne,,"","",true,Title,Default Title,,,,,,,,,0.0,,0,deny,manual,0.00,,true,true,,,,,,https://cdn.shopify.com/s/files/1/0986/8535/4273/files/217.png?v=1785680601,1,RedOne Aqua Hair Wax Red 150ml,false,,,,kg,,,active
redone-aqua-hair-wax-blue,RedOne Aqua Hair Wax Blue 150ml,"<p>Cire capillaire RedOne Aqua Hair Wax Blue, gamme P&amp;B Platinum Black Series, tenue Full Force et contrôle maximal. Pot de 150ml.</p>",RedOne,,"","",true,Title,Default Title,,,,,,,,,0.0,,0,deny,manual,0.00,,true,true,,,,,,https://cdn.shopify.com/s/files/1/0986/8535/4273/files/216.png?v=1785680600,1,RedOne Aqua Hair Wax Blue 150ml,false,,,,kg,,,active
ruban-adhesif-marron-emballage,Ruban Adhésif Marron pour Emballage,"<p>Ruban adhésif marron résistant, spécial emballage de cartons, forte adhérence pour un usage professionnel ou domestique.</p>",Everyday,,"","",true,Title,Default Title,,,,,,,,,0.0,,0,deny,manual,0.00,,true,true,,,,,,https://cdn.shopify.com/s/files/1/0986/8535/4273/files/215.png?v=1785680600,1,Ruban Adhésif Marron pour Emballage,false,,,,kg,,,active
ruban-adhesif-transparent,Ruban Adhésif Transparent,"<p>Ruban adhésif transparent, idéal pour l'emballage et les usages quotidiens à la maison ou au bureau.</p>",Everyday,,"","",true,Title,Default Title,,,,,,,,,0.0,,0,deny,manual,0.00,,true,true,,,,,,https://cdn.shopify.com/s/files/1/0986/8535/4273/files/214.png?v=1785680599,1,Ruban Adhésif Transparent,false,,,,kg,,,active
everyday-sacs-poubelle-100l,Everyday Sacs Poubelle 100L avec Liens de Fermeture,"<p>Sacs poubelle Everyday de 100L, format 70x100cm, avec liens de fermeture pratiques. Résistants pour un usage quotidien.</p>",Everyday,,"","",true,Title,Default Title,,,,,,,,,0.0,,0,deny,manual,0.00,,true,true,,,,,,https://cdn.shopify.com/s/files/1/0986/8535/4273/files/213.png?v=1785680600,1,Everyday Sacs Poubelle 100L avec Liens de Fermeture,false,,,,kg,,,active
happy-deer-pearl-balls-blanc,Happy Deer Pearl Balls Boules de Naphtaline Blanches 100g,"<p>Boules de naphtaline parfumées Happy Deer Pearl Balls, blanches, protègent efficacement les vêtements et tissus contre les mites. Sachet de 100g.</p>",Happy Deer,,"","",true,Title,Default Title,,,,,,,,,0.0,,0,deny,manual,0.00,,true,true,,,,,,https://cdn.shopify.com/s/files/1/0986/8535/4273/files/212.png?v=1785680601,1,Happy Deer Pearl Balls Boules de Naphtaline Blanches 100g,false,,,,kg,,,active
happy-deer-pearl-balls-couleurs,Happy Deer Pearl Balls Boules de Naphtaline Colorées 100g,"<p>Boules de naphtaline parfumées Happy Deer Pearl Balls, coloris assortis, protègent efficacement les vêtements et tissus contre les mites. Sachet de 100g.</p>",Happy Deer,,"","",true,Title,Default Title,,,,,,,,,0.0,,0,deny,manual,0.00,,true,true,,,,,,https://cdn.shopify.com/s/files/1/0986/8535/4273/files/211.png?v=1785680600,1,Happy Deer Pearl Balls Boules de Naphtaline Colorées 100g,false,,,,kg,,,active
vileda-multipurpose-gants-rose,Vileda Professional MultiPurpose Gants de Ménage Rose (Taille M),"<p>Gants de ménage Vileda Professional MultiPurpose, en latex, taille M (7½-8), pour protéger les mains lors des tâches ménagères.</p>",Vileda,,"","",true,Title,Default Title,,,,,,,,,0.0,,0,deny,manual,0.00,,true,true,,,,,,https://cdn.shopify.com/s/files/1/0986/8535/4273/files/210.png?v=1785680600,1,Vileda Professional MultiPurpose Gants de Ménage Rose (Taille M),false,,,,kg,,,active
vileda-multipurpose-gants-jaune,Vileda Professional MultiPurpose Gants de Ménage Jaune (Taille M),"<p>Gants de ménage Vileda Professional MultiPurpose, en latex, taille M (7½-8), pour protéger les mains lors des tâches ménagères.</p>",Vileda,,"","",true,Title,Default Title,,,,,,,,,0.0,,0,deny,manual,0.00,,true,true,,,,,,https://cdn.shopify.com/s/files/1/0986/8535/4273/files/209.png?v=1785680600,1,Vileda Professional MultiPurpose Gants de Ménage Jaune (Taille M),false,,,,kg,,,active
lavette-microfibre-multicolore,Lavette Microfibre Multicolore,"<p>Lavette en microfibre douce et absorbante, coloris multicolores, idéale pour le nettoyage de la cuisine et de la maison.</p>",Everyday,,"","",true,Title,Default Title,,,,,,,,,0.0,,0,deny,manual,0.00,,true,true,,,,,,https://cdn.shopify.com/s/files/1/0986/8535/4273/files/208.png?v=1785680599,1,Lavette Microfibre Multicolore,false,,,,kg,,,active
torchon-de-cuisine-carreaux-2pcs,"Torchon de Cuisine à Carreaux (lot de 2, 40x60cm)","<p>Torchons de cuisine en coton absorbant, motif à carreaux, format 40x60cm. Lot de 2 pièces, idéals pour la vaisselle et l'entretien de la cuisine.</p>",Everyday,,"","",true,Title,Default Title,,,,,,,,,0.0,,0,deny,manual,0.00,,true,true,,,,,,https://cdn.shopify.com/s/files/1/0986/8535/4273/files/207.png?v=1785680601,1,"Torchon de Cuisine à Carreaux (lot de 2, 40x60cm)",false,,,,kg,,,active
cleany-lavettes-tous-usages-10x,Cleany Lavettes Tous Usages (lot de 10),"<p>Lavettes tous usages Cleany, format 35x35cm, idéales pour la vaisselle, le nettoyage et l'entretien de la maison. Lot de 10 lavettes.</p>",Cleany,,"","",true,Title,Default Title,,,,,,,,,0.0,,0,deny,manual,0.00,,true,true,,,,,,https://cdn.shopify.com/s/files/1/0986/8535/4273/files/206.png?v=1785680600,1,Cleany Lavettes Tous Usages (lot de 10),false,,,,kg,,,active
bumble-couches-midi-3-70pcs,Bumble Couches Bébé Midi 3 (4-9kg) - 70 pièces,"<p>Couches bébé Bumble taille Midi 3 (4-9 kg), particules extra absorbantes, surface respirante et barrière anti-fuites. Jumbo pack de 70 couches.</p>",Bumble,,"","",true,Title,Default Title,,,,,,,,,0.0,,0,deny,manual,0.00,,true,true,,,,,,https://cdn.shopify.com/s/files/1/0986/8535/4273/files/205.png?v=1785680601,1,Bumble Couches Bébé Midi 3 (4-9kg) - 70 pièces,false,,,,kg,,,active
schauma-fresh-it-up-shampooing,Schauma Fresh it Up! Pflege-Shampoo Fruit de la Passion,"<p>Shampooing soin Schauma Fresh it Up! au fruit de la passion, spécialement conçu pour racines grasses et pointes sèches.</p>",Schauma,,"","",true,Title,Default Title,,,,,,,,,0.0,,0,deny,manual,0.00,,true,true,,,,,,https://cdn.shopify.com/s/files/1/0986/8535/4273/files/204.png?v=1785680600,1,Schauma Fresh it Up! Pflege-Shampoo Fruit de la Passion,false,,,,kg,,,active
karamat-vanilla-musc-savon-liquide,Karamat Collection Vanilla Musc Savon Liquide Main & Corps,"<p>Savon liquide Karamat Collection parfum Vanilla Musc, pour le corps et les mains, une fragrance gourmande et enveloppante.</p>",Karamat Collection,,"","",true,Title,Default Title,,,,,,,,,0.0,,0,deny,manual,0.00,,true,true,,,,,,https://cdn.shopify.com/s/files/1/0986/8535/4273/files/203.png?v=1785680600,1,Karamat Collection Vanilla Musc Savon Liquide Main & Corps,false,,,,kg,,,active
karamat-musc-tahara-savon-liquide,Karamat Collection Musc Tahara Savon Liquide Main & Corps,"<p>Savon liquide Karamat Collection parfum Musc Tahara, pour le corps et les mains, douceur et fraîcheur au quotidien.</p>",Karamat Collection,,"","",true,Title,Default Title,,,,,,,,,0.0,,0,deny,manual,0.00,,true,true,,,,,,https://cdn.shopify.com/s/files/1/0986/8535/4273/files/202.png?v=1785680599,1,Karamat Collection Musc Tahara Savon Liquide Main & Corps,false,,,,kg,,,active
karamat-oud-royal-savon-liquide,Karamat Collection Oud Royal Savon Liquide Main & Corps,"<p>Savon liquide Karamat Collection parfum Oud Royal, pour le corps et les mains. Une fragrance orientale raffinée et enveloppante.</p>",Karamat Collection,,"","",true,Title,Default Title,,,,,,,,,0.0,,0,deny,manual,0.00,,true,true,,,,,,https://cdn.shopify.com/s/files/1/0986/8535/4273/files/201.png?v=1785680599,1,Karamat Collection Oud Royal Savon Liquide Main & Corps,false,,,,kg,,,active
petrole-hahn-shampooing-antipelliculaire,Pétrole Hahn Shampooing Anti-Pelliculaire Classique,"<p>Shampooing anti-pelliculaire classique Pétrole Hahn, aux huiles essentielles de citrus et zinc pyrithione, élimine 100% des pellicules. Pour cheveux normaux.</p>",Pétrole Hahn,,"","",true,Title,Default Title,,,,,,,,,0.0,,0,deny,manual,0.00,,true,true,,,,,,https://cdn.shopify.com/s/files/1/0986/8535/4273/files/200.png?v=1785680600,1,Pétrole Hahn Shampooing Anti-Pelliculaire Classique,false,,,,kg,,,active
schauma-color-glanz-grenade-shampooing,Schauma Color Glanz Shampooing à la Grenade,"<p>Shampooing Schauma Color Glanz à la grenade, protège la couleur des cheveux colorés, méchés ou à reflets.</p>",Schauma,,"","",true,Title,Default Title,,,,,,,,,0.0,,0,deny,manual,0.00,,true,true,,,,,,https://cdn.shopify.com/s/files/1/0986/8535/4273/files/199.png?v=1785680600,1,Schauma Color Glanz Shampooing à la Grenade,false,,,,kg,,,active
schauma-superfruit-glanz-shampooing,Schauma Superfruit & Glanz Shampooing Vitalisant,"<p>Shampooing vitalisant Schauma Superfruit &amp; Glanz, à la pêche, pour cheveux normaux. Redonne éclat et vitalité à la chevelure.</p>",Schauma,,"","",true,Title,Default Title,,,,,,,,,0.0,,0,deny,manual,0.00,,true,true,,,,,,https://cdn.shopify.com/s/files/1/0986/8535/4273/files/198.png?v=1785680600,1,Schauma Superfruit & Glanz Shampooing Vitalisant,false,,,,kg,,,active
papier-toilette-blanc-x6,Papier Toilette Blanc (6 rouleaux),"<p>Papier toilette blanc doux et résistant, pour un usage quotidien. Lot de 6 rouleaux.</p>",Everyday,,"","",true,Title,Default Title,,,,,,,,,0.0,,0,deny,manual,0.00,,true,true,,,,,,https://cdn.shopify.com/s/files/1/0986/8535/4273/files/197.png?v=1785680600,1,Papier Toilette Blanc (6 rouleaux),false,,,,kg,,,active
selpak-paper-towel-4-rolls,Selpak Paper Towel Essuie-Tout Super Absorbant (4 rouleaux),"<p>Essuie-tout Selpak 3 épaisseurs, super absorbant, absorbe en une seconde. Lot de 4 rouleaux épais et résistants.</p>",Selpak,,"","",true,Title,Default Title,,,,,,,,,0.0,,0,deny,manual,0.00,,true,true,,,,,,https://cdn.shopify.com/s/files/1/0986/8535/4273/files/196.png?v=1785680601,1,Selpak Paper Towel Essuie-Tout Super Absorbant (4 rouleaux),false,,,,kg,,,active
cotex-absorba-essuie-tout-friture,Cotex Absorba Essuie-Tout Spécial Friture (2 rouleaux),"<p>Essuie-tout Cotex Absorba triple couche, spécial friture, absorbe jusqu'à 250 kcal de matières grasses. Lot de 2 rouleaux.</p>",Cotex,,"","",true,Title,Default Title,,,,,,,,,0.0,,0,deny,manual,0.00,,true,true,,,,,,https://cdn.shopify.com/s/files/1/0986/8535/4273/files/195.png?v=1785680601,1,Cotex Absorba Essuie-Tout Spécial Friture (2 rouleaux),false,,,,kg,,,active
brilex-degraissant-vinaigre-blanc-650ml,Brilex Dégraissant Nettoyant Multi-Usages au Vinaigre Blanc 650ml,"<p>Dégraissant nettoyant multi-usages Brilex au vinaigre blanc, efficace sur toutes les surfaces de la maison. Spray de 650ml.</p>",Brilex,,"","",true,Title,Default Title,,,,,,,,,0.0,,0,deny,manual,0.00,,true,true,,,,,,https://cdn.shopify.com/s/files/1/0986/8535/4273/files/194.png?v=1785680600,1,Brilex Dégraissant Nettoyant Multi-Usages au Vinaigre Blanc 650ml,false,,,,kg,,,active
brilex-nettoyant-salle-de-bain-950ml,Brilex Nettoyant Salle de Bain Action Rapide 950ml,"<p>Nettoyant salle de bain Brilex à action rapide, élimine jusqu'à 99,9% des bactéries. Spray de 950ml.</p>",Brilex,,"","",true,Title,Default Title,,,,,,,,,0.0,,0,deny,manual,0.00,,true,true,,,,,,https://cdn.shopify.com/s/files/1/0986/8535/4273/files/193.png?v=1785680600,1,Brilex Nettoyant Salle de Bain Action Rapide 950ml,false,,,,kg,,,active
sido-detachant-savon-de-marseille-250g,Sido Détachant Savon de Marseille Enzymes Plus 250g,"<p>Savon détachant Sido à base de savon de Marseille, formule Enzymes Plus qui élimine les taches de sang, herbe, sueur et chocolat. Pain de 250g.</p>",Sido,,"","",true,Title,Default Title,,,,,,,,,0.0,,0,deny,manual,0.00,,true,true,,,,,,https://cdn.shopify.com/s/files/1/0986/8535/4273/files/192.png?v=1785680600,1,Sido Détachant Savon de Marseille Enzymes Plus 250g,false,,,,kg,,,active
el-kef-savon-menage-citron,El Kef Savon de Ménage Citron,"<p>Savon de ménage El Kef au citron, 100% naturel, idéal pour dégraisser et nettoyer efficacement toutes les surfaces de la maison.</p>",El Kef,,"","",true,Title,Default Title,,,,,,,,,0.0,,0,deny,manual,0.00,,true,true,,,,,,https://cdn.shopify.com/s/files/1/0986/8535/4273/files/191.png?v=1785680600,1,El Kef Savon de Ménage Citron,false,,,,kg,,,active
taous-authentique-savon-douceur-naturelle,Taous Authentique Savon Douceur Naturelle (lot de 4x120g),"<p>Savon de toilette Taous Authentique, formule douce et naturelle testée dermatologiquement. Lot de 4 savons de 120g.</p>",Taous,,"","",true,Title,Default Title,,,,,,,,,0.0,,0,deny,manual,0.00,,true,true,,,,,,https://cdn.shopify.com/s/files/1/0986/8535/4273/files/190.png?v=1785680601,1,Taous Authentique Savon Douceur Naturelle (lot de 4x120g),false,,,,kg,,,active
gesalife-gants-nitrile-xl-100,Gesalife Gants d'Examen Nitrile XL (100 pièces),"<p>Gants d'examen en nitrile Gesalife, sans latex, sans poudre, non stériles. Idéaux pour usage médical, alimentaire ou ménager. Boîte de 100 gants taille XL.</p>",Gesalife,,"","",true,Title,Default Title,,,,,,,,,0.0,,0,deny,manual,0.00,,true,true,,,,,,https://cdn.shopify.com/s/files/1/0986/8535/4273/files/189.png?v=1785680600,1,Gesalife Gants d'Examen Nitrile XL (100 pièces),false,,,,kg,,,active
dash-poudre-plus-blanc-que-blanc-17,Dash Plus Blanc que Blanc Lessive Poudre (17 lavages),"<p>Lessive en poudre Dash Plus Blanc que Blanc, pour une propreté éclatante lavage après lavage. Boîte 100% recyclable de 17 lavages.</p>",Dash,,"","",true,Title,Default Title,,,,,,,,,0.0,,0,deny,manual,0.00,,true,true,,,,,,https://cdn.shopify.com/s/files/1/0986/8535/4273/files/188.png?v=1785680601,1,Dash Plus Blanc que Blanc Lessive Poudre (17 lavages),false,,,,kg,,,active
dreft-original-all-in-one-41,Dreft Original All in One (41 capsules),"<p>Capsules lave-vaisselle Dreft Original All in One, efficaces dès le premier lavage même contre la graisse incrustée. Prix économique, sachet de 41 capsules.</p>",Dreft,,"","",true,Title,Default Title,,,,,,,,,0.0,,0,deny,manual,0.00,,true,true,,,,,,https://cdn.shopify.com/s/files/1/0986/8535/4273/files/187.png?v=1785680600,1,Dreft Original All in One (41 capsules),false,,,,kg,,,active
finish-powerball-ultimate-lemon-20,Finish Powerball Ultimate All in 1 Lemon (20 capsules),"<p>Capsules lave-vaisselle Finish Powerball Ultimate All in 1 parfum citron, technologie ActiveLift qui cible les taches séchées jusqu'à 48h. Sachet de 20 capsules.</p>",Finish,,"","",true,Title,Default Title,,,,,,,,,0.0,,0,deny,manual,0.00,,true,true,,,,,,https://cdn.shopify.com/s/files/1/0986/8535/4273/files/186.png?v=1785680601,1,Finish Powerball Ultimate All in 1 Lemon (20 capsules),false,,,,kg,,,active
finish-powerball-ultimate-plus-33,Finish Powerball Ultimate Plus All in 1 (33 capsules),"<p>Capsules lave-vaisselle Finish Powerball Ultimate Plus All in 1, technologie CycleSync pour une propreté intense et une brillance éclatante. Maxi pack de 33 capsules.</p>",Finish,,"","",true,Title,Default Title,,,,,,,,,0.0,,0,deny,manual,0.00,,true,true,,,,,,https://cdn.shopify.com/s/files/1/0986/8535/4273/files/185.png?v=1785680601,1,Finish Powerball Ultimate Plus All in 1 (33 capsules),false,,,,kg,,,active
dreft-original-32-lavages,Dreft Original Lessive Liquide (32 lavages),"<p>Lessive liquide Dreft The Ultimate Care Original, nouvelle formule aux fibres protectrices pour une longévité optimale des vêtements. 32 lavages.</p>",Dreft,,"","",true,Title,Default Title,,,,,,,,,0.0,,0,deny,manual,0.00,,true,true,,,,,,https://cdn.shopify.com/s/files/1/0986/8535/4273/files/184.png?v=1785680600,1,Dreft Original Lessive Liquide (32 lavages),false,,,,kg,,,active
dreft-black-and-dark-32-lavages,Dreft Black and Dark Lessive Liquide (32 lavages),"<p>Lessive liquide Dreft The Ultimate Care Black and Dark, nouvelle formule aux fibres protectrices qui préserve l'éclat des vêtements foncés. 32 lavages.</p>",Dreft,,"","",true,Title,Default Title,,,,,,,,,0.0,,0,deny,manual,0.00,,true,true,,,,,,https://cdn.shopify.com/s/files/1/0986/8535/4273/files/183.png?v=1785680600,1,Dreft Black and Dark Lessive Liquide (32 lavages),false,,,,kg,,,active
everyday-vinaigre-alcool-15l,"Everyday Vinaigre d'Alcool 7% 1,5L","<p>Vinaigre d'alcool Everyday à 7%, un allié naturel et polyvalent pour le nettoyage et le détartrage de la maison. Bouteille de 1,5L.</p>",Everyday,,"","",true,Title,Default Title,,,,,,,,,0.0,,0,deny,manual,0.00,,true,true,,,,,,https://cdn.shopify.com/s/files/1/0986/8535/4273/files/182.png?v=1785680600,1,"Everyday Vinaigre d'Alcool 7% 1,5L",false,,,,kg,,,active
everyday-eau-de-javel-5l,Everyday Eau de Javel 5L,"<p>Eau de Javel Everyday, solution désinfectante puissante pour nettoyer et désinfecter votre intérieur. Bidon de 5L.</p>",Everyday,,"","",true,Title,Default Title,,,,,,,,,0.0,,0,deny,manual,0.00,,true,true,,,,,,https://cdn.shopify.com/s/files/1/0986/8535/4273/files/181.png?v=1785680600,1,Everyday Eau de Javel 5L,false,,,,kg,,,active
hes-power-degraissant-1l,HES Power All Ultra Dégraissant 1L,"<p>Dégraissant tout usage HES Power All Ultra en spray, efficace sur toutes les surfaces pour un nettoyage puissant. Flacon de 1000ml.</p>",HES,,"","",true,Title,Default Title,,,,,,,,,0.0,,0,deny,manual,0.00,,true,true,,,,,,https://cdn.shopify.com/s/files/1/0986/8535/4273/files/180.png?v=1785680600,1,HES Power All Ultra Dégraissant 1L,false,,,,kg,,,active
brilex-zero-savon-liquide,Brilex Zero Savon Liquide Antibactérien 400ml,"<p>Savon liquide antibactérien Brilex Zero, élimine 99,9% des bactéries, virus et microbes. Flacon pompe de 400ml.</p>",Brilex,,"","",true,Title,Default Title,,,,,,,,,0.0,,0,deny,manual,0.00,,true,true,,,,,,https://cdn.shopify.com/s/files/1/0986/8535/4273/files/179.png?v=1785680600,1,Brilex Zero Savon Liquide Antibactérien 400ml,false,,,,kg,,,active
brilex-passion-savon-liquide,Brilex Passion Savon Liquide pour les Mains 400ml,"<p>Savon liquide antibactérien Brilex Passion, parfum floral Spring Roses. Nettoie en douceur tout en protégeant la peau. Flacon pompe 400ml.</p>",Brilex,,"","",true,Title,Default Title,,,,,,,,,0.0,,0,deny,manual,0.00,,true,true,,,,,,https://cdn.shopify.com/s/files/1/0986/8535/4273/files/178.png?v=1785680600,1,Brilex Passion Savon Liquide pour les Mains 400ml,false,,,,kg,,,active
amir-clean-lave-sol-sahara,Amir Clean Lave-Sol Senteur Sahara 1L,"<p>Lave-sol Amir Clean senteur Sahara, nettoie et désinfecte tout en laissant un effet lustrant et brillant. Fraîcheur longue durée. Format 1L.</p>",Amir,,"","",true,Title,Default Title,,,,,,,,,0.0,,0,deny,manual,0.00,,true,true,,,,,,https://cdn.shopify.com/s/files/1/0986/8535/4273/files/177.png?v=1785680600,1,Amir Clean Lave-Sol Senteur Sahara 1L,false,,,,kg,,,active
brilex-azura-lave-sol,Brilex Azura Lave-Sol 1L,"<p>Lave-sol Brilex Azura, nouvelle formule à 100% de pouvoir nettoyant et parfum longue durée aux notes fraîches et marines. Format 1L.</p>",Brilex,,"","",true,Title,Default Title,,,,,,,,,0.0,,0,deny,manual,0.00,,true,true,,,,,,https://cdn.shopify.com/s/files/1/0986/8535/4273/files/176.png?v=1785680600,1,Brilex Azura Lave-Sol 1L,false,,,,kg,,,active
dreft-quickwash-xxl,Dreft Quickwash XXL Liquide Vaisselle,"<p>Liquide vaisselle Dreft Quickwash format XXL, dure jusqu'à 3 fois plus longtemps. Formule dégraissante efficace contre la graisse tenace.</p>",Dreft,,"","",true,Title,Default Title,,,,,,,,,0.0,,0,deny,manual,0.00,,true,true,,,,,,https://cdn.shopify.com/s/files/1/0986/8535/4273/files/175.png?v=1785680600,1,Dreft Quickwash XXL Liquide Vaisselle,false,,,,kg,,,active
warda-fell-2,Warda Fell n°2 500g,"<p>Pâtes Fell n°2 Warda, 100% semoule de blé dur, cuisson rapide en 6 minutes. Sachet de 500g.</p>",Warda,,"","",true,Title,Default Title,,,,,,,,,0.0,,0,deny,manual,0.00,,true,true,,,,,,https://cdn.shopify.com/s/files/1/0986/8535/4273/files/174.png?v=1785680601,1,Warda Fell n°2 500g,false,,,,kg,,,active
warda-coude-2,Warda Coude n°2 500g,"<p>Pâtes Coude n°2 Warda, 100% semoule de blé dur, cuisson rapide en 7 minutes. Sachet de 500g.</p>",Warda,,"","",true,Title,Default Title,,,,,,,,,0.0,,0,deny,manual,0.00,,true,true,,,,,,https://cdn.shopify.com/s/files/1/0986/8535/4273/files/173.png?v=1785680601,1,Warda Coude n°2 500g,false,,,,kg,,,active
pasta-reggia-gomiti-rigati-60,Pasta Reggia Gomiti Rigati n°60 500g,"<p>Gomiti Rigati Pasta Reggia n°60, pâtes courtes de semoule de blé dur fabriquées en Italie, cuisson en 9 minutes. Sachet de 500g.</p>",Pasta Reggia,,"","",true,Title,Default Title,,,,,,,,,0.0,,0,deny,manual,0.00,,true,true,,,,,,https://cdn.shopify.com/s/files/1/0986/8535/4273/files/172.png?v=1785680601,1,Pasta Reggia Gomiti Rigati n°60 500g,false,,,,kg,,,active
pasta-reggia-elicoidali-23,Pasta Reggia Elicoidali n°23 500g,"<p>Elicoidali Pasta Reggia n°23, pâtes de semoule de blé dur fabriquées en Italie, cuisson en 10 minutes. Sachet de 500g.</p>",Pasta Reggia,,"","",true,Title,Default Title,,,,,,,,,0.0,,0,deny,manual,0.00,,true,true,,,,,,https://cdn.shopify.com/s/files/1/0986/8535/4273/files/171.png?v=1785680601,1,Pasta Reggia Elicoidali n°23 500g,false,,,,kg,,,active
pasta-reggia-penne-rigate-34,Pasta Reggia Penne Rigate n°34 500g,"<p>Penne Rigate Pasta Reggia n°34, pâtes de semoule de blé dur fabriquées en Italie, cuisson en 9 minutes. Sachet de 500g.</p>",Pasta Reggia,,"","",true,Title,Default Title,,,,,,,,,0.0,,0,deny,manual,0.00,,true,true,,,,,,https://cdn.shopify.com/s/files/1/0986/8535/4273/files/170.png?v=1785680601,1,Pasta Reggia Penne Rigate n°34 500g,false,,,,kg,,,active
pasta-reggia-mezze-penne-rigate-38,Pasta Reggia Mezze Penne Rigate n°38 500g,"<p>Mezze Penne Rigate Pasta Reggia n°38, pâtes de semoule de blé dur fabriquées en Italie, cuisson en 9 minutes. Sachet de 500g.</p>",Pasta Reggia,,"","",true,Title,Default Title,,,,,,,,,0.0,,0,deny,manual,0.00,,true,true,,,,,,https://cdn.shopify.com/s/files/1/0986/8535/4273/files/169.png?v=1785680601,1,Pasta Reggia Mezze Penne Rigate n°38 500g,false,,,,kg,,,active
pasta-reggia-chifferini-rigati-94,Pasta Reggia Chifferini Rigati n°94 500g,"<p>Chifferini Rigati Pasta Reggia n°94, pâtes courtes de semoule de blé dur fabriquées en Italie. Idéales pour salades de pâtes et gratins. Sachet de 500g.</p>",Pasta Reggia,,"","",true,Title,Default Title,,,,,,,,,0.0,,0,deny,manual,0.00,,true,true,,,,,,https://cdn.shopify.com/s/files/1/0986/8535/4273/files/168.png?v=1785680601,1,Pasta Reggia Chifferini Rigati n°94 500g,false,,,,kg,,,active
pasta-reggia-vermicelli-17,Pasta Reggia Vermicelli n°17 500g,"<p>Vermicelli Pasta Reggia n°17, pâtes de semoule de blé dur fabriquées en Italie. Cuisson rapide en 10 minutes. Sachet de 500g.</p>",Pasta Reggia,,"","",true,Title,Default Title,,,,,,,,,0.0,,0,deny,manual,0.00,,true,true,,,,,,https://cdn.shopify.com/s/files/1/0986/8535/4273/files/167.png?v=1785680600,1,Pasta Reggia Vermicelli n°17 500g,false,,,,kg,,,active
alpro-amande-grillee-mediterraneenne,Alpro Amande Grillée Méditerranéenne 1L,"<p>Boisson à l'amande grillée Alpro, saveur méditerranéenne, enrichie en calcium, iode et vitamines. Naturellement sans lactose.</p>",Alpro,,"","",true,Title,Default Title,,,,,,,,,0.0,,0,deny,manual,0.00,,true,true,,,,,,https://cdn.shopify.com/s/files/1/0986/8535/4273/files/166.png?v=1785678817,1,Alpro Amande Grillée Méditerranéenne 1L,false,,,,kg,,,active
alpro-avoine,Alpro Creamy Oat (Avoine) 1L,"<p>Boisson à l'avoine Alpro, douce et onctueuse, enrichie en calcium et vitamines. Sans lactose, avec 5 nutriments essentiels.</p>",Alpro,,"","",true,Title,Default Title,,,,,,,,,0.0,,0,deny,manual,0.00,,true,true,,,,,,https://cdn.shopify.com/s/files/1/0986/8535/4273/files/165.png?v=1785678817,1,Alpro Creamy Oat (Avoine) 1L,false,,,,kg,,,active
alpro-noisette,Alpro Noisette 1L,"<p>Boisson à la noisette Alpro, riche en calcium et vitamine D2, pauvre en graisses saturées. Une alternative végétale gourmande.</p>",Alpro,,"","",true,Title,Default Title,,,,,,,,,0.0,,0,deny,manual,0.00,,true,true,,,,,,https://cdn.shopify.com/s/files/1/0986/8535/4273/files/164.png?v=1785678816,1,Alpro Noisette 1L,false,,,,kg,,,active
alpro-banane,Alpro Saveur Banane 1L,"<p>Boisson au soja saveur banane Alpro, onctueuse et gourmande, naturellement pauvre en graisses saturées.</p>",Alpro,,"","",true,Title,Default Title,,,,,,,,,0.0,,0,deny,manual,0.00,,true,true,,,,,,https://cdn.shopify.com/s/files/1/0986/8535/4273/files/163.png?v=1785678817,1,Alpro Saveur Banane 1L,false,,,,kg,,,active
alpro-amande-bio-sans-sucre,Alpro Amande Bio Sans Sucre 1L,"<p>Boisson à l'amande bio Alpro, sans sucres ajoutés, préparée avec seulement 4 ingrédients. Une alternative végétale douce et naturelle.</p>",Alpro,,"","",true,Title,Default Title,,,,,,,,,0.0,,0,deny,manual,0.00,,true,true,,,,,,https://cdn.shopify.com/s/files/1/0986/8535/4273/files/162.png?v=1785678817,1,Alpro Amande Bio Sans Sucre 1L,false,,,,kg,,,active
maison-perrier-forever-citron,Maison Perrier Forever Citron,"<p>Eau pétillante aromatisée Maison Perrier Forever Citron, 0% sucre, pour une pause fraîche et pétillante au goût naturel de citron.</p>",Perrier,,"","",true,Title,Default Title,,,,,,,,,0.0,,0,deny,manual,0.00,,true,true,,,,,,https://cdn.shopify.com/s/files/1/0986/8535/4273/files/161.png?v=1785678817,1,Maison Perrier Forever Citron,false,,,,kg,,,active
evian-eau-minerale-150l,"Evian Eau Minérale Naturelle 1,5L","<p>Eau minérale naturelle Evian, à l'équilibre minéral unique, puisée dans les Alpes françaises. Format familial de 1,5L.</p>",Evian,,"","",true,Title,Default Title,,,,,,,,,0.0,,0,deny,manual,0.00,,true,true,,,,,,https://cdn.shopify.com/s/files/1/0986/8535/4273/files/160.png?v=1785678816,1,"Evian Eau Minérale Naturelle 1,5L",false,,,,kg,,,active
galbani-mascarpone-500g,Galbani Mascarpone 500g,"<p>Mascarpone Galbani, fromage frais italien onctueux, idéal pour préparer un authentique tiramisu ou enrichir vos recettes sucrées et salées.</p>",Galbani,"Alimentation, boissons et tabac > Aliments > Produits laitiers > Fromage","","",true,Title,Default Title,,,,,,,,,0.0,,0,deny,manual,0.00,,true,true,,,,,,https://cdn.shopify.com/s/files/1/0986/8535/4273/files/159.png?v=1785678817,1,Galbani Mascarpone 500g,false,,,,kg,,,active
activia-fraise-x2,Activia Saveur Fraise (2x125g),"<p>Yaourts Activia saveur fraise, source de nutriments et alliés du confort digestif. Lot de 2 pots onctueux et fruités.</p>",Danone,,"","",true,Title,Default Title,,,,,,,,,0.0,,0,deny,manual,0.00,,true,true,,,,,,https://cdn.shopify.com/s/files/1/0986/8535/4273/files/158.png?v=1785678817,1,Activia Saveur Fraise (2x125g),false,,,,kg,,,active
activia-vanille-x2,Activia Saveur Vanille (2x125g),"<p>Yaourts Activia saveur vanille, avec probiotiques, source de nutriments et alliés du bien-être intérieur. Lot de 2 pots.</p>",Danone,,"","",true,Title,Default Title,,,,,,,,,0.0,,0,deny,manual,0.00,,true,true,,,,,,https://cdn.shopify.com/s/files/1/0986/8535/4273/files/157.png?v=1785678817,1,Activia Saveur Vanille (2x125g),false,,,,kg,,,active
boni-creme-entiere-35,Boni Crème Entière 35% MG 25cl,"<p>Crème entière Boni à 35% de matières grasses, facile à fouetter, idéale pour vos desserts et préparations chantilly.</p>",Boni,"Alimentation, boissons et tabac > Aliments > Produits laitiers > Crème","","",true,Title,Default Title,,,,,,,,,0.0,,0,deny,manual,0.00,,true,true,,,,,,https://cdn.shopify.com/s/files/1/0986/8535/4273/files/156.png?v=1785678816,1,Boni Crème Entière 35% MG 25cl,false,,,,kg,,,active
boni-creme-extra-legere-7,Boni Crème Extra Légère 7% MG 25cl,"<p>Crème extra légère Boni à 7% de matières grasses, pour une touche onctueuse sans excès de gras dans vos plats.</p>",Boni,"Alimentation, boissons et tabac > Aliments > Produits laitiers > Crème","","",true,Title,Default Title,,,,,,,,,0.0,,0,deny,manual,0.00,,true,true,,,,,,https://cdn.shopify.com/s/files/1/0986/8535/4273/files/155.png?v=1785678816,1,Boni Crème Extra Légère 7% MG 25cl,false,,,,kg,,,active
activia-coco-x2,Activia Saveur Coco (2x125g),"<p>Yaourts Activia saveur coco, source de nutriments et alliés du confort digestif. Lot de 2 pots à la texture onctueuse.</p>",Danone,,"","",true,Title,Default Title,,,,,,,,,0.0,,0,deny,manual,0.00,,true,true,,,,,,https://cdn.shopify.com/s/files/1/0986/8535/4273/files/154.png?v=1785678817,1,Activia Saveur Coco (2x125g),false,,,,kg,,,active
danio-danup-fraise,Danio Danup Fraise,"<p>Danup Danio saveur fraise, un yaourt à boire onctueux et gourmand, riche en calcium. Format nomade à emporter partout.</p>",Danone,,"","",true,Title,Default Title,,,,,,,,,0.0,,0,deny,manual,0.00,,true,true,,,,,,https://cdn.shopify.com/s/files/1/0986/8535/4273/files/153.png?v=1785678816,1,Danio Danup Fraise,false,,,,kg,,,active
boni-lait-entier-1l,Boni Lait Entier 1L,"<p>Lait entier Boni, produit à partir de lait de vaches belges. Riche et onctueux, idéal pour toute la famille au quotidien.</p>",Boni,"Alimentation, boissons et tabac > Aliments > Produits laitiers > Lait","","",true,Title,Default Title,,,,,,,,,0.0,,0,deny,manual,0.00,,true,true,,,,,,https://cdn.shopify.com/s/files/1/0986/8535/4273/files/152.png?v=1785678816,1,Boni Lait Entier 1L,false,,,,kg,,,active
boni-creme-culinaire-20,Boni Crème Culinaire 20% MG 25cl,"<p>Crème culinaire Boni à 20% de matières grasses, idéale pour lier rapidement sauces, soupes et plats mijotés.</p>",Boni,"Alimentation, boissons et tabac > Aliments > Produits laitiers > Crème","","",true,Title,Default Title,,,,,,,,,0.0,,0,deny,manual,0.00,,true,true,,,,,,https://cdn.shopify.com/s/files/1/0986/8535/4273/files/151.png?v=1785678817,1,Boni Crème Culinaire 20% MG 25cl,false,,,,kg,,,active
beurre-rochefort-sale-250g,Beurre Rochefort Salé 250g,"<p>Véritable beurre fermier Rochefort salé, à la texture crémeuse et au goût authentique. Fabriqué en Belgique.</p>",Rochefort,,"","",true,Title,Default Title,,,,,,,,,0.0,,0,deny,manual,0.00,,true,true,,,,,,https://cdn.shopify.com/s/files/1/0986/8535/4273/files/150.png?v=1785678817,1,Beurre Rochefort Salé 250g,false,,,,kg,,,active
beurre-rochefort-nature-250g,Beurre Rochefort Nature 250g,"<p>Véritable beurre fermier Rochefort, non salé, à la texture crémeuse et au goût authentique. Fabriqué en Belgique.</p>",Rochefort,,"","",true,Title,Default Title,,,,,,,,,0.0,,0,deny,manual,0.00,,true,true,,,,,,https://cdn.shopify.com/s/files/1/0986/8535/4273/files/149.png?v=1785678817,1,Beurre Rochefort Nature 250g,false,,,,kg,,,active
saumon-atlantique-fume-everyday,Saumon Atlantique Fumé Everyday,"<p>Saumon Atlantique fumé, origine Norvège, présenté en 5 à 8 tranches prêtes à consommer. Parfait à l'apéritif, en entrée ou sur toast.</p>",Everyday,,"","",true,Title,Default Title,,,,,,,,,0.0,,0,deny,manual,0.00,,true,true,,,,,,https://cdn.shopify.com/s/files/1/0986/8535/4273/files/148.png?v=1785678817,1,Saumon Atlantique Fumé Everyday,false,,,,kg,,,active
boni-lait-entier-50cl,Boni Lait Entier 50cl,"<p>Lait entier Boni, produit à partir de lait de vaches belges. Riche et onctueux, idéal pour toute la famille.</p>",Boni,"Alimentation, boissons et tabac > Aliments > Produits laitiers > Lait","","",true,Title,Default Title,,,,,,,,,0.0,,0,deny,manual,0.00,,true,true,,,,,,https://cdn.shopify.com/s/files/1/0986/8535/4273/files/147.png?v=1785678816,1,Boni Lait Entier 50cl,false,,,,kg,,,active
dash-couleurs-eclatantes-xl,Dash Couleurs Éclatantes XL Pack (50 lavages),"<p>Lessive liquide Dash Couleurs Éclatantes, formule qui protège et ravive les couleurs de votre linge. Grand format XL de 50 lavages.</p>",Dash,,"","",true,Title,Default Title,,,,,,,,,0.0,,0,deny,manual,0.00,,true,true,,,,,,https://cdn.shopify.com/s/files/1/0986/8535/4273/files/146.png?v=1785678817,1,Dash Couleurs Éclatantes XL Pack (50 lavages),false,,,,kg,,,active
persil-color-deep-clean,Persil Color Deep Clean Lessive Liquide,"<p>Lessive liquide Persil Color Deep Clean, spécialement conçue pour préserver l'éclat des couleurs tout en éliminant les taches tenaces.</p>",Persil,,"","",true,Title,Default Title,,,,,,,,,0.0,,0,deny,manual,0.00,,true,true,,,,,,https://cdn.shopify.com/s/files/1/0986/8535/4273/files/145.png?v=1785678817,1,Persil Color Deep Clean Lessive Liquide,false,,,,kg,,,active
persil-expert-freshness-deep-clean,Persil Expert Freshness Deep Clean Lessive Liquide (27 lavages),"<p>Lessive liquide Persil Expert Freshness Deep Clean avec Silan, élimine les taches tenaces et laisse une fraîcheur qui dure jusqu'à 30 jours. 27 lavages.</p>",Persil,,"","",true,Title,Default Title,,,,,,,,,0.0,,0,deny,manual,0.00,,true,true,,,,,,https://cdn.shopify.com/s/files/1/0986/8535/4273/files/144.png?v=1785678817,1,Persil Expert Freshness Deep Clean Lessive Liquide (27 lavages),false,,,,kg,,,active
ajax-fete-des-fleurs-fleur-de-laurier,"Ajax Fête des Fleurs Fleurs de Laurier 1,25L","<p>Nettoyant sol et multi-surfaces Ajax Fête des Fleurs au parfum floral turquoise, pour une maison fraîche et parfumée jusqu'à 24h.</p>",Ajax,,"","",true,Title,Default Title,,,,,,,,,0.0,,0,deny,manual,0.00,,true,true,,,,,,https://cdn.shopify.com/s/files/1/0986/8535/4273/files/143.png?v=1785678817,1,"Ajax Fête des Fleurs Fleurs de Laurier 1,25L",false,,,,kg,,,active
ajax-fete-des-fleurs-peche,"Ajax Fête des Fleurs Pêche & Fleur de Pêcher 1,25L","<p>Nettoyant sol et multi-surfaces Ajax Fête des Fleurs au parfum Pêche &amp; Fleur de Pêcher, fraîcheur intense et parfum longue durée jusqu'à 24h.</p>",Ajax,,"","",true,Title,Default Title,,,,,,,,,0.0,,0,deny,manual,0.00,,true,true,,,,,,https://cdn.shopify.com/s/files/1/0986/8535/4273/files/142.png?v=1785678816,1,"Ajax Fête des Fleurs Pêche & Fleur de Pêcher 1,25L",false,,,,kg,,,active
dash-plus-blanc-que-blanc-lessive-liquide,Dash Plus Blanc que Blanc Lessive Liquide (50 lavages),"<p>Lessive liquide Dash Plus Blanc que Blanc, formulée pour un blanc éclatant lavage après lavage. Flacon grand format de 50 lavages.</p>",Dash,,"","",true,Title,Default Title,,,,,,,,,0.0,,0,deny,manual,0.00,,true,true,,,,,,https://cdn.shopify.com/s/files/1/0986/8535/4273/files/141.png?v=1785678817,1,Dash Plus Blanc que Blanc Lessive Liquide (50 lavages),false,,,,kg,,,active
ajax-fete-des-fleurs-muguet,"Ajax Fête des Fleurs Muguet 1,25L","<p>Nettoyant sol et multi-surfaces Ajax Fête des Fleurs au parfum Muguet, pour une fraîcheur intense qui dure jusqu'à 24h. Idéal pour un intérieur propre et parfumé.</p>",Ajax,,"","",true,Title,Default Title,,,,,,,,,0.0,,0,deny,manual,0.00,,true,true,,,,,,https://cdn.shopify.com/s/files/1/0986/8535/4273/files/140.png?v=1785678817,1,"Ajax Fête des Fleurs Muguet 1,25L",false,,,,kg,,,active
ajax-fete-des-fleurs-coquelicot,"Ajax Fête des Fleurs Coquelicot 1,25L","<p>Nettoyant sol et multi-surfaces Ajax Fête des Fleurs au parfum Coquelicot, pour une fraîcheur intense qui dure jusqu'à 24h. Élimine efficacement la saleté du quotidien.</p>",Ajax,,"","",true,Title,Default Title,,,,,,,,,0.0,,0,deny,manual,0.00,,true,true,,,,,,https://cdn.shopify.com/s/files/1/0986/8535/4273/files/139.png?v=1785678817,1,"Ajax Fête des Fleurs Coquelicot 1,25L",false,,,,kg,,,active
citron,Citron,"",My Store,"Alimentation, boissons et tabac > Aliments > Fruits et légumes > Fruits frais et surgelés > Agrumes > Citrons","","",true,Title,Default Title,,,,,,,,,0.0,,0,deny,manual,6.50,,true,true,1000.0,g,1,kg,,https://cdn.shopify.com/s/files/1/0986/8535/4273/files/Citron.png?v=1783951553,1,"",false,,,,kg,,,active
olive-voilette,Olive voilette,"",My Store,"Alimentation, boissons et tabac > Aliments > Sauces et condiments > Olives et câpres > Olives","","",true,Title,Default Title,,,,,,,,,0.0,,0,deny,manual,6.50,,true,true,1000.0,g,1,kg,,https://cdn.shopify.com/s/files/1/0986/8535/4273/files/Olivevoilette.png?v=1783951540,1,"",false,,,,kg,,,active
olive-verte-piquante-casse,Olive verte piquante cassé,"",My Store,"Alimentation, boissons et tabac > Aliments > Sauces et condiments > Olives et câpres > Olives","","",true,Title,Default Title,,,,,,,,,0.0,,0,deny,manual,6.50,,true,true,1000.0,g,1,kg,,https://cdn.shopify.com/s/files/1/0986/8535/4273/files/Olivevertepiquantecasse.png?v=1783951531,1,"",false,,,,kg,,,active
olive-vert-rondelles,Olive vert rondelles,"",My Store,"Alimentation, boissons et tabac > Aliments > Sauces et condiments > Olives et câpres > Olives","","",true,Title,Default Title,,,,,,,,,0.0,,0,deny,manual,6.50,,true,true,1000.0,g,1,kg,,https://cdn.shopify.com/s/files/1/0986/8535/4273/files/Olivevertrondelles.png?v=1783951522,1,"",false,,,,kg,,,active
olive-vert-piquant-denoyaute,Olive  vert piquant dénoyauté,"",My Store,"Alimentation, boissons et tabac > Aliments > Sauces et condiments > Olives et câpres > Olives","","",true,Title,Default Title,,,,,,,,,0.0,,0,deny,manual,6.50,,true,true,1000.0,g,1,kg,,https://cdn.shopify.com/s/files/1/0986/8535/4273/files/Olivevertpiquantdenoyaute.png?v=1783951598,1,"",false,,,,kg,,,active
olive-vert-casse-avec-ail,Olive vert  cassé avec ail,"",My Store,"Alimentation, boissons et tabac > Aliments > Sauces et condiments > Olives et câpres > Olives","","",true,Title,Default Title,,,,,,,,,0.0,shopify,0,deny,manual,6.50,,true,true,1000.0,g,1,kg,,https://cdn.shopify.com/s/files/1/0986/8535/4273/files/Olivevertcasseavecail.png?v=1783951509,1,"",false,,,,kg,,,active
olive-vert-denoyaute,Olive  vert  dénoyauté,"",My Store,"Alimentation, boissons et tabac > Aliments > Sauces et condiments > Olives et câpres > Olives","","",true,Title,Default Title,,,,,,,,,0.0,,0,deny,manual,6.50,,true,false,1000.0,g,1,kg,,https://cdn.shopify.com/s/files/1/0986/8535/4273/files/Olivevertdenoyaute.png?v=1783951594,1,"",false,,,,kg,,,active
olive-barbecue,Olive  barbecue,"",My Store,"Alimentation, boissons et tabac > Aliments > Sauces et condiments > Olives et câpres > Olives","","",true,Title,Default Title,,,,,,,,,0.0,,0,deny,manual,6.50,,true,true,1000.0,g,1,kg,,https://cdn.shopify.com/s/files/1/0986/8535/4273/files/Olivebarbecue.png?v=1783951578,1,"",false,,,,kg,,,active
olive-noir-facon-grecque,Olive noir façon grecque,"",My Store,"Alimentation, boissons et tabac > Aliments > Sauces et condiments > Olives et câpres > Olives","","",true,POIDS,100g,,,,,,,,,0.0,,0,deny,manual,0.70,,true,false,,,,,,https://cdn.shopify.com/s/files/1/0986/8535/4273/files/Olivenoirfacongrecque.png?v=1783951384,1,"",false,,,,kg,,,active
olive-noir-facon-grecque,,,,,,,,,250g,,,,,,,,,0.0,,0,deny,manual,1.75,,true,false,,,,,,,,,,,,,kg,,,
olive-noir-facon-grecque,,,,,,,,,500g,,,,,,,,,0.0,,0,deny,manual,3.50,,true,false,,,,,,,,,,,,,kg,,,
olive-noir-facon-grecque,,,,,,,,,750g,,,,,,,,,0.0,,0,deny,manual,5.25,,true,false,,,,,,,,,,,,,kg,,,
olive-noir-facon-grecque,,,,,,,,,1kg,,,,,,,,,0.0,,0,deny,manual,7.00,,true,false,,,,,,,,,,,,,kg,,,
olive-noir-facon-grecque,,,,,,,,,1.5kg,,,,,,,,,0.0,,0,deny,manual,10.50,,true,false,,,,,,,,,,,,,kg,,,
olive-noir-facon-grecque,,,,,,,,,2kg,,,,,,,,,0.0,,0,deny,manual,14.00,,true,false,,,,,,,,,,,,,kg,,,
pommes-de-terre-a-chair-ferme-sac-2-5-kg,"Pommes de Terre à Chair Ferme (Sac 2,5 kg)","",My Store,"Alimentation, boissons et tabac > Aliments > Fruits et légumes > Légumes frais et surgelés > Pommes de terre","","",true,Title,Default Title,,,,,,,,,0.0,,0,deny,manual,0.00,,true,true,,,,,,https://cdn.shopify.com/s/files/1/0986/8535/4273/files/500.png?v=1783948935,1,"",false,,,,kg,,,active
pommes-de-terre-a-chair-ferme-sac-2-5-kg,,,,,,,,,,,,,,,,,,,,,,,,,,,,,,,,https://cdn.shopify.com/s/files/1/0986/8535/4273/files/501.png?v=1783948934,2,"",,,,,,,,
tomates-cerises-en-grappe,Tomates Cerises en Grappe,"",My Store,"Alimentation, boissons et tabac > Aliments > Fruits et légumes > Légumes frais et surgelés > Tomates","","",true,Title,Default Title,,,,,,,,,0.0,,0,deny,manual,0.00,,true,true,,,,,,https://cdn.shopify.com/s/files/1/0986/8535/4273/files/493.png?v=1783948935,1,"",false,,,,kg,,,active
499-mesclun-salade-jeunes-pousses,Mesclun Salade Jeunes Pousses,"<p>Mélange de jeunes pousses (roquette, épinard, bettes), 100% produit italien.</p>",Vita Verde,,Fruits et Légumes,"epinard, frais, jeunes pousses, legume, mesclun, roquette, salade",true,Title,Default Title,,,,,,,,'499,0.0,,0,deny,manual,0.00,,true,true,,,,,,https://cdn.shopify.com/s/files/1/0986/8535/4273/files/499.png?v=1783948942,1,Mesclun Salade Jeunes Pousses,false,,,,g,,,active
498-laitue-romaine,Laitue Romaine,"<p>Laitue romaine fraîche, en sachet.</p>",Divers,,Fruits et Légumes,"frais, laitue, legume, romaine, salade",true,Title,Default Title,,,,,,,,'498,0.0,,0,deny,manual,0.00,,true,true,,,,,,https://cdn.shopify.com/s/files/1/0986/8535/4273/files/498.png?v=1783948933,1,Laitue Romaine,false,,,,g,,,active
496-piment-rouge,Piment Rouge,"<p>Piments rouges longs, frais.</p>",Divers,,Fruits et Légumes,"epice, frais, legume, piment, rouge",true,Title,Default Title,,,,,,,,'496,0.0,,0,deny,manual,0.00,,true,true,,,,,,https://cdn.shopify.com/s/files/1/0986/8535/4273/files/496.png?v=1783948926,1,Piment Rouge,false,,,,g,,,active
490-laitue-iceberg,Laitue Iceberg,"<p>Laitue iceberg fraîche, feuilles croquantes.</p>",Divers,,Fruits et Légumes,"frais, iceberg, laitue, legume, salade",true,Title,Default Title,,,,,,,,'490,0.0,,0,deny,manual,0.00,,true,true,,,,,,https://cdn.shopify.com/s/files/1/0986/8535/4273/files/490.png?v=1783948936,1,Laitue Iceberg,false,,,,g,,,active
484-courgette-jaune,Courgette Jaune,"<p>Courgettes jaunes fraîches, vendues au poids.</p>",Divers,,Fruits et Légumes,"courgette, frais, jaune, legume",true,Title,Default Title,,,,,,,,'484,0.0,,0,deny,manual,0.00,,true,true,,,,,,https://cdn.shopify.com/s/files/1/0986/8535/4273/files/484.png?v=1783948934,1,Courgette Jaune,false,,,,g,,,active
481-bograin-haricots-blancs,Bograin Haricots Blancs,<p>Haricots blancs en bocal.</p>,Bograin,,Conserves,"bocal, bograin, haricots blancs",true,Title,Default Title,,,,,,,,'481,0.0,,0,deny,manual,0.00,,true,true,,,,,,https://cdn.shopify.com/s/files/1/0986/8535/4273/files/481.png?v=1783944541,1,Bograin Haricots Blancs,false,,,,g,,,active
480-chatar-qatani-pois-chiches,Chatar Qatani Pois Chiches,"<p>Pois chiches cuits en bocal, pure nature.</p>",Chatar,,Conserves,"chatar, pois chiches, qatani",true,Title,Default Title,,,,,,,,'480,0.0,,0,deny,manual,0.00,,true,true,,,,,,https://cdn.shopify.com/s/files/1/0986/8535/4273/files/480.png?v=1783944537,1,Chatar Qatani Pois Chiches,false,,,,g,,,active
479-garrido-extra-pois-chiches,Garrido Extra Pois Chiches,"<p>Pois chiches en bocal, qualité extra.</p>",Garrido,,Conserves,"bocal, garrido, pois chiches",true,Title,Default Title,,,,,,,,'479,0.0,,0,deny,manual,0.00,,true,true,,,,,,https://cdn.shopify.com/s/files/1/0986/8535/4273/files/479.png?v=1783944540,1,Garrido Extra Pois Chiches,false,,,,g,,,active
478-chatar-qatani-haricots-rouges,Chatar Qatani Haricots Rouges,"<p>Haricots rouges cuits en bocal, pure nature.</p>",Chatar,,Conserves,"chatar, haricots rouges, qatani",true,Title,Default Title,,,,,,,,'478,0.0,,0,deny,manual,0.00,,true,true,,,,,,https://cdn.shopify.com/s/files/1/0986/8535/4273/files/478.png?v=1783944539,1,Chatar Qatani Haricots Rouges,false,,,,g,,,active
477-konouz-haricots-rouges,Konouz Haricots Rouges,<p>Haricots rouges en bocal.</p>,Konouz,,Conserves,"bocal, haricots rouges, konouz",true,Title,Default Title,,,,,,,,'477,0.0,,0,deny,manual,0.00,,true,true,,,,,,https://cdn.shopify.com/s/files/1/0986/8535/4273/files/477.png?v=1783944539,1,Konouz Haricots Rouges,false,,,,g,,,active
476-konouz-haricots-geants-bouillis,Konouz Haricots Géants Bouillis,"<p>Haricots géants bouillis en bocal, qualité extra.</p>",Konouz,,Conserves,"bocal, haricots, konouz",true,Title,Default Title,,,,,,,,'476,0.0,,0,deny,manual,0.00,,true,true,,,,,,https://cdn.shopify.com/s/files/1/0986/8535/4273/files/476.png?v=1783944538,1,Konouz Haricots Géants Bouillis,false,,,,g,,,active
475-everyday-petits-pois-tres-fins,Everyday Petits Pois Très Fins,<p>Petits pois extra fins en conserve.</p>,Everyday,,Conserves,"conserve, everyday, petits pois",true,Title,Default Title,,,,,,,,'475,400.0,,0,deny,manual,0.00,,true,true,,,,,,https://cdn.shopify.com/s/files/1/0986/8535/4273/files/475.png?v=1783944540,1,Everyday Petits Pois Très Fins,false,,,,g,,,active
474-boni-selection-mais-doux-grand-format,Boni Selection Maïs Doux (grand format),"<p>Maïs doux en grains, conserve grand format.</p>",Boni Selection,,Conserves,"boni, conserve, grand format, mais doux",true,Title,Default Title,,,,,,,,'474,0.0,,0,deny,manual,0.00,,true,true,,,,,,https://cdn.shopify.com/s/files/1/0986/8535/4273/files/474.png?v=1783944547,1,Boni Selection Maïs Doux (grand format),false,,,,g,,,active
473-boni-selection-mais-doux-petit-format,Boni Selection Maïs Doux (petit format),"<p>Maïs doux en grains, conserve petit format.</p>",Boni Selection,,Conserves,"boni, conserve, mais doux",true,Title,Default Title,,,,,,,,'473,0.0,,0,deny,manual,0.00,,true,true,,,,,,https://cdn.shopify.com/s/files/1/0986/8535/4273/files/473.png?v=1783944549,1,Boni Selection Maïs Doux (petit format),false,,,,g,,,active
472-everyday-champignons-de-paris-eminces,Everyday Champignons de Paris Émincés,"<p>Champignons de Paris émincés en conserve, choix hôtel.</p>",Everyday,,Conserves,"champignons, conserve, everyday",true,Title,Default Title,,,,,,,,'472,290.0,,0,deny,manual,0.00,,true,true,,,,,,https://cdn.shopify.com/s/files/1/0986/8535/4273/files/472.png?v=1783944539,1,Everyday Champignons de Paris Émincés,false,,,,g,,,active
471-rio-mare-thon-a-l-huile-d-olive-multipack,Rio Mare Thon à l'Huile d'Olive (Multipack),"<p>Thon à l'huile d'olive, qualité premium, pack multi-boîtes.</p>",Rio Mare,,Conserves,"huile d'olive, multipack, rio mare, thon",true,Title,Default Title,,,,,,,,'471,0.0,,0,deny,manual,0.00,,true,true,,,,,,https://cdn.shopify.com/s/files/1/0986/8535/4273/files/471.png?v=1783944536,1,Rio Mare Thon à l'Huile d'Olive (Multipack),false,,,,g,,,active
470-rio-mare-thon-a-l-huile-d-olive-duo,Rio Mare Thon à l'Huile d'Olive (Duo),"<p>Thon à l'huile d'olive, qualité premium, pack de 2 boîtes.</p>",Rio Mare,,Conserves,"huile d'olive, rio mare, thon",true,Title,Default Title,,,,,,,,'470,0.0,,0,deny,manual,0.00,,true,true,,,,,,https://cdn.shopify.com/s/files/1/0986/8535/4273/files/470.png?v=1783944541,1,Rio Mare Thon à l'Huile d'Olive (Duo),false,,,,g,,,active
469-papillon-halva-amande,Papillon Halva Amande,"<p>Halva shamia (pâte de sésame) fourré amande, marque Papillon depuis 1960.</p>",Papillon,,Confiseries,"amande, halva, papillon",true,Title,Default Title,,,,,,,,'469,0.0,,0,deny,manual,0.00,,true,true,,,,,,https://cdn.shopify.com/s/files/1/0986/8535/4273/files/469.png?v=1783944548,1,Papillon Halva Amande,false,,,,g,,,active
468-papillon-halva-nature,Papillon Halva Nature,"<p>Halva shamia (pâte de sésame) nature/vanille, marque Papillon depuis 1960.</p>",Papillon,,Confiseries,"halva, nature, papillon, vanille",true,Title,Default Title,,,,,,,,'468,0.0,,0,deny,manual,0.00,,true,true,,,,,,https://cdn.shopify.com/s/files/1/0986/8535/4273/files/468.png?v=1783944549,1,Papillon Halva Nature,false,,,,g,,,active
467-papillon-halva-pistache,Papillon Halva Pistache,"<p>Halva shamia (pâte de sésame) fourré pistache, marque Papillon depuis 1960.</p>",Papillon,,Confiseries,"halva, papillon, pistache",true,Title,Default Title,,,,,,,,'467,0.0,,0,deny,manual,0.00,,true,true,,,,,,https://cdn.shopify.com/s/files/1/0986/8535/4273/files/467.png?v=1783944549,1,Papillon Halva Pistache,false,,,,g,,,active
466-juliette-food-huile-de-tournesol,Juliette Food Huile de Tournesol,"<p>Huile de tournesol raffinée, grand bidon avec bouchon rouge.</p>",Juliette,,Huiles,"5l, huile, juliette, tournesol",true,Title,Default Title,,,,,,,,'466,5000.0,,0,deny,manual,0.00,,true,true,,,,,,https://cdn.shopify.com/s/files/1/0986/8535/4273/files/466.png?v=1783944543,1,Juliette Food Huile de Tournesol,false,,,,g,,,active
465-kent-huile-de-tournesol,Kent Huile de Tournesol,"<p>Huile de tournesol raffinée, bidon avec poignée.</p>",Kent,,Huiles,"huile, kent, tournesol",true,Title,Default Title,,,,,,,,'465,3000.0,,0,deny,manual,0.00,,true,true,,,,,,https://cdn.shopify.com/s/files/1/0986/8535/4273/files/465.png?v=1783944541,1,Kent Huile de Tournesol,false,,,,g,,,active
464-juliette-huile-de-tournesol,Juliette Huile de Tournesol,"<p>Huile de tournesol raffinée, bouteille.</p>",Juliette,,Huiles,"huile, juliette, tournesol",true,Title,Default Title,,,,,,,,'464,1000.0,,0,deny,manual,0.00,,true,true,,,,,,https://cdn.shopify.com/s/files/1/0986/8535/4273/files/464.png?v=1783944538,1,Juliette Huile de Tournesol,false,,,,g,,,active
463-huile-safia,Huile Safia,"<p>Huile de table végétale, bouteille.</p>",Safia,,Huiles,"huile, safia, vegetale",true,Title,Default Title,,,,,,,,'463,1000.0,,0,deny,manual,0.00,,true,true,,,,,,https://cdn.shopify.com/s/files/1/0986/8535/4273/files/463.png?v=1783944538,1,Huile Safia,false,,,,g,,,active
462-petits-pains-individuels-la-nia,Petits Pains Individuels La Nia,<p>Barquette de petits pains/brioches emballés individuellement.</p>,La Nia,,Pâtisseries,"brioches, la nia, petits pains",true,Title,Default Title,,,,,,,,'462,0.0,,0,deny,manual,0.00,,true,true,,,,,,https://cdn.shopify.com/s/files/1/0986/8535/4273/files/462.png?v=1783944550,1,Petits Pains Individuels La Nia,false,,,,g,,,active
461-maruja-original-lait-amandes,Maruja Original Lait & Amandes,"<p>Tablette de chocolat au lait et amandes, recette originale depuis 1917.</p>",Maruja,,Chocolats,"amandes, chocolat, lait, maruja",true,Title,Default Title,,,,,,,,'461,0.0,,0,deny,manual,0.00,,true,true,,,,,,https://cdn.shopify.com/s/files/1/0986/8535/4273/files/461.png?v=1783944535,1,Maruja Original Lait & Amandes,false,,,,g,,,active
460-lay-s-max-sel-poivre-noir,Lay's Max Sel & Poivre Noir,<p>Chips ondulées croustillantes au sel et poivre noir.</p>,Lay's,,Chips,"chips, lay's, poivre noir, sel",true,Title,Default Title,,,,,,,,'460,40.0,,0,deny,manual,0.00,,true,true,,,,,,https://cdn.shopify.com/s/files/1/0986/8535/4273/files/460.png?v=1783944547,1,Lay's Max Sel & Poivre Noir,false,,,,g,,,active
459-takis-volcano,Takis Volcano,"<p>Tortillas chips enroulées, saveur fromage et piment fort.</p>",Takis,,Chips,"chips, fromage, piment, takis",true,Title,Default Title,,,,,,,,'459,0.0,,0,deny,manual,0.00,,true,true,,,,,,https://cdn.shopify.com/s/files/1/0986/8535/4273/files/459.png?v=1783944547,1,Takis Volcano,false,,,,g,,,active
458-takis-blue-heat,Takis Blue Heat,"<p>Tortillas chips enroulées et épicées, saveur extrême piquante bleue.</p>",Takis,,Chips,"chips, epice, piquant, takis",true,Title,Default Title,,,,,,,,'458,0.0,,0,deny,manual,0.00,,true,true,,,,,,https://cdn.shopify.com/s/files/1/0986/8535/4273/files/458.png?v=1783944547,1,Takis Blue Heat,false,,,,g,,,active
457-cheetos-sticks-palitos,Cheetos Sticks Palitos,"<p>Bâtonnets soufflés au goût fromage, marque Cheetos.</p>",Cheetos,,Chips,"batonnets, cheetos, chips, fromage",true,Title,Default Title,,,,,,,,'457,0.0,,0,deny,manual,0.00,,true,true,,,,,,https://cdn.shopify.com/s/files/1/0986/8535/4273/files/457.png?v=1783944547,1,Cheetos Sticks Palitos,false,,,,g,,,active
456-cheetos-pelotazos-futebolas,Cheetos Pelotazos Futebolas,"<p>Boules soufflées au goût fromage, en forme de ballon de foot, marque Cheetos.</p>",Cheetos,,Chips,"cheetos, chips, football, fromage",true,Title,Default Title,,,,,,,,'456,0.0,,0,deny,manual,0.00,,true,true,,,,,,https://cdn.shopify.com/s/files/1/0986/8535/4273/files/456.png?v=1783944549,1,Cheetos Pelotazos Futebolas,false,,,,g,,,active
455-cheetos-rizos-rolitos,Cheetos Rizos Rolitos,"<p>Chips soufflées enroulées au goût fromage, marque Cheetos.</p>",Cheetos,,Chips,"cheetos, chips, fromage",true,Title,Default Title,,,,,,,,'455,0.0,,0,deny,manual,0.00,,true,true,,,,,,https://cdn.shopify.com/s/files/1/0986/8535/4273/files/455.png?v=1783944548,1,Cheetos Rizos Rolitos,false,,,,g,,,active
454-boum-bom-bali-bonbon-petillant-mangue-cotton,Boum Bom Bali Bonbon Pétillant Mangue & Cotton,"<p>Bonbon pétillant (popping candy) saveurs mangue et barbe à papa, lot de 12 pochettes, marque Fun Tastee.</p>",Fun Tastee,,Bonbons,"boum bom bali, cotton, mangue, popping candy",true,Title,Default Title,,,,,,,,'454,18.0,,0,deny,manual,0.00,,true,true,,,,,,https://cdn.shopify.com/s/files/1/0986/8535/4273/files/454.png?v=1783944549,1,Boum Bom Bali Bonbon Pétillant Mangue & Cotton,false,,,,g,,,active
453-fini-cinema-mix,Fini Cinema Mix,"<p>Assortiment de bonbons gélifiés variés, sans matière grasse et sans gluten.</p>",Fini,,Bonbons,"bonbons, cinema mix, fini",true,Title,Default Title,,,,,,,,'453,0.0,,0,deny,manual,0.00,,true,true,,,,,,https://cdn.shopify.com/s/files/1/0986/8535/4273/files/453.png?v=1783944548,1,Fini Cinema Mix,false,,,,g,,,active
452-fini-holiday,Fini Holiday,"<p>Assortiment de bonbons gélifiés aux fruits (fraises, pommes, cerises).</p>",Fini,,Bonbons,"bonbons, fini, fruits, holiday",true,Title,Default Title,,,,,,,,'452,0.0,,0,deny,manual,0.00,,true,true,,,,,,https://cdn.shopify.com/s/files/1/0986/8535/4273/files/452.png?v=1783944544,1,Fini Holiday,false,,,,g,,,active
451-fini-billes-de-chewing-gum,Fini Billes de Chewing-gum,"<p>Chewing-gums en billes multicolores, sans gluten.</p>",Fini,,Bonbons,"billes, chewing-gum, fini",true,Title,Default Title,,,,,,,,'451,0.0,,0,deny,manual,0.00,,true,true,,,,,,https://cdn.shopify.com/s/files/1/0986/8535/4273/files/451.png?v=1783944547,1,Fini Billes de Chewing-gum,false,,,,g,,,active
450-fini-bonbons-gelifies-bouteilles-cola,Fini Bonbons Gélifiés Bouteilles Cola,"<p>Bonbons gélifiés en forme de bouteilles au goût cola, sans gluten et sans matière grasse.</p>",Fini,,Bonbons,"bonbons, cola, fini",true,Title,Default Title,,,,,,,,'450,0.0,,0,deny,manual,0.00,,true,true,,,,,,https://cdn.shopify.com/s/files/1/0986/8535/4273/files/450.png?v=1783944548,1,Fini Bonbons Gélifiés Bouteilles Cola,false,,,,g,,,active
449-fini-cranes-de-pirate,Fini Crânes de Pirate,"<p>Bonbons gélifiés en forme de crânes de pirate, marque Fini.</p>",Fini,,Bonbons,"bonbons, cranes, fini, pirate",true,Title,Default Title,,,,,,,,'449,0.0,,0,deny,manual,0.00,,true,true,,,,,,https://cdn.shopify.com/s/files/1/0986/8535/4273/files/449.png?v=1783944548,1,Fini Crânes de Pirate,false,,,,g,,,active
448-fini-bonbons-gelifies-requins-variante,Fini Bonbons Gélifiés Requins (variante),"<p>Bonbons gélifiés en forme de requins, variante coloris, marque Fini.</p>",Fini,,Bonbons,"bonbons, fini, requins",true,Title,Default Title,,,,,,,,'448,0.0,,0,deny,manual,0.00,,true,true,,,,,,https://cdn.shopify.com/s/files/1/0986/8535/4273/files/448.png?v=1783944547,1,Fini Bonbons Gélifiés Requins (variante),false,,,,g,,,active
447-fini-bonbons-gelifies-bananes,Fini Bonbons Gélifiés Bananes,"<p>Bonbons gélifiés en forme de bananes, marque Fini.</p>",Fini,,Bonbons,"bananes, bonbons, fini",true,Title,Default Title,,,,,,,,'447,0.0,,0,deny,manual,0.00,,true,true,,,,,,https://cdn.shopify.com/s/files/1/0986/8535/4273/files/447.png?v=1783944547,1,Fini Bonbons Gélifiés Bananes,false,,,,g,,,active
446-fini-holiday-bleu-rose,Fini Holiday (Bleu/Rose),"<p>Bonbons gélifiés assortiment bleu et rose, marque Fini.</p>",Fini,,Bonbons,"bonbons, fini, holiday",true,Title,Default Title,,,,,,,,'446,0.0,,0,deny,manual,0.00,,true,true,,,,,,https://cdn.shopify.com/s/files/1/0986/8535/4273/files/446.png?v=1783944548,1,Fini Holiday (Bleu/Rose),false,,,,g,,,active
445-fini-bouteilles-gelifiees-cola,Fini Bouteilles Gélifiées Cola,"<p>Bonbons gélifiés en forme de bouteilles, saveur cola.</p>",Fini,,Bonbons,"bonbons, bouteilles, cola, fini",true,Title,Default Title,,,,,,,,'445,0.0,,0,deny,manual,0.00,,true,true,,,,,,https://cdn.shopify.com/s/files/1/0986/8535/4273/files/445.png?v=1783944547,1,Fini Bouteilles Gélifiées Cola,false,,,,g,,,active
444-fini-bisous-gelifies-fraise,Fini Bisous Gélifiés Fraise,"<p>Bonbons gélifiés en forme de bisous, saveur fraise.</p>",Fini,,Bonbons,"bisous, bonbons, fini, fraise",true,Title,Default Title,,,,,,,,'444,0.0,,0,deny,manual,0.00,,true,true,,,,,,https://cdn.shopify.com/s/files/1/0986/8535/4273/files/444.png?v=1783944542,1,Fini Bisous Gélifiés Fraise,false,,,,g,,,active
443-fini-bonbons-gelifies-mures,Fini Bonbons Gélifiés Mûres,"<p>Bonbons gélifiés en forme de mûres, marque Fini.</p>",Fini,,Bonbons,"bonbons, fini, mures",true,Title,Default Title,,,,,,,,'443,0.0,,0,deny,manual,0.00,,true,true,,,,,,https://cdn.shopify.com/s/files/1/0986/8535/4273/files/443.png?v=1783944548,1,Fini Bonbons Gélifiés Mûres,false,,,,g,,,active
442-fini-ufs-au-plat,Fini Œufs au Plat,"<p>Bonbons gélifiés en forme d'œufs au plat, marque Fini.</p>",Fini,,Bonbons,"bonbons, fini, oeufs au plat",true,Title,Default Title,,,,,,,,'442,0.0,,0,deny,manual,0.00,,true,true,,,,,,https://cdn.shopify.com/s/files/1/0986/8535/4273/files/442.png?v=1783944543,1,Fini Œufs au Plat,false,,,,g,,,active
441-fini-tranches-de-pasteque,Fini Tranches de Pastèque,"<p>Bonbons gélifiés en tranches, saveur pastèque.</p>",Fini,,Bonbons,"bonbons, fini, pasteque, tranches",true,Title,Default Title,,,,,,,,'441,0.0,,0,deny,manual,0.00,,true,true,,,,,,https://cdn.shopify.com/s/files/1/0986/8535/4273/files/441.png?v=1783944548,1,Fini Tranches de Pastèque,false,,,,g,,,active
440-fini-holiday-fraise,Fini Holiday (Fraise),"<p>Bonbons gélifiés assortiment fraise, marque Fini.</p>",Fini,,Bonbons,"bonbons, fini, fraise, holiday",true,Title,Default Title,,,,,,,,'440,0.0,,0,deny,manual,0.00,,true,true,,,,,,https://cdn.shopify.com/s/files/1/0986/8535/4273/files/440.png?v=1783944548,1,Fini Holiday (Fraise),false,,,,g,,,active
439-fini-bonbons-gelifies-crocodiles,Fini Bonbons Gélifiés Crocodiles,"<p>Bonbons gélifiés en forme de crocodiles, marque Fini.</p>",Fini,,Bonbons,"bonbons, crocodiles, fini",true,Title,Default Title,,,,,,,,'439,0.0,,0,deny,manual,0.00,,true,true,,,,,,https://cdn.shopify.com/s/files/1/0986/8535/4273/files/439.png?v=1783944547,1,Fini Bonbons Gélifiés Crocodiles,false,,,,g,,,active
438-fini-mini-assortiment-acidule,Fini Mini Assortiment Acidulé,"<p>Assortiment de bonbons gélifiés acidulés, marque Fini.</p>",Fini,,Bonbons,"acidule, assortiment, bonbons, fini",true,Title,Default Title,,,,,,,,'438,0.0,,0,deny,manual,0.00,,true,true,,,,,,https://cdn.shopify.com/s/files/1/0986/8535/4273/files/438.png?v=1783944549,1,Fini Mini Assortiment Acidulé,false,,,,g,,,active
437-fini-bonbons-gelifies-poulpes,Fini Bonbons Gélifiés Poulpes,"<p>Bonbons gélifiés en forme de poulpes, marque Fini.</p>",Fini,,Bonbons,"bonbons, fini, poulpes",true,Title,Default Title,,,,,,,,'437,0.0,,0,deny,manual,0.00,,true,true,,,,,,https://cdn.shopify.com/s/files/1/0986/8535/4273/files/437.png?v=1783944547,1,Fini Bonbons Gélifiés Poulpes,false,,,,g,,,active
436-fini-bonbons-gelifies-grenouilles,Fini Bonbons Gélifiés Grenouilles,"<p>Bonbons gélifiés en forme de grenouilles, marque Fini.</p>",Fini,,Bonbons,"bonbons, fini, grenouilles",true,Title,Default Title,,,,,,,,'436,0.0,,0,deny,manual,0.00,,true,true,,,,,,https://cdn.shopify.com/s/files/1/0986/8535/4273/files/436.png?v=1783944545,1,Fini Bonbons Gélifiés Grenouilles,false,,,,g,,,active
435-fini-bisous-croustillants-passion-cerise,Fini Bisous Croustillants Passion-Cerise,<p>Bonbons croquants saveur fruit de la passion et cerise.</p>,Fini,,Bonbons,"bonbons, cerise, fini, passion",true,Title,Default Title,,,,,,,,'435,0.0,,0,deny,manual,0.00,,true,true,,,,,,https://cdn.shopify.com/s/files/1/0986/8535/4273/files/435.png?v=1783944549,1,Fini Bisous Croustillants Passion-Cerise,false,,,,g,,,active
434-fini-tapis-magiques-acidules,Fini Tapis Magiques Acidulés,"<p>Bonbons gélifiés acidulés en forme de tapis, marque Fini.</p>",Fini,,Bonbons,"acidule, bonbons, fini, tapis magique",true,Title,Default Title,,,,,,,,'434,0.0,,0,deny,manual,0.00,,true,true,,,,,,https://cdn.shopify.com/s/files/1/0986/8535/4273/files/434.png?v=1783944545,1,Fini Tapis Magiques Acidulés,false,,,,g,,,active
433-fini-bouteilles-roses-bleues,Fini Bouteilles Roses & Bleues,"<p>Bonbons gélifiés en forme de bouteilles, couleurs rose et bleu.</p>",Fini,,Bonbons,"bonbons, bouteilles, fini",true,Title,Default Title,,,,,,,,'433,0.0,,0,deny,manual,0.00,,true,true,,,,,,https://cdn.shopify.com/s/files/1/0986/8535/4273/files/433.png?v=1783944542,1,Fini Bouteilles Roses & Bleues,false,,,,g,,,active
432-fini-anneaux-peche,Fini Anneaux Pêche,"<p>Bonbons gélifiés en forme d'anneaux, saveur pêche.</p>",Fini,,Bonbons,"anneaux, bonbons, fini, peche",true,Title,Default Title,,,,,,,,'432,0.0,,0,deny,manual,0.00,,true,true,,,,,,https://cdn.shopify.com/s/files/1/0986/8535/4273/files/432.png?v=1783944545,1,Fini Anneaux Pêche,false,,,,g,,,active
431-fini-bonbons-gelifies-requins,Fini Bonbons Gélifiés Requins,"<p>Bonbons gélifiés en forme de requins, marque Fini.</p>",Fini,,Bonbons,"bonbons, fini, requins",true,Title,Default Title,,,,,,,,'431,0.0,,0,deny,manual,0.00,,true,true,,,,,,https://cdn.shopify.com/s/files/1/0986/8535/4273/files/431.png?v=1783944547,1,Fini Bonbons Gélifiés Requins,false,,,,g,,,active
430-fini-chewing-gum-pasteque,Fini Chewing-gum Pastèque,"<p>Chewing-gums saveur pastèque, marque Fini.</p>",Fini,,Bonbons,"chewing-gum, fini, pasteque",true,Title,Default Title,,,,,,,,'430,0.0,,0,deny,manual,0.00,,true,true,,,,,,https://cdn.shopify.com/s/files/1/0986/8535/4273/files/430.png?v=1783944547,1,Fini Chewing-gum Pastèque,false,,,,g,,,active
429-fini-tubes-acidules-choc-arc-en-ciel,Fini Tubes Acidulés Choc Arc-en-ciel,"<p>Bonbons gélifiés acidulés en tube, saveur arc-en-ciel.</p>",Fini,,Bonbons,"acidule, arc-en-ciel, bonbons, fini",true,Title,Default Title,,,,,,,,'429,0.0,,0,deny,manual,0.00,,true,true,,,,,,https://cdn.shopify.com/s/files/1/0986/8535/4273/files/429.png?v=1783944542,1,Fini Tubes Acidulés Choc Arc-en-ciel,false,,,,g,,,active
428-fini-tubes-arc-en-ciel-creme,Fini Tubes Arc-en-ciel & Crème,"<p>Bonbons gélifiés en tube, saveur arc-en-ciel et crème.</p>",Fini,,Bonbons,"arc-en-ciel, bonbons, creme, fini",true,Title,Default Title,,,,,,,,'428,0.0,,0,deny,manual,0.00,,true,true,,,,,,https://cdn.shopify.com/s/files/1/0986/8535/4273/files/428.png?v=1783944542,1,Fini Tubes Arc-en-ciel & Crème,false,,,,g,,,active
427-fini-tubes-acidules-choc-fraise,Fini Tubes Acidulés Choc Fraise,"<p>Bonbons gélifiés acidulés en tube, saveur fraise.</p>",Fini,,Bonbons,"acidule, bonbons, fini, fraise",true,Title,Default Title,,,,,,,,'427,0.0,,0,deny,manual,0.00,,true,true,,,,,,https://cdn.shopify.com/s/files/1/0986/8535/4273/files/427.png?v=1783944542,1,Fini Tubes Acidulés Choc Fraise,false,,,,g,,,active
426-fini-tubes-fraise-creme,Fini Tubes Fraise & Crème,"<p>Bonbons gélifiés en tube, saveur fraise et crème.</p>",Fini,,Bonbons,"bonbons, creme, fini, fraise",true,Title,Default Title,,,,,,,,'426,0.0,,0,deny,manual,0.00,,true,true,,,,,,https://cdn.shopify.com/s/files/1/0986/8535/4273/files/426.png?v=1783944540,1,Fini Tubes Fraise & Crème,false,,,,g,,,active
425-chocolats-kamila-magnific-lait-fraise-boite-cur,Chocolats Kamila Magnific Lait & Fraise (boîte cœur),"<p>Chocolats au lait et fraise, boîte en forme de cœur, marque Kamila.</p>",Kamila,,Chocolats,"chocolat, fraise, kamila, lait",true,Title,Default Title,,,,,,,,'425,0.0,,0,deny,manual,0.00,,true,true,,,,,,https://cdn.shopify.com/s/files/1/0986/8535/4273/files/425.png?v=1783944548,1,Chocolats Kamila Magnific Lait & Fraise (boîte cœur),false,,,,g,,,active
424-assortiment-kamila-magnific-boite-ovale,Assortiment Kamila Magnific (boîte ovale),"<p>Assortiment de chocolats, boîte ovale, marque Kamila.</p>",Kamila,,Chocolats,"assortiment, chocolat, kamila",true,Title,Default Title,,,,,,,,'424,0.0,,0,deny,manual,0.00,,true,true,,,,,,https://cdn.shopify.com/s/files/1/0986/8535/4273/files/424.png?v=1783944549,1,Assortiment Kamila Magnific (boîte ovale),false,,,,g,,,active
423-gaufrettes-cheri-noix-de-coco-cocolin,Gaufrettes Cheri Noix de Coco (Cocolin),"<p>Gaufrettes fourrées à la noix de coco, marque Cheri.</p>",Cheri,,Gaufrettes,"cheri, coco, cocolin, gaufrette",true,Title,Default Title,,,,,,,,'423,0.0,,0,deny,manual,0.00,,true,true,,,,,,https://cdn.shopify.com/s/files/1/0986/8535/4273/files/423.png?v=1783944545,1,Gaufrettes Cheri Noix de Coco (Cocolin),false,,,,g,,,active
422-gaufrettes-matera-tektak-chocolat-riz-souffle,Gaufrettes Matera TekTak Chocolat & Riz Soufflé,"<p>Gaufrettes fourrées chocolat et riz soufflé, marque Matera.</p>",Matera,,Gaufrettes,"chocolat, gaufrette, matera, riz souffle",true,Title,Default Title,,,,,,,,'422,0.0,,0,deny,manual,0.00,,true,true,,,,,,https://cdn.shopify.com/s/files/1/0986/8535/4273/files/422.png?v=1783944549,1,Gaufrettes Matera TekTak Chocolat & Riz Soufflé,false,,,,g,,,active
421-gaufrettes-matera-tektak-halawa-chocolat-blanc,Gaufrettes Matera TekTak Halawa & Chocolat Blanc,"<p>Gaufrettes fourrées halawa et chocolat blanc, marque Matera.</p>",Matera,,Gaufrettes,"chocolat blanc, gaufrette, halawa, matera",true,Title,Default Title,,,,,,,,'421,0.0,,0,deny,manual,0.00,,true,true,,,,,,https://cdn.shopify.com/s/files/1/0986/8535/4273/files/421.png?v=1783944548,1,Gaufrettes Matera TekTak Halawa & Chocolat Blanc,false,,,,g,,,active
420-gaufrettes-matera-choco-day-chocolat-blanc,Gaufrettes Matera Choco Day Chocolat Blanc,"<p>Gaufrettes fourrées au chocolat blanc, marque Matera.</p>",Matera,,Gaufrettes,"chocolat blanc, gaufrette, matera",true,Title,Default Title,,,,,,,,'420,0.0,,0,deny,manual,0.00,,true,true,,,,,,https://cdn.shopify.com/s/files/1/0986/8535/4273/files/420.png?v=1783944549,1,Gaufrettes Matera Choco Day Chocolat Blanc,false,,,,g,,,active
419-gaufrettes-matera-tektak-one-cacao-noisette,"Gaufrettes Matera TekTak One (Cacao, Noisette)","<p>Gaufrettes fourrées cacao et noisette, marque Matera.</p>",Matera,,Gaufrettes,"cacao, gaufrette, matera, noisette",true,Title,Default Title,,,,,,,,'419,0.0,,0,deny,manual,0.00,,true,true,,,,,,https://cdn.shopify.com/s/files/1/0986/8535/4273/files/419.png?v=1783944547,1,"Gaufrettes Matera TekTak One (Cacao, Noisette)",false,,,,g,,,active
418-gaufrettes-matera-choco-day-chocolat,Gaufrettes Matera Choco Day Chocolat,"<p>Gaufrettes fourrées au chocolat, marque Matera.</p>",Matera,,Gaufrettes,"chocolat, gaufrette, matera",true,Title,Default Title,,,,,,,,'418,0.0,,0,deny,manual,0.00,,true,true,,,,,,https://cdn.shopify.com/s/files/1/0986/8535/4273/files/418.png?v=1783944549,1,Gaufrettes Matera Choco Day Chocolat,false,,,,g,,,active
417-roscos-halal-gamito-sachet,Roscos Halal Gamito (sachet),"<p>Roscos halal en sachet, marque Gamito.</p>",Gamito,,Pâtisseries,"gamito, halal, roscos",true,Title,Default Title,,,,,,,,'417,500.0,,0,deny,manual,0.00,,true,true,,,,,,https://cdn.shopify.com/s/files/1/0986/8535/4273/files/417.png?v=1783944540,1,Roscos Halal Gamito (sachet),false,,,,g,,,active
416-magdalenas-la-nia-amande-orange-6-pieces,Magdalenas La Nía Amande & Orange (6 pièces),"<p>Magdalenas à l'amande et à l'orange, lot de 6 pièces, marque La Nía.</p>",La Nía,,Pâtisseries,"amande, la nia, magdalenas, orange",true,Title,Default Title,,,,,,,,'416,300.0,,0,deny,manual,0.00,,true,true,,,,,,https://cdn.shopify.com/s/files/1/0986/8535/4273/files/416.png?v=1783944548,1,Magdalenas La Nía Amande & Orange (6 pièces),false,,,,g,,,active
415-muffins-paula-fourres-au-cacao,Muffins Paula Fourrés au Cacao,"<p>Muffins/magdalenas fourrés au cacao, marque Paula.</p>",Paula,,Pâtisseries,"cacao, magdalenas, muffins, paula",true,Title,Default Title,,,,,,,,'415,400.0,,0,deny,manual,0.00,,true,true,,,,,,https://cdn.shopify.com/s/files/1/0986/8535/4273/files/415.png?v=1783944549,1,Muffins Paula Fourrés au Cacao,false,,,,g,,,active
414-muffins-paula-a-la-noix-de-coco-rapee,Muffins Paula à la Noix de Coco Râpée,"<p>Muffins/magdalenas fourrés à la noix de coco râpée, marque Paula.</p>",Paula,,Pâtisseries,"coco, magdalenas, muffins, paula",true,Title,Default Title,,,,,,,,'414,195.0,,0,deny,manual,0.00,,true,true,,,,,,https://cdn.shopify.com/s/files/1/0986/8535/4273/files/414.png?v=1783944547,1,Muffins Paula à la Noix de Coco Râpée,false,,,,g,,,active
413-assortiment-mantecados-et-polvorones-la-cabalgata,Assortiment Mantecados et Polvorones La Cabalgata,"<p>Assortiment de mantecados et polvorones, marque La Cabalgata.</p>",La Cabalgata,,Pâtisseries,"la cabalgata, mantecados, polvorones",true,Title,Default Title,,,,,,,,'413,0.0,,0,deny,manual,0.00,,true,true,,,,,,https://cdn.shopify.com/s/files/1/0986/8535/4273/files/413.png?v=1783944548,1,Assortiment Mantecados et Polvorones La Cabalgata,false,,,,g,,,active
412-assortiment-halal-gamito-amande,Assortiment Halal Gamito (amande),"<p>Assortiment de spécialités à l'amande, halal, marque Gamito.</p>",Gamito,,Pâtisseries,"amande, assortiment, gamito, halal",true,Title,Default Title,,,,,,,,'412,400.0,,0,deny,manual,0.00,,true,true,,,,,,https://cdn.shopify.com/s/files/1/0986/8535/4273/files/412.png?v=1783944547,1,Assortiment Halal Gamito (amande),false,,,,g,,,active
411-roscos-halal-gamito-boite,Roscos Halal Gamito (boîte),"<p>Roscos halal en boîte, marque Gamito.</p>",Gamito,,Pâtisseries,"gamito, halal, patisserie, roscos",true,Title,Default Title,,,,,,,,'411,0.0,,0,deny,manual,0.00,,true,true,,,,,,https://cdn.shopify.com/s/files/1/0986/8535/4273/files/411.png?v=1783944544,1,Roscos Halal Gamito (boîte),false,,,,g,,,active
410-nawhal-s-sauce-pili-pili-a-l-italienne,Nawhal's Sauce Pili-Pili à l'Italienne,"<p>Sauce pili-pili à l'italienne, marque Nawhal's.</p>",Nawhal's,,Sauces,"italienne, nawhal's, pili-pili, sauce",true,Title,Default Title,,,,,,,,'410,480.0,,0,deny,manual,0.00,,true,true,,,,,,https://cdn.shopify.com/s/files/1/0986/8535/4273/files/410.png?v=1783944535,1,Nawhal's Sauce Pili-Pili à l'Italienne,false,,,,g,,,active
409-nawhal-s-sauce-bresil,Nawhal's Sauce Brésil,"<p>Sauce Brazil, marque Nawhal's.</p>",Nawhal's,,Sauces,"brazil, nawhal's, sauce",true,Title,Default Title,,,,,,,,'409,500.0,,0,deny,manual,0.00,,true,true,,,,,,https://cdn.shopify.com/s/files/1/0986/8535/4273/files/409.png?v=1783944534,1,Nawhal's Sauce Brésil,false,,,,g,,,active
408-nawhal-s-sauce-mayonnaise,Nawhal's Sauce Mayonnaise,"<p>Mayonnaise, marque Nawhal's.</p>",Nawhal's,,Sauces,"mayonnaise, nawhal's, sauce",true,Title,Default Title,,,,,,,,'408,440.0,,0,deny,manual,0.00,,true,true,,,,,,https://cdn.shopify.com/s/files/1/0986/8535/4273/files/408.png?v=1783944533,1,Nawhal's Sauce Mayonnaise,false,,,,g,,,active
407-nawhal-s-sauce-marocaine,Nawhal's Sauce Marocaine,"<p>Sauce marocaine, marque Nawhal's.</p>",Nawhal's,,Sauces,"marocaine, nawhal's, sauce",true,Title,Default Title,,,,,,,,'407,490.0,,0,deny,manual,0.00,,true,true,,,,,,https://cdn.shopify.com/s/files/1/0986/8535/4273/files/407.png?v=1783944534,1,Nawhal's Sauce Marocaine,false,,,,g,,,active
406-nawhal-s-sauce-miami-douce-aux-oignons,Nawhal's Sauce Miami (Douce aux Oignons),"<p>Sauce sucrée aux oignons, marque Nawhal's.</p>",Nawhal's,,Sauces,"miami, nawhal's, oignons, sauce",true,Title,Default Title,,,,,,,,'406,485.0,,0,deny,manual,0.00,,true,true,,,,,,https://cdn.shopify.com/s/files/1/0986/8535/4273/files/406.png?v=1783944536,1,Nawhal's Sauce Miami (Douce aux Oignons),false,,,,g,,,active
405-nawhal-s-sauce-tomate-ketchup,Nawhal's Sauce Tomate-Ketchup,"<p>Sauce tomate ketchup, marque Nawhal's.</p>",Nawhal's,,Sauces,"ketchup, nawhal's, sauce, tomate",true,Title,Default Title,,,,,,,,'405,530.0,,0,deny,manual,0.00,,true,true,,,,,,https://cdn.shopify.com/s/files/1/0986/8535/4273/files/405.png?v=1783944534,1,Nawhal's Sauce Tomate-Ketchup,false,,,,g,,,active
404-nawhal-s-sauce-pita-kebab,Nawhal's Sauce Pita-Kebab,"<p>Sauce pour pita/kebab, marque Nawhal's.</p>",Nawhal's,,Sauces,"kebab, nawhal's, pita, sauce",true,Title,Default Title,,,,,,,,'404,500.0,,0,deny,manual,0.00,,true,true,,,,,,https://cdn.shopify.com/s/files/1/0986/8535/4273/files/404.png?v=1783944533,1,Nawhal's Sauce Pita-Kebab,false,,,,g,,,active
mlange-de-noix-grilles-en-vrac-grand-format,Mélange de Noix Grillées en Vrac - Grand Format,"<p>Mélange de noix grillées en grand format : amandes, noix de cajou et pistaches. Assortiment premium idéal pour les apéritifs, plateaux et grandes occasions.</p>",Divers,Non classé,Fruits Secs,"amandes, apéritif, cajou, grand format, grillées, mélange, noix, pistaches, vrac",true,Title,Default Title,,,,,,,,,0.0,,0,deny,manual,0.00,,true,true,,,,,,https://cdn.shopify.com/s/files/1/0986/8535/4273/files/MelangedeNoixGrilleesenVrac-GrandFormat.png?v=1782989119,1,"",false,,,,kg,,,active
garmello-cacahutes-blanches-grand-format,Garmello - Cacahuètes Blanches Grand Format,"<p>Cacahuètes blanches Garmello grand format. Arachides décortiquées naturelles en grand conditionnement, économique pour la famille ou la restauration.</p>",Garmello,Non classé,Fruits Secs,"arachides, blanches, cacahuètes, fruits secs, garmello, grand format",true,Title,Default Title,,,,,,,,,0.0,,0,deny,manual,0.00,,true,true,,,,,,https://cdn.shopify.com/s/files/1/0986/8535/4273/files/Garmello-CacahuetesBlanchesGrandFormat.png?v=1782989149,1,"",false,,,,kg,,,active
garmello-cacahutes-blanches,Garmello - Cacahuètes Blanches,"<p>Cacahuètes blanches Garmello (Fruits Secs). Arachides décortiquées naturelles, sans sel. Riches en protéines, idéales en snack ou pour vos préparations culinaires.</p>",Garmello,Non classé,Fruits Secs,"arachides, blanches, cacahuètes, fruits secs, garmello",true,Title,Default Title,,,,,,,,,0.0,,0,deny,manual,0.00,,true,true,,,,,,https://cdn.shopify.com/s/files/1/0986/8535/4273/files/Garmello-CacahuetesBlanches.png?v=1782989153,1,"",false,,,,kg,,,active
natural-nuts-chips-de-banane-250g,Natural Nuts - Chips de Banane 250G,"<p>Chips de banane Natural Nuts 250g. Origine Philippines, tranches de bananes croustillantes à la noix de coco. Snack fruité et gourmand, idéal pour toute la famille.</p>",Natural Nuts,,Snacks,"250g, banane, chips, natural nuts, philippines, snack",true,Title,Default Title,,,,,,,,,0.0,,0,deny,manual,0.00,,true,true,,,,,,https://cdn.shopify.com/s/files/1/0986/8535/4273/files/Natural_Nuts_-_Chips_de_Banane_250G.jpg?v=1782988798,1,Natural Nuts - Chips de Banane 250G,false,,,,kg,,,active
garmello-graines-de-tournesol,Garmello - Graines de Tournesol,"<p>Graines de tournesol Garmello (Fruits Secs). Graines entières en coque, légèrement salées. À grignoter à l'apéritif ou en snack. Riches en vitamine E.</p>",Garmello,,Fruits Secs,"apéritif, fruits secs, garmello, graines, tournesol",true,Title,Default Title,,,,,,,,,0.0,,0,deny,manual,0.00,,true,true,,,,,,https://cdn.shopify.com/s/files/1/0986/8535/4273/files/Garmello_-_Graines_de_Tournesol.jpg?v=1782988798,1,Garmello - Graines de Tournesol,false,,,,kg,,,active
garmello-cerneaux-de-noix,Garmello - Cerneaux de Noix,"<p>Cerneaux de noix Garmello (Fruits Secs). Noix écalées moelleuses et savoureuses. Riches en oméga-3, idéales en collation, pâtisserie ou dans vos salades.</p>",Garmello,,Fruits Secs,"cerneaux, fruits secs, garmello, noix",true,Title,Default Title,,,,,,,,,0.0,,0,deny,manual,0.00,,true,true,,,,,,https://cdn.shopify.com/s/files/1/0986/8535/4273/files/Garmello_-_Cerneaux_de_Noix.jpg?v=1782988798,1,Garmello - Cerneaux de Noix,false,,,,kg,,,active
zahia-amandes-avec-coque,Zahia - Amandes avec Coque,"<p>Amandes avec coque Zahia. Amandes entières non décortiquées, produits de qualité premium. À casser soi-même pour une fraîcheur optimale.</p>",Zahia,,Fruits Secs,"amandes, coque, fruits secs, naturelles, zahia",true,Title,Default Title,,,,,,,,,0.0,,0,deny,manual,0.00,,true,true,,,,,,https://cdn.shopify.com/s/files/1/0986/8535/4273/files/Zahia_-_Amandes_avec_Coque.jpg?v=1782988798,1,Zahia - Amandes avec Coque,false,,,,kg,,,active
oma-group-graines-de-courgette-peles-300g,OMA Group - Graines de Courgette Pelées 300G,"<p>Graines de courgette (courge) pelées OMA Group 300g. Pépins de courge décortiqués, riches en zinc et en protéines. Idéales à grignoter, dans les salades ou les granolas.</p>",OMA Group,Non classé,Fruits Secs,"300g, courgette, graines, oma group, pelées, pumpkin seeds, zahia",true,Title,Default Title,,,,,,,,,0.0,,0,deny,manual,0.00,,true,true,,,,,,https://cdn.shopify.com/s/files/1/0986/8535/4273/files/OMAGroup-GrainesdeCourgettePelees300G.png?v=1782989162,1,"",false,,,,kg,,,active
natural-nuts-pois-chiches-grills-200g,Natural Nuts - Pois Chiches Grillés 200G,"<p>Pois chiches doubles grillés Natural Nuts 200g. Snack croustillant et protéiné, sans gluten naturellement. Idéal pour l'apéritif ou comme en-cas sain.</p>",Natural Nuts,Non classé,Snacks,"200g, apéritif, grillés, natural nuts, pois chiches, snack",true,Title,Default Title,,,,,,,,,0.0,,0,deny,manual,0.00,,true,true,,,,,,https://cdn.shopify.com/s/files/1/0986/8535/4273/files/NaturalNuts-PoisChichesGrilles200G.png?v=1782989180,1,"",false,,,,kg,,,active
tagine-pruneaux-500g,Tagine - Pruneaux 500G,"<p>Pruneaux Tagine 500g. Origine France, pruneaux moelleux et sucrés naturellement. Idéaux pour les tajines sucrés-salés, les desserts et à grignoter tels quels.</p>",Tagine,,Fruits Secs,"500g, france, fruits secs, pruneaux, tagine",true,Title,Default Title,,,,,,,,,0.0,,0,deny,manual,0.00,,true,true,,,,,,https://cdn.shopify.com/s/files/1/0986/8535/4273/files/Tagine_-_Pruneaux_500G.jpg?v=1782988797,1,Tagine - Pruneaux 500G,false,,,,kg,,,active
natural-nuts-cerneaux-de-noix-200g,Natural Nuts - Cerneaux de Noix 200G,"<p>Cerneaux de noix Natural Nuts 200g. Noix écalées de qualité, riches en oméga-3 et en antioxydants. Parfaites en collation ou pour enrichir vos salades et desserts.</p>",Natural Nuts,,Fruits Secs,"200g, cerneaux, fruits secs, natural nuts, noix",true,Title,Default Title,,,,,,,,,0.0,,0,deny,manual,0.00,,true,true,,,,,,https://cdn.shopify.com/s/files/1/0986/8535/4273/files/Natural_Nuts_-_Cerneaux_de_Noix_200G.jpg?v=1782988798,1,Natural Nuts - Cerneaux de Noix 200G,false,,,,kg,,,active
natural-nuts-cerneaux-de-noix-bio-400g,Natural Nuts - Cerneaux de Noix Bio 400G,"<p>Cerneaux de noix biologiques Natural Nuts 400g. Origine Chili, noix écalées 100% naturelles. Riches en oméga-3, idéales en collation, salade ou pâtisserie.</p>",Natural Nuts,,Fruits Secs,"400g, bio, cerneaux, chili, fruits secs, natural nuts, noix",true,Title,Default Title,,,,,,,,,0.0,,0,deny,manual,0.00,,true,true,,,,,,https://cdn.shopify.com/s/files/1/0986/8535/4273/files/Natural_Nuts_-_Cerneaux_de_Noix_Bio_400G.jpg?v=1782988798,1,Natural Nuts - Cerneaux de Noix Bio 400G,false,,,,kg,,,active
natural-nuts-amandes-effiles-250g,Natural Nuts - Amandes Effilées 250G,"<p>Amandes effilées Natural Nuts 250g. Origine USA, amandes 100% finement tranchées. Parfaites pour décorer gâteaux, tartes, et plats orientaux comme le couscous et la pastilla.</p>",Natural Nuts,Non classé,Fruits Secs,"250g, amandes, effilées, fruits secs, natural nuts, usa",true,Title,Default Title,,,,,,,,,0.0,,0,deny,manual,0.00,,true,true,,,,,,https://cdn.shopify.com/s/files/1/0986/8535/4273/files/NaturalNuts-AmandesEffilees250G.png?v=1782989193,1,"",false,,,,kg,,,active
garmello-amandes-moulues-300g,Garmello - Amandes Moulues 300G,"<p>Amandes moulues Garmello 300g. Poudre d'amandes fine, idéale pour la pâtisserie orientale et traditionnelle, les macarons, les gâteaux aux amandes et les crèmes.</p>",Garmello,,Fruits Secs,"300g, amandes, fruits secs, garmello, moulues, poudre",true,Title,Default Title,,,,,,,,,0.0,,0,deny,manual,0.00,,true,true,,,,,,https://cdn.shopify.com/s/files/1/0986/8535/4273/files/Garmello_-_Amandes_Moulues_300G.jpg?v=1782988798,1,AMANDES MOULUS 300G,false,,,,kg,,,active
garmello-amandes-naturelles,Garmello - Amandes Naturelles,"<p>Amandes naturelles Garmello (Fruits Secs). Amandes entières 100% naturelles. Riches en vitamine E et en protéines, idéales en collation ou en pâtisserie.</p>",Garmello,,Fruits Secs,"amandes, fruits secs, garmello, naturelles",true,Title,Default Title,,,,,,,,,0.0,,0,deny,manual,0.00,,true,true,,,,,,https://cdn.shopify.com/s/files/1/0986/8535/4273/files/Garmello_-_Amandes_Naturelles.jpg?v=1782988798,1,Garmello - Amandes Naturelles,false,,,,kg,,,active
zahia-noix-de-cajou-sales,Zahia - Noix de Cajou Salées,"<p>Noix de cajou salées Zahia. Cajous grillées et salées de qualité premium. Croustillantes et savoureuses, parfaites à l'apéritif ou en snack.</p>",Zahia,Non classé,Fruits Secs,"fruits secs, noix de cajou, salées, zahia",true,Title,Default Title,,,,,,,,,0.0,,0,deny,manual,0.00,,true,true,,,,,,https://cdn.shopify.com/s/files/1/0986/8535/4273/files/Zahia-NoixdeCajouSalees.png?v=1782989211,1,"",false,,,,kg,,,active
natural-nuts-noix-de-pcan-300g,Natural Nuts - Noix de Pécan 300G,"<p>Noix de Pécan naturelles 300g. Origine Argentine, cerneaux entiers de qualité premium. Riches en oméga-3 et en antioxydants. Idéales en pâtisserie ou à grignoter.</p>",Natural Nuts,Non classé,Fruits Secs,"300g, argentine, fruits secs, natural nuts, noix de pécan",true,Title,Default Title,,,,,,,,,0.0,,0,deny,manual,0.00,,true,true,,,,,,https://cdn.shopify.com/s/files/1/0986/8535/4273/files/NaturalNuts-NoixdePecan300G_65c0ca76-a2dd-4c24-b443-3a5de856bc2e.png?v=1782989254,1,"",false,,,,kg,,,active
natural-nuts-mlange-les-quatre-mendiants-250g,Natural Nuts - Mélange Les Quatre Mendiants 250G,"<p>Mélange Les Quatre Mendiants Natural Nuts 250g (Studentenhaver). Raisins noirs 50%, noisettes, amandes, noix de cajou, cerneaux de noix. Mélange gourmand idéal pour les apéritifs et la pâtisserie.</p>",Natural Nuts,Non classé,Fruits Secs,"250g, amandes, cajou, mélange, natural nuts, noisettes, noix, quatre mendiants, raisins",true,Title,Default Title,,,,,,,,,0.0,,0,deny,manual,0.00,,true,true,,,,,,https://cdn.shopify.com/s/files/1/0986/8535/4273/files/NaturalNuts-MelangeLesQuatreMendiants250G.png?v=1782989263,1,"",false,,,,kg,,,active
natural-nuts-pistaches-grilles-et-sales-400g,Natural Nuts - Pistaches Grillées et Salées 400G,"<p>Pistaches grillées et salées Natural Nuts 400g. Origine Turquie, 100% pistaches avec sel. Croustillantes et savoureuses, parfaites à l'apéritif.</p>",Natural Nuts,Non classé,Fruits Secs,"400g, fruits secs, grillées, natural nuts, pistaches, salées, turquie",true,Title,Default Title,,,,,,,,,0.0,,0,deny,manual,0.00,,true,true,,,,,,https://cdn.shopify.com/s/files/1/0986/8535/4273/files/NaturalNuts-PistachesGrilleesetSalees400G.png?v=1782989278,1,"",false,,,,kg,,,active
natural-nuts-noix-de-cajou-nature-250g,Natural Nuts - Noix de Cajou Nature 250G,"<p>Noix de cajou naturelles Natural Nuts 250g. 100% cajou origine Vietnam, sans sel ni additifs. Format pratique pour la collation quotidienne.</p>",Natural Nuts,,Fruits Secs,"250g, fruits secs, natural nuts, naturel, noix de cajou, vietnam",true,Title,Default Title,,,,,,,,,0.0,,0,deny,manual,0.00,,true,true,,,,,,https://cdn.shopify.com/s/files/1/0986/8535/4273/files/Natural_Nuts_-_Noix_de_Cajou_Nature_250G.jpg?v=1782988798,1,Natural Nuts - Noix de Cajou Nature 250G,false,,,,kg,,,active
natural-nuts-noix-de-cajou-nature-300g,Natural Nuts - Noix de Cajou Nature 300G,"<p>Noix de cajou naturelles Natural Nuts 300g. 100% cajou origine Vietnam, sans sel ni additifs. Riches en protéines, idéales en snack sain ou en cuisine.</p>",Natural Nuts,,Fruits Secs,"300g, fruits secs, natural nuts, naturel, noix de cajou, vietnam",true,Title,Default Title,,,,,,,,,0.0,,0,deny,manual,0.00,,true,true,,,,,,https://cdn.shopify.com/s/files/1/0986/8535/4273/files/Natural_Nuts_-_Noix_de_Cajou_Nature_300G.jpg?v=1782988798,1,Natural Nuts - Noix de Cajou Nature 300G,false,,,,kg,,,active
zahia-noix-de-cajou-nature,Zahia - Noix de Cajou Nature,"<p>Noix de cajou nature Zahia. Cajous entières 100% naturelles, origine Vietnam. Riches en minéraux et en bonnes graisses. À grignoter nature ou à intégrer dans vos recettes.</p>",Zahia,,Fruits Secs,"fruits secs, nature, noix de cajou, zahia",true,Title,Default Title,,,,,,,,,0.0,,0,deny,manual,0.00,,true,true,,,,,,https://cdn.shopify.com/s/files/1/0986/8535/4273/files/Zahia_-_Noix_de_Cajou_Nature.jpg?v=1782988798,1,NOIX DE CAJOU NATURE 600G,false,,,,kg,,,active
zahia-pistaches-grilles-et-sales-400g,Zahia - Pistaches Grillées et Salées 400G,"<p>Pistaches grillées et salées Zahia 400g. Origine Turquie, 100% pistaches. Produits de qualité premium, parfaites à l'apéritif ou en snack.</p>",Zahia,Non classé,Fruits Secs,"400g, fruits secs, grillées, pistaches, salées, turquie, zahia",true,Title,Default Title,,,,,,,,,0.0,,0,deny,manual,0.00,,true,true,,,,,,https://cdn.shopify.com/s/files/1/0986/8535/4273/files/Zahia-PistachesGrilleesetSalees400G.png?v=1782989299,1,"",false,,,,kg,,,active
garmello-pistaches-naturelles,Garmello - Pistaches Naturelles,"<p>Pistaches naturelles Garmello (Fruits Secs). Pistaches entières de qualité, idéales à grignoter ou pour vos préparations culinaires.</p>",Garmello,,Fruits Secs,"fruits secs, garmello, naturelles, pistaches",true,Title,Default Title,,,,,,,,,0.0,,0,deny,manual,0.00,,true,true,,,,,,https://cdn.shopify.com/s/files/1/0986/8535/4273/files/Garmello_-_Pistaches_Naturelles.jpg?v=1782988797,1,PISTACHES NATURELLES 600G,false,,,,kg,,,active
natural-nuts-amandes-naturelles-1kg,Natural Nuts - Amandes Naturelles 1KG,"<p>Amandes naturelles 100% Natural Nuts 1KG. Amandes entières de qualité premium, origine Australie. Riches en protéines et en bonnes graisses. Idéales pour la collation, la pâtisserie et la cuisine.</p>",Natural Nuts,,Fruits Secs,"1kg, amandes, fruits secs, natural nuts, naturelles",true,Title,Default Title,,,,,,,,,0.0,,0,deny,manual,0.00,,true,true,,,,,,https://cdn.shopify.com/s/files/1/0986/8535/4273/files/Natural_Nuts_-_Amandes_Naturelles_1KG.jpg?v=1782988798,1,Natural Nuts - Amandes Naturelles 1KG,false,,,,kg,,,active
luna-iced-coffee-original-195ml,Luna - Iced Coffee Original 195ml,<p>Luna Iced Coffee Original 195ml (قهوة مثلجة). Café glacé original en canette 195ml. Boisson caféinée froide et rafraîchissante.</p>,Luna,,Boissons,"195ml, café, canette, iced coffee, luna, original",true,Title,Default Title,,,,,,,,,0.0,,0,deny,manual,0.99,,true,true,,,,,,https://cdn.shopify.com/s/files/1/0986/8535/4273/files/Luna_-_Cafe_Glace_Original.jpg?v=1782988797,1,Luna - Iced Coffee Original 195ml,false,,,,kg,,,active
luna-iced-coffee-mocha-195ml,Luna - Iced Coffee Mocha 195ml,"<p>Luna Iced Coffee Mocha 195ml (قهوة مثلجة). Café glacé saveur moka en canette. Boisson caféinée froide, idéale pour les amateurs de café.</p>",Luna,,Boissons,"195ml, café, canette, iced coffee, luna, mocha",true,Title,Default Title,,,,,,,,,0.0,,0,deny,manual,0.99,,true,true,,,,,,https://cdn.shopify.com/s/files/1/0986/8535/4273/files/Luna_-_Iced_Coffee_Mocha.jpg?v=1782988797,1,Luna - Iced Coffee Mocha 195ml,false,,,,kg,,,active
barbican-malt-beverage-saveur-grenadine-330ml,Barbican - Malt Beverage Saveur Grenadine 330ml,<p>Barbican Malt Beverage saveur grenadine (Pomegranate) 330ml. Boisson maltée sans alcool et halal certifiée. Saveur fruitée et légèrement acidulée.</p>,Barbican,,Boissons,"330ml, barbican, grenadine, halal, malt, pomegranate, sans alcool",true,Title,Default Title,,,,,,,,,0.0,,0,deny,manual,1.39,,true,true,,,,,,https://cdn.shopify.com/s/files/1/0986/8535/4273/files/Barbican_-_Malt_Beverage_Grenade.jpg?v=1782988797,1,Barbican - Malt Beverage Saveur Grenadine 330ml,false,,,,kg,,,active
barbican-malt-beverage-saveur-raisin-330ml,Barbican - Malt Beverage Saveur Raisin 330ml,"<p>Barbican Malt Beverage saveur raisin 330ml. Boisson maltée sans alcool et halal certifiée. Saveur fruitée au raisin, idéale comme alternative festive.</p>",Barbican,,Boissons,"330ml, barbican, halal, malt, raisin, sans alcool",true,Title,Default Title,,,,,,,,,0.0,,0,deny,manual,1.39,,true,true,,,,,,https://cdn.shopify.com/s/files/1/0986/8535/4273/files/Barbican_-_Malt_Beverage_Grape.jpg?v=1782988796,1,Barbican - Malt Beverage Saveur Raisin 330ml,false,,,,kg,,,active
coca-cola-zero-sugar-330ml,Coca-Cola - Zero Sugar 330ml,<p>Coca-Cola Zero Sugar 330ml en canette. Même goût Coca-Cola sans calories ni sucre. Idéal pour les amateurs de cola qui surveillent leur consommation de sucre.</p>,Coca-Cola,,Boissons,"330ml, canette, coca-cola, sans sucre, zero",true,Title,Default Title,,,,,,,,,0.0,,0,deny,manual,1.10,,true,true,,,,,,https://cdn.shopify.com/s/files/1/0986/8535/4273/files/Coca-Cola_Zero_Sugar.jpg?v=1782988797,1,"COCACOLA ZERO 1,5L",false,,,,kg,,,active
coca-cola-original-taste-330ml,Coca-Cola - Original Taste 330ml,"<p>Coca-Cola Original Taste 330ml en canette. La recette originale iconique, pétillante et rafraîchissante. À consommer bien frais.</p>",Coca-Cola,,Boissons,"330ml, canette, coca-cola, gazeuse, original",true,Title,Default Title,,,,,,,,,0.0,,0,deny,manual,1.10,,true,true,,,,,,https://cdn.shopify.com/s/files/1/0986/8535/4273/files/Coca-Cola_Original_330ml.jpg?v=1782988797,1,Coca-Cola - Original Taste 330ml,false,,,,kg,,,active
monster-energy-original-500ml,Monster Energy - Original 500ml,<p>Monster Energy Original 500ml à la taurine et ginseng. La boisson énergisante iconique pour un boost d'énergie intense et durable.</p>,Monster,,Boissons énergisantes,"500ml, energy drink, ginseng, monster, original, taurine",true,Title,Default Title,,,,,,,,,0.0,,0,deny,manual,1.99,,true,true,,,,,,https://cdn.shopify.com/s/files/1/0986/8535/4273/files/Monster_Energy_Original.jpg?v=1782988797,1,Monster Energy - Original 500ml,false,,,,kg,,,active
hawai-tropical-boisson-fruite-250ml,Hawai Tropical - Boisson Fruitée 250ml,<p>Hawai Tropical boisson fruitée 250ml. Saveurs exotiques de fruit de la passion et noix de coco. Canette rafraîchissante à déguster bien froide.</p>,Hawai,,Boissons,"250ml, canette, coco, hawai, passion, tropical",true,Title,Default Title,,,,,,,,,0.0,,0,deny,manual,0.99,,true,true,,,,,,https://cdn.shopify.com/s/files/1/0986/8535/4273/files/Hawai_Tropical_-_Boisson_Fruitee.jpg?v=1782988797,1,Hawai Tropical - Boisson Fruitée 250ml,false,,,,kg,,,active
caprina-cola,Caprina Cola,"<p>Caprina Cola, boisson gazeuse au cola halal. Saveur classique et rafraîchissante en canette.</p>",Caprina,,Boissons,"canette, caprina, cola, halal",true,Title,Default Title,,,,,,,,,0.0,,0,deny,manual,0.99,,true,true,,,,,,https://cdn.shopify.com/s/files/1/0986/8535/4273/files/Boisson_Gazeuse_Saoudienne_Bleue.jpg?v=1782988796,1,Caprina Cola,false,,,,kg,,,active
poms-boisson-ptillante-saveur-pomme,Poms - Boisson Pétillante Saveur Pomme,"<p>Boisson pétillante Poms saveur pomme. Canette fruitée et rafraîchissante, légèrement sucrée. Idéale pour toute la famille.</p>",Poms,,Boissons,"canette, halal, pomme, poms, pétillante",true,Title,Default Title,,,,,,,,,0.0,,0,deny,manual,0.99,,true,true,,,,,,https://cdn.shopify.com/s/files/1/0986/8535/4273/files/Poms_-_Boisson_Petillante_Pomme_250ml.jpg?v=1782988797,1,Poms - Boisson Pétillante Saveur Pomme,false,,,,kg,,,active
palestine-cola-330ml,Palestine Cola 330ml,"<p>Palestine Cola 330ml. Boisson gazeuse au cola, alternative engagée. À consommer bien frais.</p>",Palestine,,Boissons,"330ml, canette, cola, palestine",true,Title,Default Title,,,,,,,,,0.0,,0,deny,manual,1.29,,true,true,,,,,,https://cdn.shopify.com/s/files/1/0986/8535/4273/files/Palestine_-_Cola.jpg?v=1782988797,1,Palestine Cola 330ml,false,,,,kg,,,active
x6-energy-drink-mojito-250ml,X6 - Energy Drink Mojito 250ml,<p>X6 Energy Drink Mojito 250ml. Boisson énergisante à la taurine saveur mojito (menthe-citron). Rafraîchissante et boostante.</p>,X6,,Boissons énergisantes,"250ml, energy drink, mojito, x6",true,Title,Default Title,,,,,,,,,0.0,,0,deny,manual,0.99,,true,true,,,,,,https://cdn.shopify.com/s/files/1/0986/8535/4273/files/X6_-_Energy_Drink_Mojito_250ml.jpg?v=1782988798,1,X6 - Energy Drink Mojito 250ml,false,,,,kg,,,active
x6-energy-drink-original-250ml,X6 - Energy Drink Original 250ml,"<p>X6 Energy Drink Original 250ml. Boisson énergisante à la taurine et guarana, pour boost d'énergie rapide. Format slim can.</p>",X6,,Boissons énergisantes,"250ml, energy drink, original, x6",true,Title,Default Title,,,,,,,,,0.0,,0,deny,manual,0.99,,true,true,,,,,,https://cdn.shopify.com/s/files/1/0986/8535/4273/files/X6_-_Energy_Drink_250ml.jpg?v=1782988797,1,X6 - Energy Drink Original 250ml,false,,,,kg,,,active
red-bull-ice-edition-vanilla-iced-250ml,Red Bull - Ice Edition Vanilla Iced 250ml,<p>Red Bull Energy Drink Ice Edition à la vanille glacée 250ml. Boisson énergisante rafraîchissante aux saveurs de vanille et de glace.</p>,Red Bull,,Boissons énergisantes,"250ml, energy drink, ice edition, red bull, vanilla",true,Title,Default Title,,,,,,,,,0.0,,0,deny,manual,1.99,,true,true,,,,,,https://cdn.shopify.com/s/files/1/0986/8535/4273/files/Red_Bull_-_Ice_Edition_Vanille.jpg?v=1782988797,1,Red Bull - Ice Edition Vanilla Iced 250ml,false,,,,kg,,,active
red-bull-white-edition-noix-de-coco-250ml,Red Bull - White Edition Noix de Coco 250ml,<p>Red Bull Energy Drink White Edition à la noix de coco et myrtille 250ml. Boisson énergisante à la saveur exotique et douce.</p>,Red Bull,,Boissons énergisantes,"250ml, energy drink, noix de coco, red bull, white edition",true,Title,Default Title,,,,,,,,,0.0,,0,deny,manual,1.99,,true,true,,,,,,https://cdn.shopify.com/s/files/1/0986/8535/4273/files/Red_Bull_-_White_Edition_Coco_Myrtille.jpg?v=1782988797,1,Red Bull - White Edition Noix de Coco 250ml,false,,,,kg,,,active
red-bull-lilac-edition-asprule-pamplemousse-250ml,Red Bull - Lilac Edition Aspérule & Pamplemousse 250ml,<p>Red Bull Energy Drink Lilac Edition à l'aspérule et pamplemousse 250ml. Boisson énergisante aux saveurs florales et fruitées.</p>,Red Bull,,Boissons énergisantes,"250ml, aspérule, energy drink, lilac edition, pamplemousse, red bull",true,Title,Default Title,,,,,,,,,0.0,,0,deny,manual,1.99,,true,true,,,,,,https://cdn.shopify.com/s/files/1/0986/8535/4273/files/Red_Bull_-_Lilac_Edition.jpg?v=1782988797,1,Red Bull - Lilac Edition Aspérule & Pamplemousse 250ml,false,,,,kg,,,active
red-bull-summer-edition-sudachi-citron-250ml,Red Bull - Summer Edition Sudachi Citron 250ml,<p>Red Bull Energy Drink Summer Edition au Sudachi-Citron 250ml. Boisson énergisante aux saveurs estivales fraîches et acidulées. Stimule le corps et l'esprit.</p>,Red Bull,,Boissons énergisantes,"250ml, citron, energy drink, red bull, sudachi, summer edition",true,Title,Default Title,,,,,,,,,0.0,,0,deny,manual,1.99,,true,true,,,,,,https://cdn.shopify.com/s/files/1/0986/8535/4273/files/Red_Bull_-_Summer_Edition_Sudachi_Citron.jpg?v=1782988797,1,Red Bull - Summer Edition Sudachi Citron 250ml,false,,,,kg,,,active
aurel-eau-minrale-pack-6x15l,Aurel - Eau Minérale Pack 6x1.5L,"<p>Eau minérale Aurel, pack de 6 bouteilles de 1,5L. Grande bouteille économique pour les repas et le quotidien.</p>",Aurel,,Boissons,"1.5L, aurel, eau, minérale, pack 6",true,Title,Default Title,,,,,,,,,0.0,,0,deny,manual,2.70,,true,true,,,,,,https://cdn.shopify.com/s/files/1/0986/8535/4273/files/Cristaline_-_Eau_Aurele_1.5L_Pack6.jpg?v=1782988798,1,Aurel - Eau Minérale Pack 6x1.5L,false,,,,kg,,,active
cristaline-eau-de-source-pack-12x50cl,Cristaline - Eau de Source Pack 12x50cl,"<p>Eau de source naturelle Cristaline, pack de 12 bouteilles x 50cl. Eau légère et équilibrée, idéale pour toute la famille.</p>",Cristaline,,Boissons,"12x50cl, cristaline, eau, naturelle, pack, source",true,Title,Default Title,,,,,,,,,0.0,,0,deny,manual,3.50,,true,true,,,,,,https://cdn.shopify.com/s/files/1/0986/8535/4273/files/Cristaline_-_Eau_12x50cl.jpg?v=1782988797,1,Cristaline - Eau de Source Pack 12x50cl,false,,,,kg,,,active
buiton-jus-fruits-mlangs-seleccin-300ml,Buiton - Jus Fruits Mélangés Selección 300ml,"<p>Jus de fruits mélangés Buiton Selección 300ml. Mélange fruité et rafraîchissant, saveur tropicale. Format individuel, à consommer frais.</p>",Buiton,,Boissons,"300ml, buiton, fruits mélangés, jus, sélection",true,Title,Default Title,,,,,,,,,0.0,,0,deny,manual,1.00,,true,true,,,,,,https://cdn.shopify.com/s/files/1/0986/8535/4273/files/Rostoy_-_Jus_Frutas_Mezcladas_200ml.jpg?v=1782988797,1,Buiton - Jus Fruits Mélangés Selección 300ml,false,,,,kg,,,active
buiton-jus-de-pche-seleccin-300ml,Buiton - Jus de Pêche Selección 300ml,"<p>Jus de pêche Buiton Selección 300ml. Boisson fruitée à base de pêche (Melocotón), saveur douce et naturelle. Format individuel, à consommer frais.</p>",Buiton,,Boissons,"300ml, buiton, jus, peche, sélection",true,Title,Default Title,,,,,,,,,0.0,,0,deny,manual,1.00,,true,true,,,,,,https://cdn.shopify.com/s/files/1/0986/8535/4273/files/Rostoy_-_Jus_Peche_200ml.jpg?v=1782988797,1,ROSTOY PECHE 1L,false,,,,kg,,,active
luxlait-lait-ferment-leben-1l,Luxlait - Lait Fermenté Leben 1L,"<p>Lait fermenté Leben Luxlait 1L. Boisson laitière traditionnelle, rafraîchissante et digeste. Idéale en accompagnement des repas.</p>",Luxlait,,Boissons,"1L, halal, lait fermenté, leben, luxlait",true,Title,Default Title,,,,,,,,,0.0,,0,deny,manual,1.95,,true,true,,,,,,https://cdn.shopify.com/s/files/1/0986/8535/4273/files/Luxlait_-_Lait_Fermente.jpg?v=1782988797,1,Luxlait - Lait Fermenté Leben 1L,false,,,,kg,,,active
boni-fromage-crmeux-ail-et-fines-herbes-200g,Boni - Fromage Crémeux Ail et Fines Herbes 200g,"<p>Fromage crémeux à tartiner Boni ail et fines herbes 200g (Roomkaas). Produit végétalien, saveur gourmande à l'ail et aux herbes fraîches. Parfait en tartine ou en dip.</p>",Boni,,Crèmerie,"200g, ail, boni, fines herbes, fromage cremeux, tartinable, vegan",true,Title,Default Title,,,,,,,,,0.0,,0,deny,manual,2.19,,true,true,,,,,,https://cdn.shopify.com/s/files/1/0986/8535/4273/files/Boni_-_Fromage_Cremeux_Ail_Fines_Herbes.jpg?v=1782988798,1,Boni - Fromage Crémeux Ail et Fines Herbes 200g,false,,,,kg,,,active
philadelphia-fromage-frais-original-xl-330g,Philadelphia - Fromage Frais Original XL 330g,"<p>Fromage frais à tartiner Philadelphia Original XL 330g. Saveur fraîche et crémeuse authentique. Polyvalent : tartines, dips, cheesecakes et sauces crémeuses.</p>",Philadelphia,,Crèmerie,"330g, fromage frais, original, philadelphia, tartinable, xl",true,Title,Default Title,,,,,,,,,0.0,,0,deny,manual,3.90,,true,true,,,,,,https://cdn.shopify.com/s/files/1/0986/8535/4273/files/Philadelphia_-_Original_XL_330g.jpg?v=1782988797,1,Philadelphia - Fromage Frais Original XL 330g,false,,,,kg,,,active
philadelphia-fromage-frais-light-xl-330g,Philadelphia - Fromage Frais Light XL 330g,"<p>Fromage frais à tartiner Philadelphia Light XL 330g. 40% moins de matières grasses, goût frais et crémeux. Idéal pour tartines, sauces et préparations légères.</p>",Philadelphia,,Crèmerie,"330g, fromage frais, light, philadelphia, tartinable, xl",true,Title,Default Title,,,,,,,,,0.0,,0,deny,manual,3.90,,true,true,,,,,,https://cdn.shopify.com/s/files/1/0986/8535/4273/files/Philadelphia_-_Light_XL.jpg?v=1782988797,1,Philadelphia - Fromage Frais Light XL 330g,false,,,,kg,,,active
everyday-margarine-cuire-et-rtir-500g,Everyday - Margarine Cuire et Rôtir 500g,"<p>Margarine végétale Everyday pour cuire et rôtir 500g. 75% de matières grasses végétales, résiste à haute température. Idéale pour fritures, rôtis et sautés.</p>",Everyday,,Crèmerie,"500g, cuisson, everyday, margarine, végétal",true,Title,Default Title,,,,,,,,,0.0,,0,deny,manual,2.20,,true,true,,,,,,https://cdn.shopify.com/s/files/1/0986/8535/4273/files/Everyday_-_Cuire_et_Rotir_Margarine_500g.jpg?v=1782988797,1,Everyday - Margarine Cuire et Rôtir 500g,false,,,,kg,,,active
everyday-beurre-de-laiterie-non-sal-250g,Everyday - Beurre de Laiterie Non Salé 250g,"<p>Beurre de laiterie non salé Everyday 250g. Beurre de qualité premium, idéal pour la cuisine, pâtisserie et à tartiner. 82% de matières grasses.</p>",Everyday,,Crèmerie,"250g, beurre, everyday, laiterie, non salé",true,Title,Default Title,,,,,,,,,0.0,,0,deny,manual,2.79,,true,true,,,,,,https://cdn.shopify.com/s/files/1/0986/8535/4273/files/Everyday_-_Beurre_de_Laiterie_Non_Sale_250g.jpg?v=1782988797,1,Everyday - Beurre de Laiterie Non Salé 250g,false,,,,kg,,,active
boni-emmental-franais-rp-200g,Boni - Emmental Français Râpé 200g,"<p>Emmental français râpé Boni 200g. Fromage à pâte pressée cuite, saveur douce et fruitée. Parfait pour gratins, quiches et salades chaudes.</p>",Boni,,Fromagerie,"200g, boni, emmental, france, fromage, rapé",true,Title,Default Title,,,,,,,,,0.0,,0,deny,manual,2.39,,true,true,,,,,,https://cdn.shopify.com/s/files/1/0986/8535/4273/files/Boni_-_Emmental_Francais_Rape.jpg?v=1782988798,1,Boni - Emmental Français Râpé 200g,false,,,,kg,,,active
boni-mozzarella-rpe-250g,Boni - Mozzarella Râpée 250g,"<p>Mozzarella râpée Boni 250g. Fromage filant de qualité, idéal pour pizzas, lasagnes et gratins. Fond parfaitement à la cuisson.</p>",Boni,,Fromagerie,"250g, boni, fromage, mozzarella, pizza, rapée",true,Title,Default Title,,,,,,,,,0.0,,0,deny,manual,2.75,,true,true,,,,,,https://cdn.shopify.com/s/files/1/0986/8535/4273/files/Boni_-_Mozzarella_Rapee.jpg?v=1782988798,1,Boni - Mozzarella Râpée 250g,false,,,,kg,,,active
boni-emmental-10-tranches-250g,Boni - Emmental 10 Tranches 250g,"<p>Emmental en 10 tranches Boni 250g. Fromage doux aux saveurs de noisette, fondant et polyvalent. Idéal pour sandwichs, croque-monsieur et gratins.</p>",Boni,,Fromagerie,"250g, boni, emmental, fromage, tranches",true,Title,Default Title,,,,,,,,,0.0,,0,deny,manual,2.19,,true,true,,,,,,https://cdn.shopify.com/s/files/1/0986/8535/4273/files/Boni_-_Emmental_Tranches_10.jpg?v=1782988797,1,Boni - Emmental 10 Tranches 250g,false,,,,kg,,,active
boni-cheddar-10-tranches-250g,Boni - Cheddar 10 Tranches 250g,"<p>Cheddar en 10 tranches Boni 250g. Fromage de vache à pâte pressée, saveur intense et légèrement piquante. Parfait pour burgers, sandwichs et toasts.</p>",Boni,,Fromagerie,"250g, boni, cheddar, fromage, tranches",true,Title,Default Title,,,,,,,,,0.0,,0,deny,manual,2.39,,true,true,,,,,,https://cdn.shopify.com/s/files/1/0986/8535/4273/files/Boni_-_Cheddar_Tranches_10.jpg?v=1782988797,1,Boni - Cheddar 10 Tranches 250g,false,,,,kg,,,active
safak-gouda-tranch-halal,Safak - Gouda Tranché Halal,"<p>Gouda tranché Safak, fromage de vache halal certifié. Tranches fines et fondantes, idéales pour sandwichs, toasts et burgers halal.</p>",Safak,,Fromagerie,"fromage, gouda, halal, safak, tranché",true,Title,Default Title,,,,,,,,,0.0,,0,deny,manual,2.20,,true,true,,,,,,https://cdn.shopify.com/s/files/1/0986/8535/4273/files/Safak_-_Fromage_Tranches_Nature.jpg?v=1782988797,1,Safak - Gouda Tranché Halal,false,,,,kg,,,active
gazi-hirtenkse-fromage-de-berger,Gazi - Hirtenkäse Fromage de Berger,"<p>Fromage de berger Gazi Hirtenkäse à la façon traditionnelle. Fromage blanc en saumure, saveur riche et authentique. Parfait en salade ou sur plateau apéritif.</p>",Gazi,,Fromagerie,"berger, blanc, fromage, gazi, hirtenkase, traditionnel",true,Title,Default Title,,,,,,,,,0.0,,0,deny,manual,2.49,,true,true,,,,,,https://cdn.shopify.com/s/files/1/0986/8535/4273/files/Gazi_-_Hirtenkase.jpg?v=1782988797,1,Gazi - Hirtenkäse Fromage de Berger,false,,,,kg,,,active
la-vache-de-paris-feta-french-combi-white-500g,La Vache de Paris - Feta French Combi White 500g,"<p>Fromage blanc type feta La Vache de Paris 500g. Fabriqué en France (Fléchard SAS). Saveur douce et crémeuse, idéal en salade, mezze ou grillé.</p>",La Vache de Paris,,Fromagerie,"500g, blanc, feta, france, fromage, vache de paris",true,Title,Default Title,,,,,,,,,0.0,,0,deny,manual,2.29,,true,true,,,,,,https://cdn.shopify.com/s/files/1/0986/8535/4273/files/La_Vache_de_Paris_-_French_Combi_White_500g.jpg?v=1782988798,1,La Vache de Paris - Feta French Combi White 500g,false,,,,kg,,,active
fromage-edam-boule-entire,Fromage Edam - Boule entière,"<p>Boule d'Edam entière. Fromage hollandais à pâte demi-dure, enrobée de cire rouge. Environ 1,9 kg, saveur douce et légèrement salée. Idéal à trancher pour plateaux fromages et sandwichs.</p>",Edam,,Fromagerie,"boule, edam, entière, fromage, hollandais",true,Title,Default Title,,,,,,,,,0.0,,0,deny,manual,18.99,,true,true,,,,,,https://cdn.shopify.com/s/files/1/0986/8535/4273/files/A_Cheese_-_Edam.jpg?v=1782988797,1,Fromage Edam - Boule entière,false,,,,kg,,,active
chatar-matrac-saucisson-poulet,Chatar Matrac - Saucisson Poulet,"<p>Saucisson Matrac Chatar au poulet, grand format. Charcuterie halal certifiée, conditionnement en rouleau.</p>",Chatar,,Charcuterie,"chatar, grand format, halal, matrac, poulet, saucisson",true,Title,Default Title,,,,,,,,,0.0,,0,deny,manual,1.95,,true,true,,,,,,https://cdn.shopify.com/s/files/1/0986/8535/4273/files/Chatar_-_Matrac_Poulet.jpg?v=1782988797,1,Chatar Matrac - Saucisson Poulet,false,,,,kg,,,active
chatar-matrac-saucisson-buf-rouge,Chatar Matrac - Saucisson Bœuf Rouge,"<p>Saucisson Matrac Chatar au bœuf, grand format. Charcuterie halal certifiée, conditionnement en rouleau, idéal pour la vente au détail.</p>",Chatar,,Charcuterie,"boeuf, chatar, grand format, halal, matrac, saucisson",true,Title,Default Title,,,,,,,,,0.0,,0,deny,manual,1.95,,true,true,,,,,,https://cdn.shopify.com/s/files/1/0986/8535/4273/files/Chatar_-_Matrac.jpg?v=1782988797,1,Chatar Matrac - Saucisson Bœuf Rouge,false,,,,kg,,,active
chatar-saucisson-poulet-nature,Chatar - Saucisson Poulet Nature,"<p>Saucisson de poulet nature Chatar. Charcuterie halal certifiée, recette traditionnelle douce. Format familial idéal pour sandwichs et grillades.</p>",Chatar,,Charcuterie,"chatar, halal, nature, poulet, saucisson",true,Title,Default Title,,,,,,,,,0.0,,0,deny,manual,2.95,,true,true,,,,,,https://cdn.shopify.com/s/files/1/0986/8535/4273/files/Chatar_-_Extra_Poulet.jpg?v=1782988797,1,Chatar - Saucisson Poulet Nature,false,,,,kg,,,active
chatar-petites-merguez-nature,Chatar - Petites Merguez Nature,"<p>Petites merguez nature Chatar. Saucisses halal certifiées, format mini idéal pour apéritifs et grillades. Goût doux et savoureux.</p>",Chatar,,Charcuterie,"chatar, halal, merguez, nature, petites",true,Title,Default Title,,,,,,,,,0.0,,0,deny,manual,2.19,,true,true,,,,,,,,,false,,,,kg,,,active
chatar-petites-merguez-piquantes,Chatar - Petites Merguez Piquantes,"<p>Petites merguez piquantes Chatar. Saucisses halal certifiées, format mini idéal pour apéritifs et grillades. Saveur épicée authentique.</p>",Chatar,,Charcuterie,"chatar, halal, merguez, petites, piquant",true,Title,Default Title,,,,,,,,,0.0,,0,deny,manual,2.19,,true,true,,,,,,,,,false,,,,kg,,,active
chatar-le-regal-merguez-nature,Chatar Le Regal - Merguez Nature,"<p>Merguez nature Chatar Le Regal Abdelilah. Saucisse halal certifiée, recette traditionnelle douce. Parfaite grillée au barbecue ou à la poêle.</p>",Chatar,,Charcuterie,"chatar, halal, le regal, merguez, nature",true,Title,Default Title,,,,,,,,,0.0,,0,deny,manual,2.99,,true,true,,,,,,https://cdn.shopify.com/s/files/1/0986/8535/4273/files/Chatar_-_Le_Regal_1.jpg?v=1782988797,1,Chatar Le Regal - Merguez Nature,false,,,,kg,,,active
chatar-le-regal-merguez-piquante,Chatar Le Regal - Merguez Piquante,"<p>Merguez piquante Chatar Le Regal Abdelilah. Saucisse halal certifiée, recette traditionnelle épicée. Idéale grillée au barbecue.</p>",Chatar,,Charcuterie,"chatar, halal, le regal, merguez, piquant",true,Title,Default Title,,,,,,,,,0.0,,0,deny,manual,2.99,,true,true,,,,,,,,,false,,,,kg,,,active
chatar-saucisson-poulet-buf-paprika,Chatar - Saucisson Poulet Bœuf Paprika,"<p>Saucisson de poulet avec viande de bœuf et paprika Chatar. Charcuterie halal certifiée, saveur riche et épicée.</p>",Chatar,,Charcuterie,"boeuf, chatar, halal, paprika, poulet, saucisson",true,Title,Default Title,,,,,,,,,0.0,,0,deny,manual,1.69,,true,true,,,,,,https://cdn.shopify.com/s/files/1/0986/8535/4273/files/Chatar_-_Saucisson_Poulet_Boeuf_Poivron.jpg?v=1782988798,1,Chatar - Saucisson Poulet Bœuf Paprika,false,,,,kg,,,active
chatar-saucisson-poulet-paprika,Chatar - Saucisson Poulet Paprika,"<p>Saucisson de poulet au paprika Chatar (Kipworst met Paprika). Charcuterie halal certifiée, saveur douce et légèrement épicée.</p>",Chatar,,Charcuterie,"chatar, halal, paprika, poulet, saucisson",true,Title,Default Title,,,,,,,,,0.0,,0,deny,manual,1.69,,true,true,,,,,,https://cdn.shopify.com/s/files/1/0986/8535/4273/files/Chatar_-_Saucisson_Poulet_Poivron.jpg?v=1782988797,1,Chatar - Saucisson Poulet Paprika,false,,,,kg,,,active
chatar-salami-dinde-et-poulet,Chatar - Salami Dinde et Poulet,"<p>Salami de dinde et viande de poulet Chatar. Charcuterie halal certifiée, goût authentique, tranché finement.</p>",Chatar,,Charcuterie,"chatar, dinde, halal, poulet, salami",true,Title,Default Title,,,,,,,,,0.0,,0,deny,manual,2.19,,true,true,,,,,,https://cdn.shopify.com/s/files/1/0986/8535/4273/files/Chatar_-_Salami_Dinde_Poulet.jpg?v=1782988798,1,Chatar - Salami Dinde et Poulet,false,,,,kg,,,active
suntat-tavuk-hindi-dilim-salam-biberli-paprika,Suntat - Tavuk-Hindi Dilim Salam Biberli (Paprika),"<p>Saucisson de volaille au paprika Suntat (Biberli). Salam tranché poulet-dinde halal certifié, légèrement épicé au paprika.</p>",Suntat,,Charcuterie,"biberli, dinde, halal, paprika, poulet, salam, suntat",true,Title,Default Title,,,,,,,,,0.0,,0,deny,manual,1.75,,true,true,,,,,,https://cdn.shopify.com/s/files/1/0986/8535/4273/files/Suntat_-_Saucisson_Volaille_Poivrons.jpg?v=1782988798,1,SAUCISSON DE VOLAILLE AUX POIVRONS 200G,false,,,,kg,,,active
suntat-tavuk-hindi-dilim-salam-aux-pistaches,Suntat - Tavuk-Hindi Dilim Salam aux Pistaches,"<p>Saucisson de volaille aux pistaches Suntat (Fıstıklı). Salam tranché poulet-dinde halal certifié, saveur gourmande aux pistaches.</p>",Suntat,,Charcuterie,"dinde, fistikli, halal, pistaches, poulet, salam, suntat",true,Title,Default Title,,,,,,,,,0.0,,0,deny,manual,1.75,,true,true,,,,,,https://cdn.shopify.com/s/files/1/0986/8535/4273/files/Suntat_-_Saucisson_Volaille_Pistaches.jpg?v=1782988798,1,Suntat - Tavuk-Hindi Dilim Salam aux Pistaches,false,,,,kg,,,active
suntat-tavuk-hindi-dilim-salam-aux-olives,Suntat - Tavuk-Hindi Dilim Salam aux Olives,"<p>Saucisson de volaille aux olives Suntat (Zeytinli). Salam tranché poulet-dinde halal certifié, riche en saveur avec des olives.</p>",Suntat,,Charcuterie,"dinde, halal, olives, poulet, salam, suntat, zeytinli",true,Title,Default Title,,,,,,,,,0.0,,0,deny,manual,1.75,,true,true,,,,,,https://cdn.shopify.com/s/files/1/0986/8535/4273/files/Suntat_-_Saucisson_Volaille_Olives.jpg?v=1782988798,1,Suntat - Tavuk-Hindi Dilim Salam aux Olives,false,,,,kg,,,active
suntat-parmak-sucuk-piquant-200g,Suntat - Parmak Sucuk Piquant 200g,"<p>Sucuk piquant à l'ail Suntat 200g (Garlic Sausage Hot). Saucisse halal certifiée de qualité premium, idéale grillée ou poêlée.</p>",Suntat,,Charcuterie,"200g, ail, halal, piquant, saucisse, sucuk, suntat",true,Title,Default Title,,,,,,,,,0.0,,0,deny,manual,2.50,,true,true,,,,,,https://cdn.shopify.com/s/files/1/0986/8535/4273/files/Suntat_-_Sucuk_Parmak_200g.jpg?v=1782988797,1,Suntat - Parmak Sucuk Piquant 200g,false,,,,kg,,,active
chatar-roulade-poulet-mexicaine-130g,Chatar - Roulade Poulet Mexicaine 130g,"<p>Roulade de poulet à la mexicaine Chatar 130g. Charcuterie halal certifiée, saveur épicée et relevée. Pour les amateurs de goûts forts.</p>",Chatar,,Charcuterie,"130g, chatar, halal, mexicaine, poulet, roulade",true,Title,Default Title,,,,,,,,,0.0,,0,deny,manual,2.49,,true,true,,,,,,https://cdn.shopify.com/s/files/1/0986/8535/4273/files/Chatar_-_Roulade_Poulet_Mexicain_130g.jpg?v=1782988798,1,ROULADE POULET MIXICAIN 130G,false,,,,kg,,,active
chatar-roulade-poulet-nature-130g,Chatar - Roulade Poulet Nature 130g,"<p>Roulade de poulet nature Chatar 130g (Chicken Natural). Charcuterie halal certifiée, goût doux et naturel. Idéale pour toute la famille.</p>",Chatar,,Charcuterie,"130g, chatar, halal, nature, poulet, roulade",true,Title,Default Title,,,,,,,,,0.0,,0,deny,manual,2.49,,true,true,,,,,,https://cdn.shopify.com/s/files/1/0986/8535/4273/files/Chatar_-_Roulade_Poulet_Nature_130g.jpg?v=1782988798,1,ROULADE POULET NATURE 130G,false,,,,kg,,,active
chatar-roulade-poulet-poivrons-130g,Chatar - Roulade Poulet Poivrons 130g,"<p>Roulade de poulet aux poivrons Chatar 130g. Charcuterie halal certifiée, saveur épicée et colorée. En tranches fines pour sandwichs et plateaux.</p>",Chatar,,Charcuterie,"130g, chatar, halal, poivrons, poulet, roulade",true,Title,Default Title,,,,,,,,,0.0,,0,deny,manual,2.49,,true,true,,,,,,https://cdn.shopify.com/s/files/1/0986/8535/4273/files/Chatar_-_Roulade_Poulet_Poivrons_130g.jpg?v=1782988798,1,ROULADE POULET POIVRONS  CHATAR 130G,false,,,,kg,,,active
chatar-dinde-fume-130g,Chatar - Dinde Fumée 130g,"<p>Dinde fumée Chatar 130g (Smoked Turkey). Charcuterie halal certifiée, goût fumé délicat. Parfaite en sandwich ou sur plateau apéritif.</p>",Chatar,,Charcuterie,"130g, chatar, dinde, fumée, halal",true,Title,Default Title,,,,,,,,,0.0,,0,deny,manual,2.49,,true,true,,,,,,https://cdn.shopify.com/s/files/1/0986/8535/4273/files/Chatar_-_Dinde_Fume_130g.jpg?v=1782988797,1,DINDE FUME 130G,false,,,,kg,,,active
chatar-bacon-duo-dinde-130g,Chatar - Bacon Duo Dinde 130g,"<p>Bacon duo de dinde et dinde fumée Chatar 130g. Charcuterie halal certifiée, idéale pour les petits-déjeuners et sandwichs.</p>",Chatar,,Charcuterie,"130g, bacon, chatar, dinde, halal",true,Title,Default Title,,,,,,,,,0.0,,0,deny,manual,2.49,,true,true,,,,,,https://cdn.shopify.com/s/files/1/0986/8535/4273/files/Chatar_-_Bacon_Duo_Dinde_130g.jpg?v=1782988797,1,BACON DUO DINDE 130G,false,,,,kg,,,active
chatar-roulade-poulet-fines-herbes-130g,Chatar - Roulade Poulet Fines Herbes 130g,"<p>Roulade de poulet aux fines herbes Chatar 130g. Charcuterie halal certifiée, tranches fines et savoureuses. Parfaite pour les sandwichs et plateaux.</p>",Chatar,,Charcuterie,"130g, chatar, fines herbes, halal, poulet, roulade",true,Title,Default Title,,,,,,,,,0.0,,0,deny,manual,2.49,,true,true,,,,,,https://cdn.shopify.com/s/files/1/0986/8535/4273/files/Chatar_-_Roulade_Poulet_Fines_Herbes_130g.jpg?v=1782988797,1,Chatar - Roulade Poulet Fines Herbes 130g,false,,,,kg,,,active
chatar-kip-poulet-andalouse,Chatar - Kip / Poulet Andalouse,"<p>Salade de poulet à l'andalouse Chatar. Produit halal certifié, préparation artisanale aux épices traditionnelles.</p>",Chatar,,Charcuterie,"andalouse, chatar, halal, poulet",true,Title,Default Title,,,,,,,,,0.0,,0,deny,manual,2.25,,true,true,,,,,,https://cdn.shopify.com/s/files/1/0986/8535/4273/files/Chatar_-_Poulet_Andalouse.jpg?v=1782988797,1,Chatar - Kip / Poulet Andalouse,false,,,,kg,,,active
chatar-tonijn-thon-andalouse,Chatar - Tonijn / Thon Andalouse,"<p>Salade de thon à l'andalouse Chatar. Produit halal certifié, saveurs authentiques. Idéal en sandwich ou en entrée.</p>",Chatar,,Charcuterie / Conserves,"andalouse, chatar, halal, poisson, thon",true,Title,Default Title,,,,,,,,,0.0,,0,deny,manual,2.25,,true,true,,,,,,https://cdn.shopify.com/s/files/1/0986/8535/4273/files/Chatar_-_Thon_Andalouse.jpg?v=1782988797,1,Chatar - Tonijn / Thon Andalouse,false,,,,kg,,,active
mais-tagine,MAIS TAGINE,"<p>Maïs tendre et savoureux, spécialement sélectionné pour accompagner vos tajines et plats en sauce. Sa douceur naturelle apporte une touche gourmande à vos préparations culinaires.</p>",My Store,"Alimentation, boissons et tabac > Aliments > Graines, riz et céréales","","",true,Title,Default Title,,,,,,,,,0.0,,0,continue,manual,2.29,,true,true,,,,,,https://cdn.shopify.com/s/files/1/0986/8535/4273/files/126.png?v=1780680891,1,"",false,,,,kg,,,active
campioni-pasta-fin-et-grosse,CAMPIONI PASTA FIN ET GROSSE,"<p>Pâtes de qualité supérieure, fabriquées selon la tradition italienne avec de la semoule de blé dur sélectionnée. Elles offrent une texture parfaite, al dente, pour toutes vos recettes.</p>",My Store,"Alimentation, boissons et tabac > Aliments > Pâtes et nouilles","","",true,Title,Default Title,,,,,,,,,1000.0,,0,continue,manual,1.99,,true,true,,,,,,https://cdn.shopify.com/s/files/1/0986/8535/4273/files/finetgrosse_bfcbc3d4-9e6e-465c-bd4b-a3719685dcc1.png?v=1780678153,1,"",false,,,,kg,,,active
campioni-pasta-grosse,CAMPIONI PASTA GROSSE,"<p>Pâtes de qualité supérieure, fabriquées selon la tradition italienne avec de la semoule de blé dur sélectionnée. Elles offrent une texture parfaite, al dente, pour toutes vos recettes.</p>",My Store,"Alimentation, boissons et tabac > Aliments > Pâtes et nouilles","","",true,Title,Default Title,,,,,,,,,1000.0,,0,continue,manual,1.99,,true,true,,,,,,https://cdn.shopify.com/s/files/1/0986/8535/4273/files/finetgrosse.png?v=1780678098,1,"",false,,,,kg,,,active
olives-vertes-denoyautees,OLIVES VERTES DENOYAUTEES 425ML,"<p>Olives vertes tendres et dénoyautées, soigneusement sélectionnées pour leur chair généreuse et leur goût doux et fruité. Parfaites à l'apéritif, en salade ou en cuisine.</p>",My Store,Non classé,"","",true,POIDS,425ML,,,,,,,,,0.0,,300,continue,manual,0.00,,true,false,,,,,,https://cdn.shopify.com/s/files/1/0986/8535/4273/files/OLIVESVERTESDENOYAUTEES425ML.png?v=1781268684,1,"",false,,,,kg,,,active
olives-vertes-entieres-1,OLIVES VERTES ENTIERES 425ML,"<p>Olives vertes entières cueillies à pleine maturité, aux notes fruitées et légèrement amères. Idéales pour la table, les salades ou en accompagnement de vos plats méditerranéens.</p>",My Store,Non classé,"","",true,POIDS,425ML,,,,,,,,,0.0,,300,continue,manual,0.00,,true,false,,,,,,https://cdn.shopify.com/s/files/1/0986/8535/4273/files/OLIVESVERTESENTIERES425ML.png?v=1781267630,1,"",false,,,,kg,,,active
olives-noires-confites-entieres-1,OLIVES NOIRES CONFITES ENTIERES 425ML,"<p>Olives noires confites au goût riche et profond, fondantes en bouche avec une saveur authentiquement méditerranéenne. Parfaites en apéritif, en pizza ou dans vos tajines.</p>",My Store,Non classé,"","",true,POIDS,425ML,,,,,,,,,0.0,,300,continue,manual,0.00,,true,false,,,,,,https://cdn.shopify.com/s/files/1/0986/8535/4273/files/OLIVESNOIRESCONFITESENTIERES425ML.png?v=1781268698,1,"",false,,,,kg,,,active
olives-vertes-entieres,OLIVES VERTES ENTIERES 850ML,"<p>Olives vertes entières cueillies à pleine maturité, aux notes fruitées et légèrement amères. Idéales pour la table, les salades ou en accompagnement de vos plats méditerranéens.</p>",My Store,Non classé,"","",true,POIDS,850ML,,,,,,,,,0.0,,300,continue,manual,0.00,,true,false,,,,,,https://cdn.shopify.com/s/files/1/0986/8535/4273/files/OLIVESVERTESENTIERES850ML.png?v=1781267627,1,"",false,,,,kg,,,active
olives-noires-confites-entieres,OLIVES NOIRES CONFITES ENTIERES 850ML,"<p>Olives noires confites au goût riche et profond, fondantes en bouche avec une saveur authentiquement méditerranéenne. Parfaites en apéritif, en pizza ou dans vos tajines.</p>",My Store,Non classé,"","",true,POIDS,850ML,,,,,,,,,0.0,,300,continue,manual,0.00,,true,false,,,,,,https://cdn.shopify.com/s/files/1/0986/8535/4273/files/OLIVESNOIRESCONFITESENTIERES850ML.png?v=1781268693,1,"",false,,,,kg,,,active
feuilles-de-vigne-1,FEUILLES DE VIGNE 650G,"<p>Feuilles de vigne tendres et parfumées, idéales pour préparer les traditionnelles feuilles de vigne farcies (dolmas) ou pour envelopper vos viandes et poissons à la grillade.</p>",My Store,Non classé,"","",true,POIDS,650G,,,,,,,,,0.0,,300,continue,manual,0.00,,true,false,,,,,,https://cdn.shopify.com/s/files/1/0986/8535/4273/files/FEUILLESDEVIGNE650G.png?v=1781268715,1,"",false,,,,kg,,,active
piment-vert-1,PIMENT VERT 650G,"<p>Piments verts croquants et parfumés, apportant une chaleur délicate à vos plats. Parfaits pour pimenter vos sauces, marinades ou à déguster marinés en condiment.</p>",My Store,,"","",true,POIDS,650G,,,,,,,,,0.0,,300,continue,manual,0.00,,true,false,,,,,,,,,false,,,,kg,,,active
cornichons,CORNICHONS 330G,"<p>Cornichons croquants et bien acidulés, marinés dans un vinaigre aromatisé aux herbes. Parfaits pour accompagner charcuteries, sandwichs et apéritifs, ou pour relever vos sauces tartare.</p>",My Store,Non classé,"","",true,POIDS,330G,,,,,,,,,0.0,,300,continue,manual,0.00,,true,false,,,,,,https://cdn.shopify.com/s/files/1/0986/8535/4273/files/CORNICHONS330G.png?v=1781268724,1,"",false,,,,kg,,,active
olives-vertes-cassees-au-citron,OLIVES VERTES CASSEES AU CITRON 550G,"<p>Olives vertes cassées marinées au citron, préparées selon la tradition marocaine. Leur texture légèrement croquante et leur parfum d'agrumes en font un accompagnement incontournable.</p>",My Store,Non classé,"","",true,POIDS,550G,,,,,,,,,0.0,,300,continue,manual,0.00,,true,false,,,,,,https://cdn.shopify.com/s/files/1/0986/8535/4273/files/OLIVESVERTESCASSEESAUCITRON550G.png?v=1781268690,1,"",false,,,,kg,,,active
olives-vertes-siciliennes,OLIVES VERTES SICILIENNES 550G,"<p>Olives vertes à la sicilienne, préparées selon la recette traditionnelle italienne avec herbes et aromates. Charnues et savoureuses, elles raviront les amateurs d'olives de qualité.</p>",My Store,Non classé,"","",true,POIDS,550G,,,,,,,,,0.0,,300,continue,manual,0.00,,true,false,,,,,,https://cdn.shopify.com/s/files/1/0986/8535/4273/files/OLIVESVERTESSICILIENNES550G.png?v=1781267602,1,"",false,,,,kg,,,active
ail-garlic,AIL GARLIC 560G,"<p>Ail préparé de qualité supérieure, sélectionné pour son arôme puissant et sa saveur authentique. Prêt à l'emploi pour faciliter votre cuisine du quotidien.</p>",My Store,,"","",true,POIDS,560G,,,,,,,,,0.0,,300,continue,manual,0.00,,true,false,,,,,,,,,false,,,,kg,,,active
citron-au-vinaigre,CITRON AU VINAIGRE 500G,"<p>Citrons marinés au vinaigre selon la tradition marocaine, aux saveurs acidulées et légèrement épicées. Un condiment idéal pour accompagner vos poissons, volailles et salades.</p>",My Store,Non classé,"","",true,POIDS,500G,,,,,,,,,0.0,,300,continue,manual,0.00,,true,false,,,,,,https://cdn.shopify.com/s/files/1/0986/8535/4273/files/CITRONAUVINAIGRE500G.png?v=1781268746,1,"",false,,,,kg,,,active
olives-noire-facon-grecque-1,OLIVES NOIRE FAçON GRECQUE 600G,"<p>Olives noires façon grecque, marinées à l'huile d'olive et aux herbes aromatiques. Leur saveur intense et leur texture fondante en font un incontournable des tables méditerranéennes.</p>",My Store,Non classé,"","",true,POIDS,600G,,,,,,,,,0.0,,300,continue,manual,0.00,,true,false,,,,,,https://cdn.shopify.com/s/files/1/0986/8535/4273/files/OLIVESNOIREFACONGRECQUE600G.png?v=1781268704,1,"",false,,,,kg,,,active
olives-violettes-tailladees-1,OLIVES VIOLETTES TAILLADEES 940G,"<p>Olives violettes à la chair tendre et à la saveur délicatement fruité, récoltées à mi-maturité. Un produit d'exception pour sublimer vos recettes ou à déguster seul à l'apéritif.</p>",My Store,Non classé,"","",true,POIDS,940G,,,,,,,,,0.0,,300,continue,manual,0.00,,true,false,,,,,,https://cdn.shopify.com/s/files/1/0986/8535/4273/files/OLIVESVIOLETTESTAILLADEES940G.png?v=1781267596,1,"",false,,,,kg,,,active
olives-vertes-rondelles-1,OLIVES VERTES RONDELLES 400G,"<p>Rondelles d'olives vertes prêtes à l'emploi, idéales pour garnir vos pizzas, salades et sandwichs. Un gain de temps en cuisine sans compromis sur le goût.</p>",My Store,Non classé,"","",true,POIDS,400G,,,,,,,,,0.0,,300,continue,manual,0.00,,true,false,,,,,,https://cdn.shopify.com/s/files/1/0986/8535/4273/files/OLIVESVERTESRONDELLES400G.png?v=1781267606,1,"",false,,,,kg,,,active
olives-vertes-cassees,OLIVES VERTES CASSEES 940G,"<p>Olives vertes cassées marinées selon la recette traditionnelle, aux herbes et épices sélectionnées. Une saveur authentique qui accompagne parfaitement vos repas.</p>",My Store,Non classé,"","",true,POIDS,940G,,,,,,,,,0.0,,300,continue,manual,0.00,,true,false,,,,,,https://cdn.shopify.com/s/files/1/0986/8535/4273/files/OLIVESVERTESCASSEES940G.png?v=1781268692,1,"",false,,,,kg,,,active
olives-vertes-denoiyautees-piquante-2,OLIVES VERTES DENOIYAUTEES PIQUANTE 940G,"<p>Olives vertes dénoyautées relevées d'un subtil piquant, idéales pour apporter du caractère à vos antipasti et mezze. Récoltées à maturité et marinées avec soin pour une saveur intense et authentique.</p>",My Store,Non classé,"","",true,POIDS,940G,,,,,,,,,0.0,,300,continue,manual,0.00,,true,false,,,,,,https://cdn.shopify.com/s/files/1/0986/8535/4273/files/OLIVESVERTESDENOIYAUTEESPIQUANTE940G.png?v=1781268685,1,"",false,,,,kg,,,active
olives-barbecue,OLIVES BARBECUE 620G,"<p>Olives marinées aux saveurs fumées et épicées façon barbecue, une création originale et gourmande. Idéales à l'apéritif pour surprendre et régaler vos convives.</p>",My Store,Non classé,"","",true,POIDS,620G,,,,,,,,,0.0,,300,continue,manual,0.00,,true,false,,,,,,https://cdn.shopify.com/s/files/1/0986/8535/4273/files/OLIVESBARBECUE620G.png?v=1781268709,1,"",false,,,,kg,,,active
olives-vertes-piquantes,OLIVES VERTES PIQUANTES 620G,"<p>Olives vertes relevées aux épices, pour les amateurs de saveurs audacieuses. Leur caractère piquant en fait un apéritif original et une garniture parfaite pour vos plats.</p>",My Store,Non classé,"","",true,POIDS,620G,,,,,,,,,0.0,,300,continue,manual,0.00,,true,false,,,,,,https://cdn.shopify.com/s/files/1/0986/8535/4273/files/OLIVESVERTESPIQUANTES620G.png?v=1781267611,1,"",false,,,,kg,,,active
olives-vertes-piquantes,,,,,,,,,,,,,,,,,,,,,,,,,,,,,,,,https://cdn.shopify.com/s/files/1/0986/8535/4273/files/OLIVESVERTESPIQUANTES620G_2.png?v=1781267612,2,"",,,,,,,,
olives-violettes-tailladees,OLIVES VIOLETTES TAILLADEES 620G,"<p>Olives violettes à la chair tendre et à la saveur délicatement fruité, récoltées à mi-maturité. Un produit d'exception pour sublimer vos recettes ou à déguster seul à l'apéritif.</p>",My Store,Non classé,"","",true,POIDS,620G,,,,,,,,,0.0,,300,continue,manual,0.00,,true,false,,,,,,https://cdn.shopify.com/s/files/1/0986/8535/4273/files/OLIVESVIOLETTESTAILLADEES620G.png?v=1781267600,1,"",false,,,,kg,,,active
olives-vertes-denoiyautees-1,OLIVES VERTES DENOIYAUTEES 620G,"<p>Olives vertes tendres et dénoyautées, soigneusement sélectionnées pour leur chair généreuse et leur goût doux et fruité. Parfaites à l'apéritif, en salade ou en cuisine.</p>",My Store,Non classé,"","",true,POIDS,620G,,,,,,,,,0.0,,300,continue,manual,0.00,,true,false,,,,,,https://cdn.shopify.com/s/files/1/0986/8535/4273/files/OLIVESVERTESDENOIYAUTEES620G.png?v=1781268686,1,"",false,,,,kg,,,active
olives-vertes-rondelles,OLIVES VERTES RONDELLES 300G,"<p>Rondelles d'olives vertes prêtes à l'emploi, idéales pour garnir vos pizzas, salades et sandwichs. Un gain de temps en cuisine sans compromis sur le goût.</p>",My Store,Non classé,"","",true,POIDS,300G,,,,,,,,,0.0,,300,continue,manual,0.00,,true,false,,,,,,https://cdn.shopify.com/s/files/1/0986/8535/4273/files/OLIVESVERTESRONDELLES300G.png?v=1781267608,1,"",false,,,,kg,,,active
olives-noire-facon-grecque,"OLIVES NOIRE FAçON GRECQUE 1,450KG","<p>Olives noires façon grecque, marinées à l'huile d'olive et aux herbes aromatiques. Leur saveur intense et leur texture fondante en font un incontournable des tables méditerranéennes.</p>",My Store,Non classé,"","",true,POIDS,"1,450KG",,,,,,,,,0.0,,300,continue,manual,0.00,,true,false,,,,,,https://cdn.shopify.com/s/files/1/0986/8535/4273/files/OLIVESNOIREFACONGRECQUE340G.png?v=1781268707,1,"",false,,,,kg,,,active
olives-noire-facon-grecque,,,,,,,,,340G,,,,,,,,,0.0,,300,continue,manual,0.00,,true,false,,,,,,,,,,,,,kg,,,
olives-vertes-denoiyautees-piquante-1,"OLIVES VERTES DENOIYAUTEES PIQUANTE 2,23KG","<p>Olives vertes dénoyautées relevées d'un subtil piquant, idéales pour apporter du caractère à vos antipasti et mezze. Récoltées à maturité et marinées avec soin pour une saveur intense et authentique.</p>",My Store,,"","",true,POIDS,"2,23KG",,,,,,,,,0.0,,300,continue,manual,0.00,,true,false,,,,,,,,,false,,,,kg,,,active
olives-vertes-denoiyautees,"OLIVES VERTES DENOIYAUTEES 2,23KG","<p>Olives vertes tendres et dénoyautées, soigneusement sélectionnées pour leur chair généreuse et leur goût doux et fruité. Parfaites à l'apéritif, en salade ou en cuisine.</p>",My Store,,"","",true,POIDS,"2,23KG",,,,,,,,,0.0,,300,continue,manual,0.00,,true,false,,,,,,,,,false,,,,kg,,,active
olives-vertes-denoiyautees-piquante,"OLIVES VERTES DENOIYAUTEES PIQUANTE 3,1KG","<p>Olives vertes dénoyautées relevées d'un subtil piquant, idéales pour apporter du caractère à vos antipasti et mezze. Récoltées à maturité et marinées avec soin pour une saveur intense et authentique.</p>",My Store,,"","",true,POIDS,"3,1KG",,,,,,,,,0.0,,300,continue,manual,0.00,,true,false,,,,,,,,,false,,,,kg,,,active
curcuma-entier,CURCUMA ENTIER,"<p>Curcuma aux propriétés antioxydantes reconnues, à la belle couleur dorée et au goût légèrement terreux. Indispensable dans la cuisine marocaine et asiatique pour colorer et parfumer vos plats.</p>",My Store,Non classé,"","",true,POIDS,Default Title,,,,,,,,,0.0,,300,continue,manual,0.00,,true,false,,,,,,https://cdn.shopify.com/s/files/1/0986/8535/4273/files/CURCUMAENTIER.png?v=1781788734,1,"",false,,,,kg,,,active
cardamome-entiere,CARDAMOME ENTIERE,"<p>Cardamome aux arômes exotiques et envoûtants, utilisée depuis des siècles dans la cuisine orientale. Elle parfume à merveille thés, pâtisseries, riz et plats en sauce.</p>",My Store,Non classé,"","",true,POIDS,Default Title,,,,,,,,,0.0,,300,continue,manual,0.00,,true,false,,,,,,https://cdn.shopify.com/s/files/1/0986/8535/4273/files/CARDAMOMEENTIERE.png?v=1781788749,1,"",false,,,,kg,,,active
feuille-de-sene,FEUILLE DE SÉNÉ,<p>Feuilles de séné naturelles aux vertus reconnues depuis l'Antiquité. Utilisées en infusion pour leurs propriétés digestives et leur douceur naturelle.</p>,My Store,,"","",true,POIDS,Default Title,,,,,,,,,0.0,,300,continue,manual,0.00,,true,false,,,,,,,,,false,,,,kg,,,active
poivre-de-jamaique-grain,POIVRE DE JAMAÏQUE GRAIN,"<p>Poivre de Jamaïque aux notes complexes rappelant la cannelle, le clou de girofle et la muscade. Une épice polyvalente pour enrichir vos marinades, viandes et desserts.</p>",My Store,Non classé,"","",true,POIDS,Default Title,,,,,,,,,0.0,,300,continue,manual,0.00,,true,false,,,,,,https://cdn.shopify.com/s/files/1/0986/8535/4273/files/POIVREDEJAMAIQUEGRAIN.png?v=1781788757,1,"",false,,,,kg,,,active
cumin-velu-soufi,CUMIN VELU SOUFI,"<p>Cumin aux arômes chauds et légèrement terreux, pilier de la cuisine marocaine et orientale. Il relève à merveille vos couscous, tajines, viandes grillées et légumineuses.</p>",My Store,,"","",true,POIDS,Default Title,,,,,,,,,0.0,,300,continue,manual,0.00,,true,false,,,,,,,,,false,,,,kg,,,active
graines-de-cressonnette,GRAINES DE CRESSONNETTE,"<p>Graines de cressonnette aux propriétés nutritionnelles reconnues, légèrement poivrées et croquantes. À saupoudrer sur vos salades, yaourts et plats pour une touche originale et saine.</p>",My Store,Non classé,"","",true,POIDS,Default Title,,,,,,,,,0.0,,300,continue,manual,0.00,,true,false,,,,,,https://cdn.shopify.com/s/files/1/0986/8535/4273/files/GRAINESDECRESSONNETTE.png?v=1781788773,1,"",false,,,,kg,,,active
peau-grenade,PEAU GRENADE,"<p>Peau de grenade séchée aux vertus antioxydantes et astringentes, utilisée en infusion ou en poudre. Un produit naturel traditionnel pour vos préparations bien-être et culinaires.</p>",My Store,,"","",true,POIDS,Default Title,,,,,,,,,0.0,,300,continue,manual,0.00,,true,false,,,,,,,,,false,,,,kg,,,active
gomme-arabique,GOMME ARABIQUE,"<p>Gomme arabique pure et naturelle, utilisée comme épaississant naturel et additif alimentaire traditionnel. Connue pour ses propriétés bénéfiques et ses multiples usages culinaires.</p>",My Store,,"","",true,POIDS,Default Title,,,,,,,,,0.0,,300,continue,manual,0.00,,true,false,,,,,,,,,false,,,,kg,,,active
fenugrec-moulu,FENUGREC MOULU,"<p>Fenugrec aux arômes chauds et légèrement amers, riche en nutriments essentiels. Très utilisé dans la cuisine marocaine et orientale pour ses vertus et sa saveur caractéristique.</p>",My Store,Non classé,"","",true,POIDS,Default Title,,,,,,,,,0.0,,300,continue,manual,0.00,,true,false,,,,,,https://cdn.shopify.com/s/files/1/0986/8535/4273/files/FENUGRECMOULU.png?v=1781788783,1,"",false,,,,kg,,,active
celeri-grains,CÉLERI GRAINS,"<p>Graines de céleri à la saveur intense et aromatique, parfaites pour assaisonner vos soupes, ragoûts et marinades. Un condiment naturel pour rehausser vos préparations culinaires.</p>",My Store,Non classé,"","",true,POIDS,Default Title,,,,,,,,,0.0,,300,continue,manual,0.00,,true,false,,,,,,https://cdn.shopify.com/s/files/1/0986/8535/4273/files/CELERIGRAINS.png?v=1781788788,1,"",false,,,,kg,,,active
coraindre-grain,CORIANDRE GRAIN,"<p>Coriandre aux arômes frais et légèrement citronnés, indispensable dans la cuisine marocaine. Elle parfume à merveille vos tajines, couscous, soupes et sauces.</p>",My Store,Non classé,"","",true,POIDS,Default Title,,,,,,,,,0.0,,300,continue,manual,0.00,,true,false,,,,,,https://cdn.shopify.com/s/files/1/0986/8535/4273/files/CORAINDREGRAIN.png?v=1781788797,1,"",false,,,,kg,,,active
coraindre,CORIANDRE MOULUE,"<p>Coriandre aux arômes frais et légèrement citronnés, indispensable dans la cuisine marocaine. Elle parfume à merveille vos tajines, couscous, soupes et sauces.</p>",My Store,Non classé,"","",true,POIDS,Default Title,,,,,,,,,0.0,,300,continue,manual,0.00,,true,false,,,,,,https://cdn.shopify.com/s/files/1/0986/8535/4273/files/CORIANDREMOULUE.png?v=1781788803,1,"",false,,,,kg,,,active
basilic,BASILIC,"<p>Basilic parfumé aux feuilles tendres et au goût doux et légèrement anisé. Essentiel pour les sauces pesto, salades de tomates et nombreuses recettes méditerranéennes.</p>",My Store,Non classé,"","",true,POIDS,Default Title,,,,,,,,,0.0,,300,continue,manual,0.00,,true,false,,,,,,https://cdn.shopify.com/s/files/1/0986/8535/4273/files/BASILIC.png?v=1781793138,1,"",false,,,,kg,,,active
anis-etoile,ANIS ÉTOILÉ,"<p>Anis étoilé aux arômes puissants et envoûtants, également appelé badiane. Utilisé en cuisine et en infusion pour ses propriétés digestives et son parfum anisé caractéristique.</p>",My Store,Non classé,"","",true,POIDS,Default Title,,,,,,,,,0.0,,300,continue,manual,0.00,,true,false,,,,,,https://cdn.shopify.com/s/files/1/0986/8535/4273/files/ANISETOILE.png?v=1781793144,1,"",false,,,,kg,,,active
thym-moulu,THYM MOULU,"<p>Thym aromatique aux vertus antiseptiques reconnues, aux notes herbacées et légèrement poivrées. Indispensable dans les bouquets garnis et pour aromatiser viandes, poissons et légumes.</p>",My Store,Non classé,"","",true,POIDS,Default Title,,,,,,,,,0.0,,300,continue,manual,0.00,,true,false,,,,,,https://cdn.shopify.com/s/files/1/0986/8535/4273/files/THYMMOULU.png?v=1781793148,1,"",false,,,,kg,,,active
graines-de-lin,GRAINES DE LIN,"<p>Graines de lin riches en acides gras oméga-3 et fibres, aux nombreuses vertus nutritionnelles. À intégrer dans vos yaourts, salades, pains et préparations pour un apport santé au quotidien.</p>",My Store,Non classé,"","",true,POIDS,Default Title,,,,,,,,,0.0,,300,continue,manual,0.00,,true,false,,,,,,https://cdn.shopify.com/s/files/1/0986/8535/4273/files/GRAINESDELIN.png?v=1781793152,1,"",false,,,,kg,,,active
nigelle,NIGELLE,"<p>Graines de nigelle aux arômes légèrement poivrés et à la saveur unique, aussi appelée cumin noir. Très appréciée dans la cuisine orientale pour parfumer pains, fromages et plats salés.</p>",My Store,Non classé,"","",true,POIDS,Default Title,,,,,,,,,0.0,,300,continue,manual,0.00,,true,false,,,,,,https://cdn.shopify.com/s/files/1/0986/8535/4273/files/NIGELLE.png?v=1781793155,1,"",false,,,,kg,,,active
anis-moulu,ANIS MOULU,"<p>Anis moulu au parfum doux et sucré, idéal pour aromatiser vos pâtisseries, biscuits et infusions. Un incontournable de la cuisine traditionnelle marocaine.</p>",My Store,Non classé,"","",true,POIDS,Default Title,,,,,,,,,0.0,,300,continue,manual,0.00,,true,false,,,,,,https://cdn.shopify.com/s/files/1/0986/8535/4273/files/ANISMOULU.png?v=1781793161,1,"",false,,,,kg,,,active
anis-vert-entier,ANIS VERT ENTIER,"<p>Anis vert entier aux graines fraîches et parfumées, à la saveur douce et légèrement sucrée. Parfait en infusion, pour parfumer pains, gâteaux et plats salés.</p>",My Store,,"","",true,POIDS,Default Title,,,,,,,,,0.0,,300,continue,manual,0.00,,true,false,,,,,,,,,false,,,,kg,,,active
fenouil-moulu,FENOUIL MOULU,"<p>Fenouil aux notes fraîches et anisées, riche en vitamines et minéraux essentiels. Il parfume délicatement vos infusions, poissons, viandes et préparations culinaires.</p>",My Store,Non classé,"","",true,POIDS,Default Title,,,,,,,,,0.0,,300,continue,manual,0.00,,true,false,,,,,,https://cdn.shopify.com/s/files/1/0986/8535/4273/files/FENOUILMOULU.png?v=1781793173,1,"",false,,,,kg,,,active
sorgho,SORGHO,"<p>Sorgho, céréale ancienne sans gluten aux multiples vertus nutritionnelles. Riche en fibres et protéines, il peut être utilisé en farine, en grain ou en bouillie pour une alimentation saine.</p>",My Store,Non classé,"","",true,POIDS,Default Title,,,,,,,,,0.0,,300,continue,manual,0.00,,true,false,,,,,,https://cdn.shopify.com/s/files/1/0986/8535/4273/files/SORGHO.png?v=1781793178,1,"",false,,,,kg,,,active
noix-de-muscade-entieres,NOIX DE MUSCADE ENTIERES,"<p>Noix de muscade à l'arôme chaud et épicé, incontournable en pâtisserie et dans les sauces béchamel. Sa saveur complexe et raffinée sublime vos préparations sucrées et salées.</p>",My Store,Non classé,"","",true,POIDS,Default Title,,,,,,,,,0.0,,300,continue,manual,0.00,,true,false,,,,,,https://cdn.shopify.com/s/files/1/0986/8535/4273/files/NOIXDEMUSCADEENTIERES.png?v=1781794401,1,"",false,,,,kg,,,active
cannelle-batons,CANNELLE BATONS,"<p>Cannelle aux arômes chauds et sucrés, épice emblématique de la cuisine marocaine. Elle parfume à merveille tagines, pastillas, pâtisseries orientales et boissons chaudes.</p>",My Store,Non classé,"","",true,POIDS,Default Title,,,,,,,,,0.0,,300,continue,manual,0.00,,true,false,,,,,,https://cdn.shopify.com/s/files/1/0986/8535/4273/files/CANNELLEBATONS.png?v=1781794408,1,"",false,,,,kg,,,active
cannelle-moulu,CANNELLE MOULU,"<p>Cannelle aux arômes chauds et sucrés, épice emblématique de la cuisine marocaine. Elle parfume à merveille tagines, pastillas, pâtisseries orientales et boissons chaudes.</p>",My Store,Non classé,"","",true,POIDS,Default Title,,,,,,,,,0.0,,300,continue,manual,0.00,,true,false,,,,,,https://cdn.shopify.com/s/files/1/0986/8535/4273/files/CANNELLEMOULU.png?v=1781794413,1,"",false,,,,kg,,,active
fenugrec-entier,FENUGREC ENTIER,"<p>Fenugrec aux arômes chauds et légèrement amers, riche en nutriments essentiels. Très utilisé dans la cuisine marocaine et orientale pour ses vertus et sa saveur caractéristique.</p>",My Store,Non classé,"","",true,POIDS,Default Title,,,,,,,,,0.0,,300,continue,manual,0.00,,true,false,,,,,,https://cdn.shopify.com/s/files/1/0986/8535/4273/files/FENUGRECENTIER.png?v=1781794419,1,"",false,,,,kg,,,active
ail-semoule,AIL SEMOULE,"<p>Ail en semoule finement moulu, libérant instantanément son arôme intense et savoureux. Pratique pour assaisonner rapidement vos plats, marinades et vinaigrettes.</p>",My Store,Non classé,"","",true,POIDS,Default Title,,,,,,,,,0.0,,300,continue,manual,0.00,,true,false,,,,,,https://cdn.shopify.com/s/files/1/0986/8535/4273/files/AILSEMOULE.png?v=1781794424,1,"",false,,,,kg,,,active
fenouil-grains,FENOUIL GRAINS,"<p>Fenouil aux notes fraîches et anisées, riche en vitamines et minéraux essentiels. Il parfume délicatement vos infusions, poissons, viandes et préparations culinaires.</p>",My Store,Non classé,"","",true,POIDS,Default Title,,,,,,,,,0.0,,300,continue,manual,0.00,,true,false,,,,,,https://cdn.shopify.com/s/files/1/0986/8535/4273/files/FENOUILGRAINS.png?v=1781794429,1,"",false,,,,kg,,,active
poivre-blanc-entier,POIVRE BLANC ENTIER,"<p>Poivre blanc à la saveur subtile et légèrement piquante, plus doux que le poivre noir. Idéal pour les sauces blanches, poissons et plats délicats où il assaisonne sans colorer.</p>",My Store,Non classé,"","",true,POIDS,Default Title,,,,,,,,,0.0,,300,continue,manual,0.00,,true,false,,,,,,https://cdn.shopify.com/s/files/1/0986/8535/4273/files/POIVREBLANCENTIER.png?v=1781794436,1,"",false,,,,kg,,,active
poivre-noir-grains,POIVRE NOIR GRAINS,"<p>Poivre noir aux arômes puissants et chaleureux, roi des épices depuis l'Antiquité. Il relève et enrichit tous vos plats, marinades, viandes et sauces d'une saveur incomparable.</p>",My Store,Non classé,"","",true,POIDS,Default Title,,,,,,,,,0.0,,300,continue,manual,0.00,,true,false,,,,,,https://cdn.shopify.com/s/files/1/0986/8535/4273/files/POIVRENOIRGRAINS.png?v=1781794439,1,"",false,,,,kg,,,active
cumin-grain,CUMIN GRAIN,"<p>Cumin aux arômes chauds et légèrement terreux, pilier de la cuisine marocaine et orientale. Il relève à merveille vos couscous, tajines, viandes grillées et légumineuses.</p>",My Store,Non classé,"","",true,POIDS,Default Title,,,,,,,,,0.0,,300,continue,manual,0.00,,true,false,,,,,,https://cdn.shopify.com/s/files/1/0986/8535/4273/files/CUMINGRAIN.png?v=1781794444,1,"",false,,,,kg,,,active
cumin-moulu,CUMIN MOULU,"<p>Cumin aux arômes chauds et légèrement terreux, pilier de la cuisine marocaine et orientale. Il relève à merveille vos couscous, tajines, viandes grillées et légumineuses.</p>",My Store,Non classé,"","",true,POIDS,Default Title,,,,,,,,,0.0,,300,continue,manual,0.00,,true,false,,,,,,https://cdn.shopify.com/s/files/1/0986/8535/4273/files/CUMINMOULU.png?v=1781794450,1,"",false,,,,kg,,,active
ras-el-hanout-jaune,RAS EL HANOUT JAUNE,"<p>Ras el Hanout, mélange emblématique d'épices marocaines aux arômes complexes et envoûtants. Cette épice de prestige parfume à merveille tagines, couscous et viandes grillées.</p>",My Store,Non classé,"","",true,POIDS,Default Title,,,,,,,,,0.0,,300,continue,manual,0.00,,true,false,,,,,,https://cdn.shopify.com/s/files/1/0986/8535/4273/files/RASELHANOUTJAUNE.png?v=1781796309,1,"",false,,,,kg,,,active
ras-el-hanout-rouge,RAS EL HANOUT ROUGE,"<p>Ras el Hanout, mélange emblématique d'épices marocaines aux arômes complexes et envoûtants. Cette épice de prestige parfume à merveille tagines, couscous et viandes grillées.</p>",My Store,Non classé,"","",true,POIDS,Default Title,,,,,,,,,0.0,,300,continue,manual,0.00,,true,false,,,,,,https://cdn.shopify.com/s/files/1/0986/8535/4273/files/RASELHANOUTROUGE.png?v=1781796311,1,"",false,,,,kg,,,active
gingembre-moulu,GINGEMBRE MOULU,"<p>Gingembre moulu aux arômes chauds et légèrement citronnés, riche en vertus digestives et antioxydantes. Il relève tajines, soupes, pâtisseries et boissons d'une saveur exotique unique.</p>",My Store,Non classé,"","",true,POIDS,Default Title,,,,,,,,,0.0,,300,continue,manual,0.00,,true,false,,,,,,https://cdn.shopify.com/s/files/1/0986/8535/4273/files/GINGEMBREMOULU.png?v=1781796314,1,"",false,,,,kg,,,active
curcuma-moulu,CURCUMA MOULU,"<p>Curcuma aux propriétés antioxydantes reconnues, à la belle couleur dorée et au goût légèrement terreux. Indispensable dans la cuisine marocaine et asiatique pour colorer et parfumer vos plats.</p>",My Store,Non classé,"","",true,POIDS,Default Title,,,,,,,,,0.0,,300,continue,manual,0.00,,true,false,,,,,,https://cdn.shopify.com/s/files/1/0986/8535/4273/files/CURCUMAMOULU.png?v=1781796321,1,"",false,,,,kg,,,active
pimant-doux,PIMANT DOUX,"<p>Piment doux moulu à la couleur rouge vive et au goût délicat, parfait pour colorer et parfumer vos plats sans brûler. Idéal pour les tajines, couscous et sauces.</p>",My Store,Non classé,"","",true,POIDS,Default Title,,,,,,,,,0.0,,300,continue,manual,0.00,,true,false,,,,,,https://cdn.shopify.com/s/files/1/0986/8535/4273/files/PIMANTDOUX.png?v=1781796327,1,"",false,,,,kg,,,active
pimant-fort-moulu,PIMANT FORT MOULU,<p>Piment fort moulu d'une intensité remarquable pour les amateurs de sensations fortes en cuisine. À utiliser avec modération pour relever vos plats et sauces.</p>,My Store,Non classé,"","",true,POIDS,Default Title,,,,,,,,,0.0,,300,continue,manual,0.00,,true,false,,,,,,https://cdn.shopify.com/s/files/1/0986/8535/4273/files/PIMANTFORTMOULU.png?v=1781796331,1,"",false,,,,kg,,,active
poivre-noir-moulu,POIVRE NOIR MOULU,"<p>Poivre noir aux arômes puissants et chaleureux, roi des épices depuis l'Antiquité. Il relève et enrichit tous vos plats, marinades, viandes et sauces d'une saveur incomparable.</p>",My Store,Non classé,"","",true,POIDS,Default Title,,,,,,,,,0.0,,300,continue,manual,0.00,,true,false,,,,,,https://cdn.shopify.com/s/files/1/0986/8535/4273/files/POIVRENOIRMOULU.png?v=1781796346,1,"",false,,,,kg,,,active
poivre-blanc-moulu,POIVRE BLANC MOULU,"<p>Poivre blanc à la saveur subtile et légèrement piquante, plus doux que le poivre noir. Idéal pour les sauces blanches, poissons et plats délicats où il assaisonne sans colorer.</p>",My Store,Non classé,"","",true,POIDS,Default Title,,,,,,,,,0.0,,300,continue,manual,0.00,,true,false,,,,,,https://cdn.shopify.com/s/files/1/0986/8535/4273/files/POIVREBLANCMOULU.png?v=1781796352,1,"",false,,,,kg,,,active
epices-brochette-rouge,ÉPICES BROCHETTE ROUGE,<p>Mélange d'épices spécialement dosé pour sublimer vos brochettes de viande. Cette préparation artisanale apporte des arômes grillés et épicés irrésistibles à vos barbecues.</p>,My Store,Non classé,"","",true,POIDS,Default Title,,,,,,,,,0.0,,300,continue,manual,0.00,,true,false,,,,,,https://cdn.shopify.com/s/files/1/0986/8535/4273/files/EPICESBROCHETTEROUGE_ddefe554-3458-43c3-bd74-adc2f9719dd9.png?v=1781796378,1,"",false,,,,kg,,,active
epices-brochette-jaune,ÉPICES  BROCHETTE JAUNE,"<p>Produit de qualité supérieure, soigneusement sélectionné pour vous offrir le meilleur de la gastronomie méditerranéenne et marocaine. Un incontournable à avoir dans votre cuisine pour des plats savoureux et authentiques.</p>",My Store,Non classé,"","",true,POIDS,Default Title,,,,,,,,,0.0,,300,continue,manual,0.00,,true,false,,,,,,https://cdn.shopify.com/s/files/1/0986/8535/4273/files/EPICESBROCHETTEJAUNE.png?v=1781796381,1,"",false,,,,kg,,,active
epices-poulet-jaune,ÉPICES POULET JAUNE,<p>Mélange d'épices soigneusement dosé pour parfumer et colorer vos préparations de poulet. Un assaisonnement complet pour un poulet rôti ou mijoté aux arômes méditerranéens.</p>,My Store,Non classé,"","",true,POIDS,Default Title,,,,,,,,,0.0,,300,continue,manual,0.00,,true,false,,,,,,https://cdn.shopify.com/s/files/1/0986/8535/4273/files/EPICESPOULETJAUNE.png?v=1781796388,1,"",false,,,,kg,,,active
epices-poisson,ÉPICES POISSON,"<p>Mélange d'épices spécialement conçu pour sublimer vos poissons grillés, cuits au four ou en papillote. Des arômes délicats qui s'accordent parfaitement avec toutes les variétés de poissons.</p>",My Store,Non classé,"","",true,POIDS,Default Title,,,,,,,,,0.0,,300,continue,manual,0.00,,true,false,,,,,,https://cdn.shopify.com/s/files/1/0986/8535/4273/files/EPICESPOISSON.png?v=1781796392,1,"",false,,,,kg,,,active
epices-tagine,EPICES TAGINE,"<p>Mélange d'épices traditionnel pour tagine, soigneusement préparé selon la recette marocaine authentique. Il offre à vos tajines cette saveur complexe et parfumée qui fait toute la richesse de la cuisine marocaine.</p>",My Store,Non classé,"","",true,POIDS,Default Title,,,,,,,,,0.0,,300,continue,manual,0.00,,true,false,,,,,,https://cdn.shopify.com/s/files/1/0986/8535/4273/files/EPICESTAGINE.png?v=1781796397,1,"",false,,,,kg,,,active
melange-depices,MELANGE D'EPICES,"<p>Mélange d'épices artisanal aux arômes riches et équilibrés, pour relever tous vos plats du quotidien. Une composition généreuse pour un assaisonnement savoureux et authentique.</p>",My Store,,"","",true,POIDS,Default Title,,,,,,,,,0.0,,300,continue,manual,0.00,,true,false,,,,,,,,,false,,,,kg,,,active
epices-poulet-rouge,EPICES POULET  ROUGE,<p>Mélange d'épices soigneusement dosé pour parfumer et colorer vos préparations de poulet. Un assaisonnement complet pour un poulet rôti ou mijoté aux arômes méditerranéens.</p>,My Store,Non classé,"","",true,POIDS,Default Title,,,,,,,,,0.0,,300,continue,manual,0.00,,true,false,,,,,,https://cdn.shopify.com/s/files/1/0986/8535/4273/files/EPICESPOULETROUGE.png?v=1781796400,1,"",false,,,,kg,,,active
epices-harira,EPICES HARIRA,"<p>Mélange d'épices spécialement dosé pour préparer la harira, soupe marocaine traditionnelle. Il rassemble toutes les saveurs nécessaires pour un bouillon riche, parfumé et authentique.</p>",My Store,Non classé,"","",true,POIDS,Default Title,,,,,,,,,0.0,,300,continue,manual,0.00,,true,false,,,,,,https://cdn.shopify.com/s/files/1/0986/8535/4273/files/EPICESHARIRA.png?v=1781797106,1,"",false,,,,kg,,,active
curry-madras,CURRY MADRAS,"<p>Curry Madras au mélange d'épices savamment dosé, aux arômes chauds et légèrement piquants. Parfait pour préparer des currys authentiques, marinades et sauces exotiques.</p>",My Store,Non classé,"","",true,POIDS,Default Title,,,,,,,,,0.0,,300,continue,manual,0.00,,true,false,,,,,,https://cdn.shopify.com/s/files/1/0986/8535/4273/files/CURRYMADRAS.png?v=1781797115,1,"",false,,,,kg,,,active
le-myrte,LE MYRTE,"<p>Myrte aux feuilles parfumées et aux baies légèrement épicées, utilisé depuis l'Antiquité en cuisine et en infusion. Son arôme délicat et boisé parfume agréablement viandes et desserts.</p>",My Store,,"","",true,POIDS,Default Title,,,,,,,,,0.0,,300,continue,manual,0.00,,true,false,,,,,,,,,false,,,,kg,,,active
lavande,LAVANDE,"<p>Lavande aux fleurs délicatement parfumées et aux propriétés apaisantes reconnues. À utiliser en infusion pour se détendre, ou en cuisine pour parfumer pâtisseries et desserts provençaux.</p>",My Store,Non classé,"","",true,POIDS,Default Title,,,,,,,,,0.0,,300,continue,manual,0.00,,true,false,,,,,,https://cdn.shopify.com/s/files/1/0986/8535/4273/files/LAVANDE.png?v=1781797119,1,"",false,,,,kg,,,active
noix-de-muscade-moulue,NOIX DE MUSCADE MOULUE,"<p>Noix de muscade à l'arôme chaud et épicé, incontournable en pâtisserie et dans les sauces béchamel. Sa saveur complexe et raffinée sublime vos préparations sucrées et salées.</p>",My Store,Non classé,"","",true,POIDS,Default Title,,,,,,,,,0.0,,300,continue,manual,0.00,,true,false,,,,,,https://cdn.shopify.com/s/files/1/0986/8535/4273/files/NOIXDEMUSCADEMOULUE.png?v=1781797122,1,"",false,,,,kg,,,active
camomille,CAMOMILLE,"<p>Camomille aux fleurs douces et apaisantes, reconnue pour ses vertus relaxantes et digestives. À déguster en infusion chaude le soir pour favoriser un sommeil serein et paisible.</p>",My Store,Non classé,"","",true,POIDS,Default Title,,,,,,,,,0.0,,300,continue,manual,0.00,,true,false,,,,,,https://cdn.shopify.com/s/files/1/0986/8535/4273/files/CAMOMILLE.png?v=1781797126,1,"",false,,,,kg,,,active
sauge-feuilles,SAUGE FEUILLES,"<p>Sauge aux feuilles aromatiques aux propriétés purifiantes et digestives reconnues. En infusion ou en cuisine, elle parfume délicatement vos plats de viandes et volailles.</p>",My Store,Non classé,"","",true,POIDS,Default Title,,,,,,,,,0.0,,300,continue,manual,0.00,,true,false,,,,,,https://cdn.shopify.com/s/files/1/0986/8535/4273/files/SAUGEFEUILLES.png?v=1781797131,1,"",false,,,,kg,,,active
laurier-feuilles,LAURIER FEUILLES,"<p>Feuilles de laurier aux arômes puissants et légèrement amers, indispensables dans les bouquets garnis. Elles parfument subtilement bouillons, ragoûts, tajines et marinades.</p>",My Store,Non classé,"","",true,POIDS,Default Title,,,,,,,,,0.0,,300,continue,manual,0.00,,true,false,,,,,,https://cdn.shopify.com/s/files/1/0986/8535/4273/files/LAURIERFEUILLES.png?v=1781797136,1,"",false,,,,kg,,,active
pomme-cannelle,POMME CANNELLE,"<p>Cannelle aux arômes chauds et sucrés, épice emblématique de la cuisine marocaine. Elle parfume à merveille tagines, pastillas, pâtisseries orientales et boissons chaudes.</p>",My Store,,"","",true,POIDS,Default Title,,,,,,,,,0.0,,300,continue,manual,0.00,,true,false,,,,,,,,,false,,,,kg,,,active
mangues,MANGUES,"<p>Mangues juteuses et sucrées, cueillie à parfaite maturité pour une saveur tropicale incomparable. À déguster fraîche, en smoothie ou pour préparer des desserts et salades de fruits.</p>",My Store,"Alimentation, boissons et tabac > Aliments > Fruits et légumes > Fruits frais et surgelés > Fruits à noyaux > Mangues","","",true,POIDS,Default Title,,,,,,,,,0.0,,300,continue,manual,0.00,,true,false,,,,,,https://cdn.shopify.com/s/files/1/0986/8535/4273/files/mangue.jpg?v=1782988798,1,MANGUES,false,,,,kg,,,active
bananes,BANANES,"<p>Bananes mûres et crémeuses, naturellement riches en potassium et en énergie. Un fruit pratique et gourmand à consommer tel quel ou en smoothie, cake et desserts.</p>",My Store,Non classé,"","",true,POIDS,Default Title,,,,,,,,,0.0,,300,continue,manual,0.00,,true,false,,,,,,https://cdn.shopify.com/s/files/1/0986/8535/4273/files/banane.png?v=1780401130,1,"",false,,,,kg,,,active
pomme-jaune,POMME JAUNE,"<p>Pommes jaunes croquantes et sucrées, à la chair juteuse et parfumée. Idéales à grignoter, en compote ou en tarte pour profiter de leur saveur naturellement douce.</p>",My Store,Non classé,"","",true,POIDS,Default Title,,,,,,,,,0.0,,300,continue,manual,0.00,,true,false,,,,,,https://cdn.shopify.com/s/files/1/0986/8535/4273/files/pomme_jaune.jpg?v=1782988798,1,POMME JAUNE,false,,,,kg,,,active
pommes-vert,POMMES VERT,"<p>Pommes vertes croquantes et acidulées, parfaites pour les amateurs de fraîcheur. Délicieuses à croquer, en jus ou en cuisine pour apporter une note acidulée à vos recettes.</p>",My Store,Non classé,"","",true,POIDS,Default Title,,,,,,,,,0.0,,300,continue,manual,0.00,,true,false,,,,,,https://cdn.shopify.com/s/files/1/0986/8535/4273/files/pomme_vert.jpg?v=1782988798,1,POMMES VERT,false,,,,kg,,,active
pommes-rouges,POMMES ROUGES,"<p>Pommes rouges juteuses et sucrées, sélectionnées pour leur couleur vive et leur saveur délicieuse. À déguster fraîche, en compote ou en dessert pour le plaisir de toute la famille.</p>",My Store,Non classé,"","",true,POIDS,Default Title,,,,,,,,,0.0,,300,continue,manual,0.00,,true,false,,,,,,https://cdn.shopify.com/s/files/1/0986/8535/4273/files/pomme_rouge.jpg?v=1782988798,1,POMMES ROUGES,false,,,,kg,,,active
poires,POIRES,"<p>Poires fondantes et sucrées, à la chair tendre et délicatement parfumée. À déguster fraîches ou utilisées en tarte, compote et salade de fruits pour leur saveur douce et raffinée.</p>",My Store,Non classé,"","",true,POIDS,Default Title,,,,,,,,,0.0,,300,continue,manual,0.00,,true,false,,,,,,https://cdn.shopify.com/s/files/1/0986/8535/4273/files/Poire.jpg?v=1782988798,1,POIRES,false,,,,kg,,,active
peches,PECHES,"<p>Pêches juteuses et sucrées, au parfum envoûtant et à la chair fondante. Un fruit d'été incontournable à déguster frais ou en confiture, tarte et desserts gourmands.</p>",My Store,Non classé,"","",true,POIDS,Default Title,,,,,,,,,0.0,,300,continue,manual,0.00,,true,false,,,,,,https://cdn.shopify.com/s/files/1/0986/8535/4273/files/Peche.jpg?v=1782988798,1,PECHES,false,,,,kg,,,active
nectarines,NECTARINES,"<p>Nectarines juteuses à la peau lisse et brillante, sucrées avec une légère acidité rafraîchissante. Délicieuses telles quelles ou en salade de fruits, compote et pâtisseries estivales.</p>",My Store,Non classé,"","",true,POIDS,Default Title,,,,,,,,,0.0,,300,continue,manual,0.00,,true,false,,,,,,https://cdn.shopify.com/s/files/1/0986/8535/4273/files/Nectarine.jpg?v=1782988798,1,NECTARINES,false,,,,kg,,,active
prunes,PRUNES,"<p>Prunes charnues et sucrées, à la peau légèrement acidulée et à la chair fondante. À déguster fraîches ou pour préparer confitures, tartes et desserts aux saveurs authentiques.</p>",My Store,Non classé,"","",true,POIDS,Default Title,,,,,,,,,0.0,,300,continue,manual,0.00,,true,false,,,,,,https://cdn.shopify.com/s/files/1/0986/8535/4273/files/PRUNES.png?v=1780401210,1,"",false,,,,kg,,,active
avocats,AVOCATS,"<p>Avocats à chair crémeuse et onctueuse, riches en bonnes graisses et en nutriments essentiels. Parfaits en guacamole, tartines, salades et sushis pour une alimentation saine et gourmande.</p>",My Store,Non classé,"","",true,POIDS,Default Title,,,,,,,,,0.0,,300,continue,manual,0.00,,true,false,,,,,,https://cdn.shopify.com/s/files/1/0986/8535/4273/files/avocat.jpg?v=1782988797,1,AVOCATS,false,,,,kg,,,active
melon,MELON,"<p>Melon juteux et sucré, à la chair orangée et parfumée, idéal pour les chaudes journées d'été. À déguster en entrée avec de la charcuterie ou en dessert rafraîchissant.</p>",My Store,Non classé,"","",true,POIDS,Default Title,,,,,,,,,0.0,,300,continue,manual,0.00,,true,false,,,,,,https://cdn.shopify.com/s/files/1/0986/8535/4273/files/Melon.jpg?v=1782988798,1,MELON,false,,,,kg,,,active
pasteque,PASTEQUE,"<p>Pastèque gorgée d'eau et naturellement sucrée, le fruit rafraîchissant par excellence des étés chauds. À déguster bien fraîche en tranches ou en jus pour une hydratation gourmande.</p>",My Store,Non classé,"","",true,POIDS,Default Title,,,,,,,,,0.0,,300,continue,manual,0.00,,true,false,,,,,,https://cdn.shopify.com/s/files/1/0986/8535/4273/files/PASTEQUE.png?v=1780401041,1,"",false,,,,kg,,,active
fraises,FRAISES,"<p>Fraises rouges et parfumées, sélectionnées pour leur saveur naturellement sucrée et légèrement acidulée. À déguster fraîches avec de la crème, en tarte ou en confiture maison.</p>",My Store,Non classé,"","",true,POIDS,Default Title,,,,,,,,,0.0,,300,continue,manual,0.00,,true,false,,,,,,https://cdn.shopify.com/s/files/1/0986/8535/4273/files/fraise.jpg?v=1782988798,1,FRAISES,false,,,,kg,,,active
raisins-noir,RAISINS NOIR,"<p>Raisins noirs juteux et sucrés aux grains généreux et brillants. À déguster frais tel quel, en jus ou pour accompagner fromages et charcuteries en fin de repas.</p>",My Store,Non classé,"","",true,POIDS,Default Title,,,,,,,,,0.0,,300,continue,manual,0.00,,true,false,,,,,,https://cdn.shopify.com/s/files/1/0986/8535/4273/files/Raisin_Noir_Novello.jpg?v=1782988797,1,RAISINS NOIR,false,,,,kg,,,active
raisins-verts,RAISINS VERTS,"<p>Raisins verts croquants et légèrement acidulés, rafraîchissants et naturellement sucrés. Parfaits à grignoter frais, en salade de fruits ou pour accompagner un plateau de fromages.</p>",My Store,Non classé,"","",true,POIDS,Default Title,,,,,,,,,0.0,,300,continue,manual,0.00,,true,false,,,,,,https://cdn.shopify.com/s/files/1/0986/8535/4273/files/rasin_vert_petit.jpg?v=1782988798,1,RAISINS VERTS,false,,,,kg,,,active
kiwis,KIWIS,"<p>Kiwis juteux et acidulés, exceptionnellement riches en vitamine C et antioxydants. À déguster frais en tranches, en smoothie ou en salade de fruits pour un boost d'énergie vitaminé.</p>",My Store,Non classé,"","",true,POIDS,Default Title,,,,,,,,,0.0,,300,continue,manual,0.00,,true,false,,,,,,https://cdn.shopify.com/s/files/1/0986/8535/4273/files/kiwi.jpg?v=1782988798,1,KIWIS,false,,,,kg,,,active
mandarines,MANDARINES,"<p>Mandarines sucrées et parfumées, faciles à éplucher et naturellement riches en vitamine C. Un en-cas sain et délicieux pour toute la famille, à déguster fraîches ou en jus.</p>",My Store,Non classé,"","",true,POIDS,Default Title,,,,,,,,,0.0,,300,continue,manual,0.00,,true,false,,,,,,https://cdn.shopify.com/s/files/1/0986/8535/4273/files/MANDARINES.png?v=1780401104,1,"",false,,,,kg,,,active
clementines,CLEMENTINES,"<p>Clémentines juteuses et parfumées, sans pépins et naturellement riches en vitamine C. Faciles à éplucher, elles constituent une collation saine et délicieuse pour toute la famille.</p>",My Store,Non classé,"","",true,POIDS,Default Title,,,,,,,,,0.0,,300,continue,manual,0.00,,true,false,,,,,,https://cdn.shopify.com/s/files/1/0986/8535/4273/files/CLEMENTINES.png?v=1780401109,1,"",false,,,,kg,,,active
oranges,ORANGES,"<p>Oranges juteuses et sucrées, source excellente de vitamine C et d'antioxydants. À presser en jus frais le matin ou à déguster en tranches pour un concentré de bienfaits.</p>",My Store,Non classé,"","",true,POIDS,Default Title,,,,,,,,,0.0,,300,continue,manual,0.00,,true,false,,,,,,https://cdn.shopify.com/s/files/1/0986/8535/4273/files/486.png?v=1783948934,1,"",false,,,,kg,,,active
piment-vert,PIMENT VERT,"<p>Piments verts croquants et parfumés, apportant une chaleur délicate à vos plats. Parfaits pour pimenter vos sauces, marinades ou à déguster marinés en condiment.</p>",My Store,Non classé,"","",true,POIDS,Default Title,,,,,,,,,0.0,,300,continue,manual,0.00,,true,false,,,,,,https://cdn.shopify.com/s/files/1/0986/8535/4273/files/495.png?v=1783948925,1,"",false,,,,kg,,,active
champinions,CHAMPINIONS,"<p>Champignons frais aux saveurs boisées et à la texture charnue, cueillis à parfaite maturité. Idéaux sautés à la poêle, en sauce ou pour garnir vos pizzas, pâtes et omelettes.</p>",My Store,Non classé,"","",true,POIDS,Default Title,,,,,,,,,0.0,,300,continue,manual,0.00,,true,false,,,,,,https://cdn.shopify.com/s/files/1/0986/8535/4273/files/CHAMPINIONS.png?v=1780677001,1,"",false,,,,kg,,,active
aubergines,AUBERGINES,"<p>Aubergines brillantes et charnues, à la chair douce qui absorbe les saveurs des épices et marinades. Parfaites grillées, farcies, en caviar ou dans vos tajines et plats mijotés.</p>",My Store,Non classé,"","",true,POIDS,Default Title,,,,,,,,,0.0,,300,continue,manual,0.00,,true,false,,,,,,https://cdn.shopify.com/s/files/1/0986/8535/4273/files/AUBERGINES.png?v=1780676995,1,"",false,,,,kg,,,active
poivrons-vert,POIVRONS VERT,"<p>Poivrons croquants et colorés, riches en vitamines C et antioxydants. Délicieux crus en salade ou cuits pour garnir vos tajines, omelets et plats sautés.</p>",My Store,Non classé,"","",true,POIDS,Default Title,,,,,,,,,0.0,,300,continue,manual,0.00,,true,false,,,,,,https://cdn.shopify.com/s/files/1/0986/8535/4273/files/494_ba7e61cb-6043-4129-b3e0-f57c219300f0.png?v=1783949991,1,"",false,,,,kg,,,active
poivrons-jaune,POIVRONS JAUNE,"<p>Poivrons croquants et colorés, riches en vitamines C et antioxydants. Délicieux crus en salade ou cuits pour garnir vos tajines, omelets et plats sautés.</p>",My Store,Non classé,"","",true,POIDS,Default Title,,,,,,,,,0.0,,300,continue,manual,0.00,,true,false,,,,,,https://cdn.shopify.com/s/files/1/0986/8535/4273/files/POIVRONSJAUNE.png?v=1780676984,1,"",false,,,,kg,,,active
poivrons-rouge,POIVRONS ROUGE,"<p>Poivrons croquants et colorés, riches en vitamines C et antioxydants. Délicieux crus en salade ou cuits pour garnir vos tajines, omelets et plats sautés.</p>",My Store,Non classé,"","",true,POIDS,Default Title,,,,,,,,,0.0,,300,continue,manual,0.00,,true,false,,,,,,https://cdn.shopify.com/s/files/1/0986/8535/4273/files/POIVRONSROUGE.png?v=1780676979,1,"",false,,,,kg,,,active
tomates,TOMATES,"<p>Tomates fraîches et juteuses, sélectionnées pour leur saveur naturellement sucrée et légèrement acidulée. Indispensables en cuisine pour salades, sauces, tajines et nombreuses recettes.</p>",My Store,Non classé,"","",true,POIDS,Default Title,,,,,,,,,0.0,,300,continue,manual,0.00,,true,false,,,,,,https://cdn.shopify.com/s/files/1/0986/8535/4273/files/TOMATES.png?v=1780676970,1,"",false,,,,kg,,,active
carotte,CAROTTE,"<p>Carottes croquantes et sucrées, riches en bêta-carotène et vitamines essentielles. Versatiles en cuisine : crues en salade, cuites en tajine, en purée ou en soupe réconfortante.</p>",My Store,Non classé,"","",true,POIDS,Default Title,,,,,,,,,0.0,,300,continue,manual,0.00,,true,false,,,,,,https://cdn.shopify.com/s/files/1/0986/8535/4273/files/CAROTTE.png?v=1780677533,1,"",false,,,,kg,,,active
courges-butternut,COURGES BUTTERNUT,"<p>Courge Butternut à la chair orange et sucrée, parfaite pour les soupes veloutées et les plats d'automne. Sa saveur douce et beurrée en fait un légume gourmand pour toute la famille.</p>",My Store,Non classé,"","",true,POIDS,Default Title,,,,,,,,,0.0,,300,continue,manual,0.00,,true,false,,,,,,https://cdn.shopify.com/s/files/1/0986/8535/4273/files/COURGESBUTTERNUT.png?v=1780677528,1,"",false,,,,kg,,,active
tomates-cerises,TOMATES CERISES,"<p>Tomates cerises sucrées et juteuses, aux petits fruits colorés et savoureux. Parfaites telles quelles à l'apéritif, en brochette ou pour décorer et garnir vos salades estivales.</p>",My Store,Non classé,"","",true,POIDS,Default Title,,,,,,,,,0.0,,300,continue,manual,0.00,,true,false,,,,,,https://cdn.shopify.com/s/files/1/0986/8535/4273/files/497.png?v=1783948937,1,"",false,,,,kg,,,active
navets-blancs,NAVETS BLANCS,"<p>Navets blancs à la chair tendre et légèrement sucrée après cuisson, parfaits pour compléter vos tajines et couscous. Un légume traditionnel qui apporte douceur et consistance à vos plats mijotés.</p>",My Store,Non classé,"","",true,POIDS,Default Title,,,,,,,,,0.0,,300,continue,manual,0.00,,true,false,,,,,,https://cdn.shopify.com/s/files/1/0986/8535/4273/files/NAVETSBLANCS.png?v=1780677418,1,"",false,,,,kg,,,active
courgettes,COURGETTES,"<p>Courge Butternut à la chair orange et sucrée, parfaite pour les soupes veloutées et les plats d'automne. Sa saveur douce et beurrée en fait un légume gourmand pour toute la famille.</p>",My Store,Non classé,"","",true,POIDS,Default Title,,,,,,,,,0.0,,300,continue,manual,0.00,,true,false,,,,,,https://cdn.shopify.com/s/files/1/0986/8535/4273/files/483.png?v=1783948934,1,"",false,,,,kg,,,active
bettraves,BETTRAVES,"<p>Betteraves à la belle couleur pourpre et à la saveur légèrement sucrée et terreuse. Délicieuses cuites en salade avec vinaigrette, ou crues râpées pour leur croquant naturel.</p>",My Store,Non classé,"","",true,POIDS,Default Title,,,,,,,,,0.0,,300,continue,manual,0.00,,true,false,,,,,,https://cdn.shopify.com/s/files/1/0986/8535/4273/files/BETTRAVES.png?v=1780677408,1,"",false,,,,kg,,,active
concombre-armeniens,CONCOMBRE ARMENIENS,"<p>Concombre frais et croquant, idéal pour des salades rafraîchissantes ou comme légume à grignoter. Sa teneur en eau en fait un légume parfait pour s'hydrater pendant les chaudes journées.</p>",My Store,Non classé,"","",true,POIDS,Default Title,,,,,,,,,0.0,,300,continue,manual,0.00,,true,false,,,,,,https://cdn.shopify.com/s/files/1/0986/8535/4273/files/CONCOMBREARMENIENS.png?v=1780677403,1,"",false,,,,kg,,,active
concombre,CONCOMBRE,"<p>Concombre frais et croquant, idéal pour des salades rafraîchissantes ou comme légume à grignoter. Sa teneur en eau en fait un légume parfait pour s'hydrater pendant les chaudes journées.</p>",My Store,Non classé,"","",true,POIDS,Default Title,,,,,,,,,0.0,,300,continue,manual,0.00,,true,false,,,,,,https://cdn.shopify.com/s/files/1/0986/8535/4273/files/492.png?v=1783948936,1,"",false,,,,kg,,,active
citron-jaunes-frais,CITRON JAUNES FRAIS,"<p>Citrons jaunes frais, juteux et parfumés, indispensables en cuisine pour leurs propriétés acidulées. Idéals pour les salades, desserts, marinades et boissons rafraîchissantes.</p>",My Store,Non classé,"","",true,POIDS,Default Title,,,,,,,,,0.0,,300,continue,manual,0.00,,true,false,,,,,,https://cdn.shopify.com/s/files/1/0986/8535/4273/files/CITRONJAUNESFRAIS.png?v=1780676964,1,"",false,,,,kg,,,active
limes,LIMES,"<p>Limes fraîches et très juteuses, au jus acidulé et au zeste parfumé très apprécié en cuisine. Indispensables pour vos cocktails, marinades, guacamoles et desserts exotiques.</p>",My Store,Non classé,"","",true,POIDS,Default Title,,,,,,,,,0.0,,300,continue,manual,0.00,,true,false,,,,,,https://cdn.shopify.com/s/files/1/0986/8535/4273/files/485.png?v=1783948924,1,"",false,,,,kg,,,active
ail,AIL,"<p>Ail frais de qualité, aux gousses fermes et parfumées. Essentiel en cuisine pour relever tajines, couscous, viandes et légumes d'une saveur inimitable.</p>",My Store,Non classé,"","",true,POIDS,Default Title,,,,,,,,,0.0,,300,continue,manual,0.00,,true,false,,,,,,https://cdn.shopify.com/s/files/1/0986/8535/4273/files/482.png?v=1783948936,1,"",false,,,,kg,,,active
chou-blanc,CHOU BLANC,"<p>Chou blanc croquant et riche en vitamines C et K, parfait pour les salades coleslaw et les plats mijotés. Sa texture ferme résiste bien à la cuisson dans couscous et ragoûts.</p>",My Store,Non classé,"","",true,POIDS,Default Title,,,,,,,,,0.0,,300,continue,manual,0.00,,true,false,,,,,,https://cdn.shopify.com/s/files/1/0986/8535/4273/files/CHOUBLANC.png?v=1780674547,1,"",false,,,,kg,,,active
chou-fleur,CHOU FLEUR,"<p>Chou-fleur à la texture ferme et à la saveur douce, très polyvalent en cuisine. À cuire à la vapeur, en gratin, en soupe veloutée ou même rôti au four pour révéler ses saveurs.</p>",My Store,Non classé,"","",true,POIDS,Default Title,,,,,,,,,0.0,,300,continue,manual,0.00,,true,false,,,,,,https://cdn.shopify.com/s/files/1/0986/8535/4273/files/CHOUFLEUR.png?v=1780674542,1,"",false,,,,kg,,,active
poireaux-frais,POIREAUX FRAIS,"<p>Poireaux frais aux feuilles vertes et tendres, à la saveur douce et légèrement sucrée. Parfaits en tarte, en soupe, en vinaigrette ou pour accompagner viandes et poissons.</p>",My Store,Non classé,"","",true,POIDS,Default Title,,,,,,,,,0.0,,300,continue,manual,0.00,,true,false,,,,,,https://cdn.shopify.com/s/files/1/0986/8535/4273/files/POIREAUXFRAIS.png?v=1780674535,1,"",false,,,,kg,,,active
chataignes,CHATAIGNES,"<p>Châtaignes à la chair fondante et sucrée, récoltées en automne et riches en glucides naturels. Délicieuses grillées au feu de bois ou incorporées dans vos plats sucrés-salés et desserts.</p>",My Store,Non classé,"","",true,POIDS,Default Title,,,,,,,,,0.0,,300,continue,manual,0.00,,true,false,,,,,,https://cdn.shopify.com/s/files/1/0986/8535/4273/files/CHATAIGNES.png?v=1780674525,1,"",false,,,,kg,,,active
cardon,CARDON,"<p>Cardon aux côtes tendres et à la saveur rappelant l'artichaut, légume traditionnel du Maghreb. Idéal dans les tajines et les plats mijotés où il révèle toute sa délicatesse.</p>",My Store,Non classé,"","",true,POIDS,Default Title,,,,,,,,,0.0,,300,continue,manual,0.00,,true,false,,,,,,https://cdn.shopify.com/s/files/1/0986/8535/4273/files/CARDON.png?v=1780674521,1,"",false,,,,kg,,,active
salde-frais,SALADE FRAIS,"<p>Salade fraîche aux feuilles croquantes et vertes, sélectionnée pour sa fraîcheur et sa légèreté. Parfaite telle quelle en entrée avec une vinaigrette maison ou mélangée à vos compositions de salades.</p>",My Store,Non classé,"","",true,POIDS,Default Title,,,,,,,,,0.0,,300,continue,manual,0.00,,true,false,,,,,,https://cdn.shopify.com/s/files/1/0986/8535/4273/files/SALADEFRAIS.png?v=1780674510,1,"",false,,,,kg,,,active
feves-fraiches,FEVES FRAICHES,"<p>Fèves fraîches à la belle couleur verte et à la saveur douce et légèrement beurrée. Délicieuses sautées à l'ail, en salade ou mijotées dans vos tajines printaniers.</p>",My Store,Non classé,"","",true,POIDS,Default Title,,,,,,,,,0.0,,300,continue,manual,0.00,,true,false,,,,,,https://cdn.shopify.com/s/files/1/0986/8535/4273/files/FEVESFRAICHES.png?v=1780674501,1,"",false,,,,kg,,,active
artichauts,ARTICHAUTS,"<p>Artichauts charnus et savoureux, à la chair délicate et légèrement noisettée. À cuire à la vapeur et déguster avec une vinaigrette ou en garniture de vos plats méditerranéens.</p>",My Store,Non classé,"","",true,POIDS,Default Title,,,,,,,,,0.0,,300,continue,manual,0.00,,true,false,,,,,,https://cdn.shopify.com/s/files/1/0986/8535/4273/files/ARTICHAUTS.png?v=1780674495,1,"",false,,,,kg,,,active
gingembre-frais,GINGEMBRE FRAIS,"<p>Gingembre frais aux arômes vifs et légèrement piquants, aux propriétés anti-inflammatoires reconnues. Idéal en cuisine pour marinades, sauces, thés et desserts exotiques.</p>",My Store,Non classé,"","",true,POIDS,Default Title,,,,,,,,,0.0,,300,continue,manual,0.00,,true,false,,,,,,https://cdn.shopify.com/s/files/1/0986/8535/4273/files/487.png?v=1783948937,1,"",false,,,,kg,,,active
patates-douces,PATATES DOUCES,"<p>Patates douces à la chair orangée et sucrée, riches en bêta-carotène et vitamines. Délicieuses rôties au four, en purée ou incorporées dans vos tajines pour une note sucrée-salée.</p>",My Store,Non classé,"","",true,POIDS,Default Title,,,,,,,,,0.0,,300,continue,manual,0.00,,true,false,,,,,,https://cdn.shopify.com/s/files/1/0986/8535/4273/files/PATATESDOUCES.png?v=1780674482,1,"",false,,,,kg,,,active
pomme-de-trre-egyptien,POMME DE TERRE EGYPTIEN,"<p>Pommes de terre de qualité, à la chair ferme et savoureuse, pilier de la cuisine du monde entier. Parfaites rôties, en purée, en tajine ou en frites pour régaler toute la famille.</p>",My Store,Non classé,"","",true,POIDS,Default Title,,,,,,,,,0.0,,300,continue,manual,0.00,,true,false,,,,,,https://cdn.shopify.com/s/files/1/0986/8535/4273/files/POMMEDETERREEGYPTIEN.png?v=1780674473,1,"",false,,,,kg,,,active
pomme-de-trre-rouge,POMME DE TRRE ROUGE,"<p>Pommes de terre de qualité, à la chair ferme et savoureuse, pilier de la cuisine du monde entier. Parfaites rôties, en purée, en tajine ou en frites pour régaler toute la famille.</p>",My Store,Non classé,"","",true,POIDS,Default Title,,,,,,,,,0.0,,300,continue,manual,0.00,,true,false,,,,,,https://cdn.shopify.com/s/files/1/0986/8535/4273/files/POMMEDETERRErouge.png?v=1780674466,1,"",false,,,,kg,,,active
pomme-de-terre,POMME DE TERRE,"<p>Pommes de terre de qualité, à la chair ferme et savoureuse, pilier de la cuisine du monde entier. Parfaites rôties, en purée, en tajine ou en frites pour régaler toute la famille.</p>",My Store,Non classé,"","",true,POIDS,Default Title,,,,,,,,,0.0,,300,continue,manual,0.00,,true,false,,,,,,https://cdn.shopify.com/s/files/1/0986/8535/4273/files/488.png?v=1783948938,1,"",false,,,,kg,,,active
oignon-rouge,OIGNON ROUGE,"<p>Oignons rouges doux et sucrés, à la belle couleur pourpre et au goût moins piquant que les oignons jaunes. Idéaux crus en salade, marinés ou cuits pour accompagner viandes et légumes.</p>",My Store,Non classé,"","",true,POIDS,Default Title,,,,,,,,,0.0,,300,continue,manual,0.00,,true,false,,,,,,https://cdn.shopify.com/s/files/1/0986/8535/4273/files/491.png?v=1783948937,1,"",false,,,,kg,,,active
oignon,OIGNON,"<p>Oignons frais à la saveur ronde et légèrement sucrée après cuisson, indispensables en cuisine. Ils forment la base aromatique de vos tajines, couscous, soupes et nombreuses préparations.</p>",My Store,Non classé,"","",true,POIDS,Default Title,,,,,,,,,0.0,,300,continue,manual,0.00,,true,false,,,,,,https://cdn.shopify.com/s/files/1/0986/8535/4273/files/489.png?v=1783948936,1,"",false,,,,kg,,,active
feuilles-de-brick,FEUILLES DE BRICK 170G,"<p>Produit de qualité supérieure, soigneusement sélectionné pour vous offrir le meilleur de la gastronomie méditerranéenne et marocaine. Un incontournable à avoir dans votre cuisine pour des plats savoureux et authentiques.</p>",My Store,Non classé,"","",true,POIDS,170G,,,,,,,,,0.0,,300,continue,manual,0.00,,true,false,,,,,,https://cdn.shopify.com/s/files/1/0986/8535/4273/files/FEUILLESDEBRICK170G.png?v=1781268716,1,"",false,,,,kg,,,active
rouleau-de-printemps-patissierie-150mm,ROULEAU DE PRINTEMPS PATISSIERIE 150MM 400G,"<p>Produit de qualité supérieure, soigneusement sélectionné pour vous offrir le meilleur de la gastronomie méditerranéenne et marocaine. Un incontournable à avoir dans votre cuisine pour des plats savoureux et authentiques.</p>",My Store,,"","",true,POIDS,400G,,,,,,,,,0.0,,300,continue,manual,0.00,,true,false,,,,,,,,,false,,,,kg,,,active
rouleau-de-printemps-patissierie-215mm,ROULEAU DE PRINTEMPS PATISSIERIE 215MM 600G,"<p>Produit de qualité supérieure, soigneusement sélectionné pour vous offrir le meilleur de la gastronomie méditerranéenne et marocaine. Un incontournable à avoir dans votre cuisine pour des plats savoureux et authentiques.</p>",My Store,Non classé,"","",true,POIDS,600G,,,,,,,,,0.0,,300,continue,manual,0.00,,true,false,,,,,,https://cdn.shopify.com/s/files/1/0986/8535/4273/files/ROULEAUDEPRINTEMPSPATISSIERIE215MM600G.png?v=1781266650,1,"",false,,,,kg,,,active
rouleau-de-printemps-patissierie-250mm,ROULEAU DE PRINTEMPS PATISSIERIE 250MM 550G,"<p>Produit de qualité supérieure, soigneusement sélectionné pour vous offrir le meilleur de la gastronomie méditerranéenne et marocaine. Un incontournable à avoir dans votre cuisine pour des plats savoureux et authentiques.</p>",My Store,Non classé,"","",true,POIDS,550G,,,,,,,,,0.0,,300,continue,manual,0.00,,true,false,,,,,,https://cdn.shopify.com/s/files/1/0986/8535/4273/files/ROULEAUDEPRINTEMPSPATISSIERIE250MM550G.png?v=1781266646,1,"",false,,,,kg,,,active
frites,FRITES 1KG,"<p>Produit de qualité supérieure, soigneusement sélectionné pour vous offrir le meilleur de la gastronomie méditerranéenne et marocaine. Un incontournable à avoir dans votre cuisine pour des plats savoureux et authentiques.</p>",My Store,Non classé,"","",true,POIDS,1KG,,,,,,,,,0.0,,300,continue,manual,0.00,,true,false,,,,,,https://cdn.shopify.com/s/files/1/0986/8535/4273/files/FRITES1KG.png?v=1781266920,1,"",false,,,,kg,,,active
petits-pois-mi-fins-1,PETITS POIS MI-FINS 1KG,"<p>Produit de qualité supérieure, soigneusement sélectionné pour vous offrir le meilleur de la gastronomie méditerranéenne et marocaine. Un incontournable à avoir dans votre cuisine pour des plats savoureux et authentiques.</p>",My Store,Non classé,"","",true,POIDS,1KG,,,,,,,,,0.0,,300,continue,manual,0.00,,true,false,,,,,,https://cdn.shopify.com/s/files/1/0986/8535/4273/files/PETITSPOISMI-FINS1KG.png?v=1781266665,1,"",false,,,,kg,,,active
fonds-dartichauts,FONDS D'ARTICHAUTS 1KG,"<p>Artichauts charnus et savoureux, à la chair délicate et légèrement noisettée. À cuire à la vapeur et déguster avec une vinaigrette ou en garniture de vos plats méditerranéens.</p>",My Store,Non classé,"","",true,POIDS,1KG,,,,,,,,,0.0,,300,continue,manual,0.00,,true,false,,,,,,https://cdn.shopify.com/s/files/1/0986/8535/4273/files/FONDSD_ARTICHAUTS1KG.png?v=1781266924,1,"",false,,,,kg,,,active
petits-pois-mi-fins,"PETITS POIS MI-FINS 2,5KG","<p>Produit de qualité supérieure, soigneusement sélectionné pour vous offrir le meilleur de la gastronomie méditerranéenne et marocaine. Un incontournable à avoir dans votre cuisine pour des plats savoureux et authentiques.</p>",My Store,Non classé,"","",true,POIDS,"2,5KG",,,,,,,,,0.0,,300,continue,manual,0.00,,true,false,,,,,,https://cdn.shopify.com/s/files/1/0986/8535/4273/files/PETITSPOISMI-FINS2_5KG.png?v=1781266660,1,"",false,,,,kg,,,active
flageolets-verts,FLAGEOLETS VERTS 1KG,"<p>Produit de qualité supérieure, soigneusement sélectionné pour vous offrir le meilleur de la gastronomie méditerranéenne et marocaine. Un incontournable à avoir dans votre cuisine pour des plats savoureux et authentiques.</p>",My Store,,"","",true,POIDS,1KG,,,,,,,,,0.0,,300,continue,manual,0.00,,true,false,,,,,,,,,false,,,,kg,,,active
poivrons-melanges,POIVRONS MELANGES 1KG,"<p>Poivrons croquants et colorés, riches en vitamines C et antioxydants. Délicieux crus en salade ou cuits pour garnir vos tajines, omelets et plats sautés.</p>",My Store,Non classé,"","",true,POIDS,1KG,,,,,,,,,0.0,,300,continue,manual,0.00,,true,false,,,,,,https://cdn.shopify.com/s/files/1/0986/8535/4273/files/POIVRONSMELANGES1KG.png?v=1781266655,1,"",false,,,,kg,,,active
molokhia,MOLOKHIA 400G,"<p>Produit de qualité supérieure, soigneusement sélectionné pour vous offrir le meilleur de la gastronomie méditerranéenne et marocaine. Un incontournable à avoir dans votre cuisine pour des plats savoureux et authentiques.</p>",My Store,Non classé,"","",true,POIDS,400G,,,,,,,,,0.0,,300,continue,manual,0.00,,true,false,,,,,,https://cdn.shopify.com/s/files/1/0986/8535/4273/files/MOLOKHIA400G.png?v=1781266671,1,"",false,,,,kg,,,active
haricots,HARICOTS 1KG,"<p>Produit de qualité supérieure, soigneusement sélectionné pour vous offrir le meilleur de la gastronomie méditerranéenne et marocaine. Un incontournable à avoir dans votre cuisine pour des plats savoureux et authentiques.</p>",My Store,Non classé,"","",true,POIDS,1KG,,,,,,,,,0.0,,300,continue,manual,0.00,,true,false,,,,,,https://cdn.shopify.com/s/files/1/0986/8535/4273/files/HARICOTS1KG.png?v=1781266675,1,"",false,,,,kg,,,active
raibi-avocat,RAIBI AVOCAT 1L,"<p>Produit de qualité supérieure, soigneusement sélectionné pour vous offrir le meilleur de la gastronomie méditerranéenne et marocaine. Un incontournable à avoir dans votre cuisine pour des plats savoureux et authentiques.</p>",My Store,,"","",true,POIDS,1L,,,,,,,,,0.0,,300,continue,manual,0.00,,true,false,,,,,,,,,false,,,,kg,,,active
feuilles-de-vigne,"FEUILLES  DE VIGNE 1,5KG","<p>Produit de qualité supérieure, soigneusement sélectionné pour vous offrir le meilleur de la gastronomie méditerranéenne et marocaine. Un incontournable à avoir dans votre cuisine pour des plats savoureux et authentiques.</p>",My Store,,"","",true,POIDS,"1,5KG",,,,,,,,,0.0,,300,continue,manual,0.00,,true,false,,,,,,,,,false,,,,kg,,,active
lait-fermente-lben,LAIT FERMENTE LBEN 2L,"<p>Produit de qualité supérieure, soigneusement sélectionné pour vous offrir le meilleur de la gastronomie méditerranéenne et marocaine. Un incontournable à avoir dans votre cuisine pour des plats savoureux et authentiques.</p>",My Store,,"","",true,POIDS,2L,,,,,,,,,0.0,,300,continue,manual,0.00,,true,false,,,,,,,,,false,,,,kg,,,active
raibi-pistache,RAIBI PISTACHE 1L,"<p>Produit de qualité supérieure, soigneusement sélectionné pour vous offrir le meilleur de la gastronomie méditerranéenne et marocaine. Un incontournable à avoir dans votre cuisine pour des plats savoureux et authentiques.</p>",My Store,Non classé,"","",true,POIDS,1L,,,,,,,,,0.0,,300,continue,manual,0.00,,true,false,,,,,,https://cdn.shopify.com/s/files/1/0986/8535/4273/files/RAIBIPISTACHE1L.png?v=1781184678,1,"",false,,,,kg,,,active
raibi-jamila,RAIBI JAMILA 850G,"<p>Produit de qualité supérieure, soigneusement sélectionné pour vous offrir le meilleur de la gastronomie méditerranéenne et marocaine. Un incontournable à avoir dans votre cuisine pour des plats savoureux et authentiques.</p>",My Store,Non classé,"","",true,POIDS,850G,,,,,,,,,0.0,,300,continue,manual,0.00,,true,false,,,,,,https://cdn.shopify.com/s/files/1/0986/8535/4273/files/RAIBIJAMILA330G.png?v=1781184692,1,"",false,,,,kg,,,active
raibi-jamila,,,,,,,,,165ML,,,,,,,,,0.0,,300,continue,manual,0.00,,true,false,,,,,,https://cdn.shopify.com/s/files/1/0986/8535/4273/files/RAIBIJAMILA165ML.png?v=1781184691,2,"",,,,,kg,,,
raibi-jamila,,,,,,,,,330G,,,,,,,,,0.0,,300,continue,manual,0.00,,true,false,,,,,,https://cdn.shopify.com/s/files/1/0986/8535/4273/files/RAIBIJAMILA850G.png?v=1781184691,3,"",,,,,kg,,,
room-creme-30,ROOM CREME 30% 200ML,"<p>Produit de qualité supérieure, soigneusement sélectionné pour vous offrir le meilleur de la gastronomie méditerranéenne et marocaine. Un incontournable à avoir dans votre cuisine pour des plats savoureux et authentiques.</p>",My Store,,"","",true,POIDS,200ML,,,,,,,,,0.0,,300,continue,manual,0.00,,true,false,,,,,,,,,false,,,,kg,,,active
mascarpone,MASCARPONE 500G,"<p>Produit de qualité supérieure, soigneusement sélectionné pour vous offrir le meilleur de la gastronomie méditerranéenne et marocaine. Un incontournable à avoir dans votre cuisine pour des plats savoureux et authentiques.</p>",My Store,,"","",true,POIDS,500G,,,,,,,,,0.0,,300,continue,manual,0.00,,true,false,,,,,,,,,false,,,,kg,,,active
gouda,GOUDA 175G,"<p>Produit de qualité supérieure, soigneusement sélectionné pour vous offrir le meilleur de la gastronomie méditerranéenne et marocaine. Un incontournable à avoir dans votre cuisine pour des plats savoureux et authentiques.</p>",My Store,,"","",true,POIDS,175G,,,,,,,,,0.0,,300,continue,manual,0.00,,true,false,,,,,,,,,false,,,,kg,,,active
kiri-6pc,KIRI 6PC 100G,"<p>Produit de qualité supérieure, soigneusement sélectionné pour vous offrir le meilleur de la gastronomie méditerranéenne et marocaine. Un incontournable à avoir dans votre cuisine pour des plats savoureux et authentiques.</p>",My Store,Non classé,"","",true,POIDS,100G,,,,,,,,,0.0,,300,continue,manual,0.00,,true,false,,,,,,https://cdn.shopify.com/s/files/1/0986/8535/4273/files/KIRI6PC100G.png?v=1781184732,1,"",false,,,,kg,,,active
dinde-fume,DINDE FUME 130G,"<p>Produit de qualité supérieure, soigneusement sélectionné pour vous offrir le meilleur de la gastronomie méditerranéenne et marocaine. Un incontournable à avoir dans votre cuisine pour des plats savoureux et authentiques.</p>",My Store,,"","",true,POIDS,130G,,,,,,,,,0.0,,300,continue,manual,0.00,,true,false,,,,,,https://cdn.shopify.com/s/files/1/0986/8535/4273/files/Chatar_-_Dinde_Fume_130g.jpg?v=1782988797,1,DINDE FUME 130G,false,,,,kg,,,active
bacon-duo-dinde,BACON DUO DINDE 130G,"<p>Produit de qualité supérieure, soigneusement sélectionné pour vous offrir le meilleur de la gastronomie méditerranéenne et marocaine. Un incontournable à avoir dans votre cuisine pour des plats savoureux et authentiques.</p>",My Store,,"","",true,POIDS,130G,,,,,,,,,0.0,,300,continue,manual,0.00,,true,false,,,,,,https://cdn.shopify.com/s/files/1/0986/8535/4273/files/Chatar_-_Bacon_Duo_Dinde_130g.jpg?v=1782988797,1,BACON DUO DINDE 130G,false,,,,kg,,,active
roulade-poulet-nature,ROULADE POULET NATURE 130G,"<p>Produit de qualité supérieure, soigneusement sélectionné pour vous offrir le meilleur de la gastronomie méditerranéenne et marocaine. Un incontournable à avoir dans votre cuisine pour des plats savoureux et authentiques.</p>",My Store,,"","",true,POIDS,130G,,,,,,,,,0.0,,300,continue,manual,0.00,,true,false,,,,,,https://cdn.shopify.com/s/files/1/0986/8535/4273/files/Chatar_-_Roulade_Poulet_Nature_130g.jpg?v=1782988798,1,ROULADE POULET NATURE 130G,false,,,,kg,,,active
roulade-poulet-mixicain,ROULADE POULET MIXICAIN 130G,"<p>Produit de qualité supérieure, soigneusement sélectionné pour vous offrir le meilleur de la gastronomie méditerranéenne et marocaine. Un incontournable à avoir dans votre cuisine pour des plats savoureux et authentiques.</p>",My Store,,"","",true,POIDS,130G,,,,,,,,,0.0,,300,continue,manual,0.00,,true,false,,,,,,https://cdn.shopify.com/s/files/1/0986/8535/4273/files/Chatar_-_Roulade_Poulet_Mexicain_130g.jpg?v=1782988798,1,ROULADE POULET MIXICAIN 130G,false,,,,kg,,,active
roulade-poulet-poivrons-chatar,ROULADE POULET POIVRONS  CHATAR 130G,"<p>Poivrons croquants et colorés, riches en vitamines C et antioxydants. Délicieux crus en salade ou cuits pour garnir vos tajines, omelets et plats sautés.</p>",My Store,Non classé,"","",true,POIDS,130G,,,,,,,,,0.0,,300,continue,manual,0.00,,true,false,,,,,,https://cdn.shopify.com/s/files/1/0986/8535/4273/files/Chatar_-_Roulade_Poulet_Poivrons_130g.jpg?v=1782988798,1,ROULADE POULET POIVRONS  CHATAR 130G,false,,,,kg,,,active
saucisson-de-volaille-aux-poivrons,SAUCISSON DE VOLAILLE AUX POIVRONS 200G,"<p>Poivrons croquants et colorés, riches en vitamines C et antioxydants. Délicieux crus en salade ou cuits pour garnir vos tajines, omelets et plats sautés.</p>",My Store,,"","",true,POIDS,200G,,,,,,,,,0.0,,300,continue,manual,0.00,,true,false,,,,,,https://cdn.shopify.com/s/files/1/0986/8535/4273/files/Suntat_-_Saucisson_Volaille_Poivrons.jpg?v=1782988798,1,SAUCISSON DE VOLAILLE AUX POIVRONS 200G,false,,,,kg,,,active
pizza-salami,PIZZA SALAMI 200G,"<p>Produit de qualité supérieure, soigneusement sélectionné pour vous offrir le meilleur de la gastronomie méditerranéenne et marocaine. Un incontournable à avoir dans votre cuisine pour des plats savoureux et authentiques.</p>",My Store,Non classé,"","",true,POIDS,200G,,,,,,,,,0.0,,300,continue,manual,0.00,,true,false,,,,,,https://cdn.shopify.com/s/files/1/0986/8535/4273/files/PIZZASALAMI200G.png?v=1781184725,1,"",false,,,,kg,,,active
fricandelles-de-poulet,FRICANDELLES DE POULET 2600G,"<p>Produit de qualité supérieure, soigneusement sélectionné pour vous offrir le meilleur de la gastronomie méditerranéenne et marocaine. Un incontournable à avoir dans votre cuisine pour des plats savoureux et authentiques.</p>",My Store,Non classé,"","",true,POIDS,2600G,,,,,,,,,0.0,,300,continue,manual,0.00,,true,false,,,,,,https://cdn.shopify.com/s/files/1/0986/8535/4273/files/FRICANDELLESDEPOULET2600G.png?v=1781268713,1,"",false,,,,kg,,,active
burgers-de-poulet,BURGERS DE POULET 2340G,"<p>Produit de qualité supérieure, soigneusement sélectionné pour vous offrir le meilleur de la gastronomie méditerranéenne et marocaine. Un incontournable à avoir dans votre cuisine pour des plats savoureux et authentiques.</p>",My Store,Non classé,"","",true,POIDS,2340G,,,,,,,,,0.0,,300,continue,manual,0.00,,true,false,,,,,,https://cdn.shopify.com/s/files/1/0986/8535/4273/files/BURGERSDEPOULET2340G.png?v=1781268736,1,"",false,,,,kg,,,active
doner-kebab,DONER KEBAB 800G,"<p>Produit de qualité supérieure, soigneusement sélectionné pour vous offrir le meilleur de la gastronomie méditerranéenne et marocaine. Un incontournable à avoir dans votre cuisine pour des plats savoureux et authentiques.</p>",My Store,Non classé,"","",true,POIDS,800G,,,,,,,,,0.0,,300,continue,manual,0.00,,true,false,,,,,,https://cdn.shopify.com/s/files/1/0986/8535/4273/files/DONERKEBAB800G.png?v=1781266930,1,"",false,,,,kg,,,active
tenders-de-poulet-spicy,TENDERS DE POULET SPICY 1KG,"<p>Produit de qualité supérieure, soigneusement sélectionné pour vous offrir le meilleur de la gastronomie méditerranéenne et marocaine. Un incontournable à avoir dans votre cuisine pour des plats savoureux et authentiques.</p>",My Store,,"","",true,POIDS,1KG,,,,,,,,,0.0,,300,continue,manual,0.00,,true,false,,,,,,,,,false,,,,kg,,,active
crespy-wings-hot-spicy,CRESPY WINGS HOT SPICY 1KG,"<p>Produit de qualité supérieure, soigneusement sélectionné pour vous offrir le meilleur de la gastronomie méditerranéenne et marocaine. Un incontournable à avoir dans votre cuisine pour des plats savoureux et authentiques.</p>",My Store,,"","",true,POIDS,1KG,,,,,,,,,0.0,,300,continue,manual,0.00,,true,false,,,,,,,,,false,,,,kg,,,active
nuggets-de-poulet,NUGGETS DE POULET 1KG,"<p>Produit de qualité supérieure, soigneusement sélectionné pour vous offrir le meilleur de la gastronomie méditerranéenne et marocaine. Un incontournable à avoir dans votre cuisine pour des plats savoureux et authentiques.</p>",My Store,Non classé,"","",true,POIDS,1KG,,,,,,,,,0.0,,300,continue,manual,0.00,,true,false,,,,,,https://cdn.shopify.com/s/files/1/0986/8535/4273/files/NUGGETSDEPOULET1KG.png?v=1781266669,1,"",false,,,,kg,,,active
tenders-de-poulet-nature,TENDERS DE POULET NATURE 1KG,"<p>Produit de qualité supérieure, soigneusement sélectionné pour vous offrir le meilleur de la gastronomie méditerranéenne et marocaine. Un incontournable à avoir dans votre cuisine pour des plats savoureux et authentiques.</p>",My Store,Non classé,"","",true,POIDS,1KG,,,,,,,,,0.0,,300,continue,manual,0.00,,true,false,,,,,,https://cdn.shopify.com/s/files/1/0986/8535/4273/files/TENDERSDEPOULETNATURE1KG.png?v=1781266633,1,"",false,,,,kg,,,active
surimi,SURIMI 800G,"<p>Produit de qualité supérieure, soigneusement sélectionné pour vous offrir le meilleur de la gastronomie méditerranéenne et marocaine. Un incontournable à avoir dans votre cuisine pour des plats savoureux et authentiques.</p>",My Store,Non classé,"","",true,POIDS,800G,,,,,,,,,0.0,,300,continue,manual,0.00,,true,false,,,,,,https://cdn.shopify.com/s/files/1/0986/8535/4273/files/SURIMI800G.png?v=1781266637,1,"",false,,,,kg,,,active
fruits-de-mer-1,FRUITS DE MER 500G,"<p>Produit de qualité supérieure, soigneusement sélectionné pour vous offrir le meilleur de la gastronomie méditerranéenne et marocaine. Un incontournable à avoir dans votre cuisine pour des plats savoureux et authentiques.</p>",My Store,,"","",true,POIDS,500G,,,,,,,,,0.0,,300,continue,manual,0.00,,true,false,,,,,,,,,false,,,,kg,,,active
crevettes-vannamie,CREVETTES VANNAMIE 750G,"<p>Produit de qualité supérieure, soigneusement sélectionné pour vous offrir le meilleur de la gastronomie méditerranéenne et marocaine. Un incontournable à avoir dans votre cuisine pour des plats savoureux et authentiques.</p>",My Store,Non classé,"","",true,POIDS,750G,,,,,,,,,0.0,,300,continue,manual,0.00,,true,false,,,,,,https://cdn.shopify.com/s/files/1/0986/8535/4273/files/CREVETTESVANNAMIE750G.png?v=1781266937,1,"",false,,,,kg,,,active
crevettes-japanese,CREVETTES JAPANESE 800G,"<p>Produit de qualité supérieure, soigneusement sélectionné pour vous offrir le meilleur de la gastronomie méditerranéenne et marocaine. Un incontournable à avoir dans votre cuisine pour des plats savoureux et authentiques.</p>",My Store,Non classé,"","",true,POIDS,800G,,,,,,,,,0.0,,300,continue,manual,0.00,,true,false,,,,,,https://cdn.shopify.com/s/files/1/0986/8535/4273/files/CREVETTESJAPANESE800G.png?v=1781266942,1,"",false,,,,kg,,,active
filets-de-pangasuis,FILETS DE PANGASUIS 800G,"<p>Produit de qualité supérieure, soigneusement sélectionné pour vous offrir le meilleur de la gastronomie méditerranéenne et marocaine. Un incontournable à avoir dans votre cuisine pour des plats savoureux et authentiques.</p>",My Store,Non classé,"","",true,POIDS,800G,,,,,,,,,0.0,,300,continue,manual,0.00,,true,false,,,,,,https://cdn.shopify.com/s/files/1/0986/8535/4273/files/FILETSDEPANGASUIS800G.png?v=1781266927,1,"",false,,,,kg,,,active
fruits-de-mer,FRUITS DE MER 1KG,"<p>Produit de qualité supérieure, soigneusement sélectionné pour vous offrir le meilleur de la gastronomie méditerranéenne et marocaine. Un incontournable à avoir dans votre cuisine pour des plats savoureux et authentiques.</p>",My Store,Non classé,"","",true,POIDS,1KG,,,,,,,,,0.0,,300,continue,manual,0.00,,true,false,,,,,,https://cdn.shopify.com/s/files/1/0986/8535/4273/files/FRUITSDEMER1KG.png?v=1781266676,1,"",false,,,,kg,,,active
fruits-de-mer,,,,,,,,,,,,,,,,,,,,,,,,,,,,,,,,https://cdn.shopify.com/s/files/1/0986/8535/4273/files/FRUITSDEMER1KG_2.png?v=1781266679,2,"",,,,,,,,
pinces-de-crabe-panees-au-surimi,PINCES DE CRABE PANEES AU SURIMI 500G,"<p>Produit de qualité supérieure, soigneusement sélectionné pour vous offrir le meilleur de la gastronomie méditerranéenne et marocaine. Un incontournable à avoir dans votre cuisine pour des plats savoureux et authentiques.</p>",My Store,Non classé,"","",true,POIDS,500G,,,,,,,,,0.0,,300,continue,manual,0.00,,true,false,,,,,,https://cdn.shopify.com/s/files/1/0986/8535/4273/files/PINCESDECRABEPANEESAUSURIMI500G.png?v=1781266659,1,"",false,,,,kg,,,active
anneaux-dencornet-geant,ANNEAUX D'ENCORNET GEANT 700G,"<p>Produit de qualité supérieure, soigneusement sélectionné pour vous offrir le meilleur de la gastronomie méditerranéenne et marocaine. Un incontournable à avoir dans votre cuisine pour des plats savoureux et authentiques.</p>",My Store,Non classé,"","",true,POIDS,700G,,,,,,,,,0.0,,300,continue,manual,0.00,,true,false,,,,,,https://cdn.shopify.com/s/files/1/0986/8535/4273/files/ANNEAUXD_ENCORNETGEANT700G.png?v=1781266947,1,"",false,,,,kg,,,active
crevettes,CREVETTES 700G,"<p>Produit de qualité supérieure, soigneusement sélectionné pour vous offrir le meilleur de la gastronomie méditerranéenne et marocaine. Un incontournable à avoir dans votre cuisine pour des plats savoureux et authentiques.</p>",My Store,Non classé,"","",true,POIDS,700G,,,,,,,,,0.0,,300,continue,manual,0.00,,true,false,,,,,,https://cdn.shopify.com/s/files/1/0986/8535/4273/files/CREVETTES700G.png?v=1781266947,1,"",false,,,,kg,,,active
crevettes,,,,,,,,,375G,,,,,,,,,0.0,,300,continue,manual,0.00,,true,false,,,,,,,,,,,,,kg,,,
redbull,REDBULL 250ML,"<p>Produit de qualité supérieure, soigneusement sélectionné pour vous offrir le meilleur de la gastronomie méditerranéenne et marocaine. Un incontournable à avoir dans votre cuisine pour des plats savoureux et authentiques.</p>",My Store,Non classé,"","",true,POIDS,250ML,,,,,,,,,0.0,,300,continue,manual,0.00,,true,false,,,,,,https://cdn.shopify.com/s/files/1/0986/8535/4273/files/Red_Bull_-_Original_250ml.jpg?v=1782988797,1,REDBULL 250ML,false,,,,kg,,,active
redbull,,,,,,,,,355ML,,,,,,,,,0.0,,300,continue,manual,0.00,,true,false,,,,,,,,,,,,,kg,,,
hamoud,HAMOUD 1L,"<p>Produit de qualité supérieure, soigneusement sélectionné pour vous offrir le meilleur de la gastronomie méditerranéenne et marocaine. Un incontournable à avoir dans votre cuisine pour des plats savoureux et authentiques.</p>",My Store,Non classé,"","",true,POIDS,1L,,,,,,,,,0.0,,300,continue,manual,0.00,,true,false,,,,,,https://cdn.shopify.com/s/files/1/0986/8535/4273/files/HAMOUD1L.png?v=1781184994,1,"",false,,,,kg,,,active
bova-citron,"BOVA CITRON 1,5L","<p>Produit de qualité supérieure, soigneusement sélectionné pour vous offrir le meilleur de la gastronomie méditerranéenne et marocaine. Un incontournable à avoir dans votre cuisine pour des plats savoureux et authentiques.</p>",My Store,,"","",true,POIDS,"1,5L",,,,,,,,,0.0,,300,continue,manual,0.00,,true,false,,,,,,,,,false,,,,kg,,,active
bova,"BOVA 1,5L","<p>Produit de qualité supérieure, soigneusement sélectionné pour vous offrir le meilleur de la gastronomie méditerranéenne et marocaine. Un incontournable à avoir dans votre cuisine pour des plats savoureux et authentiques.</p>",My Store,,"","",true,POIDS,"1,5L",,,,,,,,,0.0,,300,continue,manual,0.00,,true,false,,,,,,,,,false,,,,kg,,,active
slim-anans,SLIM ANANS 1L,"<p>Produit de qualité supérieure, soigneusement sélectionné pour vous offrir le meilleur de la gastronomie méditerranéenne et marocaine. Un incontournable à avoir dans votre cuisine pour des plats savoureux et authentiques.</p>",My Store,Non classé,"","",true,POIDS,1L,,,,,,,,,0.0,,300,continue,manual,0.00,,true,false,,,,,,https://cdn.shopify.com/s/files/1/0986/8535/4273/files/SLIMANANS1L.png?v=1781184389,1,"",false,,,,kg,,,active
slim-fraise,SLIM FRAISE 1L,"<p>Produit de qualité supérieure, soigneusement sélectionné pour vous offrir le meilleur de la gastronomie méditerranéenne et marocaine. Un incontournable à avoir dans votre cuisine pour des plats savoureux et authentiques.</p>",My Store,Non classé,"","",true,POIDS,1L,,,,,,,,,0.0,,300,continue,manual,0.00,,true,false,,,,,,https://cdn.shopify.com/s/files/1/0986/8535/4273/files/SLIMFRAISE1L.png?v=1781184379,1,"",false,,,,kg,,,active
slim-pomme,SLIM POMME 1L,"<p>Produit de qualité supérieure, soigneusement sélectionné pour vous offrir le meilleur de la gastronomie méditerranéenne et marocaine. Un incontournable à avoir dans votre cuisine pour des plats savoureux et authentiques.</p>",My Store,Non classé,"","",true,POIDS,1L,,,,,,,,,0.0,,300,continue,manual,0.00,,true,false,,,,,,https://cdn.shopify.com/s/files/1/0986/8535/4273/files/SLIMPOMME1L.png?v=1781184376,1,"",false,,,,kg,,,active
selecto,SELECTO 1L,"<p>Produit de qualité supérieure, soigneusement sélectionné pour vous offrir le meilleur de la gastronomie méditerranéenne et marocaine. Un incontournable à avoir dans votre cuisine pour des plats savoureux et authentiques.</p>",My Store,Non classé,"","",true,POIDS,1L,,,,,,,,,0.0,,300,continue,manual,0.00,,true,false,,,,,,https://cdn.shopify.com/s/files/1/0986/8535/4273/files/SELECTO1L.png?v=1781184364,1,"",false,,,,kg,,,active
rostoy-ananas,ROSTOY ANANAS 1L,"<p>Produit de qualité supérieure, soigneusement sélectionné pour vous offrir le meilleur de la gastronomie méditerranéenne et marocaine. Un incontournable à avoir dans votre cuisine pour des plats savoureux et authentiques.</p>",My Store,Non classé,"","",true,POIDS,1L,,,,,,,,,0.0,,300,continue,manual,0.00,,true,false,,,,,,https://cdn.shopify.com/s/files/1/0986/8535/4273/files/ROSTOYANANAS1L.png?v=1781184649,1,"",false,,,,kg,,,active
rostoy-orange,ROSTOY ORANGE 1L,"<p>Produit de qualité supérieure, soigneusement sélectionné pour vous offrir le meilleur de la gastronomie méditerranéenne et marocaine. Un incontournable à avoir dans votre cuisine pour des plats savoureux et authentiques.</p>",My Store,Non classé,"","",true,POIDS,1L,,,,,,,,,0.0,,300,continue,manual,0.00,,true,false,,,,,,https://cdn.shopify.com/s/files/1/0986/8535/4273/files/ROSTOYORANGE1L.png?v=1781184622,1,"",false,,,,kg,,,active
rostoy-mangue,ROSTOY MANGUE 1L,"<p>Produit de qualité supérieure, soigneusement sélectionné pour vous offrir le meilleur de la gastronomie méditerranéenne et marocaine. Un incontournable à avoir dans votre cuisine pour des plats savoureux et authentiques.</p>",My Store,Non classé,"","",true,POIDS,1L,,,,,,,,,0.0,,300,continue,manual,0.00,,true,false,,,,,,https://cdn.shopify.com/s/files/1/0986/8535/4273/files/ROSTOYMANGUE1L.png?v=1781184627,1,"",false,,,,kg,,,active
rostoy-melanges-de-fruits,ROSTOY MELANGES DE FRUITS 1L,"<p>Produit de qualité supérieure, soigneusement sélectionné pour vous offrir le meilleur de la gastronomie méditerranéenne et marocaine. Un incontournable à avoir dans votre cuisine pour des plats savoureux et authentiques.</p>",My Store,Non classé,"","",true,POIDS,1L,,,,,,,,,0.0,,300,continue,manual,0.00,,true,false,,,,,,https://cdn.shopify.com/s/files/1/0986/8535/4273/files/ROSTOYMELANGESDEFRUITS1L.png?v=1781184623,1,"",false,,,,kg,,,active
rostoy-peche,ROSTOY PECHE 1L,"<p>Produit de qualité supérieure, soigneusement sélectionné pour vous offrir le meilleur de la gastronomie méditerranéenne et marocaine. Un incontournable à avoir dans votre cuisine pour des plats savoureux et authentiques.</p>",My Store,Non classé,"","",true,POIDS,1L,,,,,,,,,0.0,,300,continue,manual,0.00,,true,false,,,,,,https://cdn.shopify.com/s/files/1/0986/8535/4273/files/Rostoy_-_Jus_Peche_200ml.jpg?v=1782988797,1,ROSTOY PECHE 1L,false,,,,kg,,,active
jus-de-mangue,JUS DE MANGUE 1L,"<p>Produit de qualité supérieure, soigneusement sélectionné pour vous offrir le meilleur de la gastronomie méditerranéenne et marocaine. Un incontournable à avoir dans votre cuisine pour des plats savoureux et authentiques.</p>",My Store,,"","",true,POIDS,1L,,,,,,,,,0.0,,300,continue,manual,0.00,,true,false,,,,,,,,,false,,,,kg,,,active
jus-de-pomme,JUS DE POMME 1L,"<p>Produit de qualité supérieure, soigneusement sélectionné pour vous offrir le meilleur de la gastronomie méditerranéenne et marocaine. Un incontournable à avoir dans votre cuisine pour des plats savoureux et authentiques.</p>",My Store,,"","",true,POIDS,1L,,,,,,,,,0.0,,300,continue,manual,0.00,,true,false,,,,,,,,,false,,,,kg,,,active
jus-dorange,JUS D'ORANGE 1L,"<p>Produit de qualité supérieure, soigneusement sélectionné pour vous offrir le meilleur de la gastronomie méditerranéenne et marocaine. Un incontournable à avoir dans votre cuisine pour des plats savoureux et authentiques.</p>",My Store,,"","",true,POIDS,1L,,,,,,,,,0.0,,300,continue,manual,0.00,,true,false,,,,,,,,,false,,,,kg,,,active
jus-dananas,JUS D'ANANAS 1L,"<p>Produit de qualité supérieure, soigneusement sélectionné pour vous offrir le meilleur de la gastronomie méditerranéenne et marocaine. Un incontournable à avoir dans votre cuisine pour des plats savoureux et authentiques.</p>",My Store,,"","",true,POIDS,1L,,,,,,,,,0.0,,300,continue,manual,0.00,,true,false,,,,,,,,,false,,,,kg,,,active
simon-fraise,"SIMON FRAISE 1,5L","<p>Produit de qualité supérieure, soigneusement sélectionné pour vous offrir le meilleur de la gastronomie méditerranéenne et marocaine. Un incontournable à avoir dans votre cuisine pour des plats savoureux et authentiques.</p>",My Store,Non classé,"","",true,POIDS,"1,5L",,,,,,,,,0.0,,300,continue,manual,0.00,,true,false,,,,,,https://cdn.shopify.com/s/files/1/0986/8535/4273/files/SIMONFRAISE1_5L.png?v=1781184421,1,"",false,,,,kg,,,active
simon-mango,"SIMON MANGO 1,5L","<p>Produit de qualité supérieure, soigneusement sélectionné pour vous offrir le meilleur de la gastronomie méditerranéenne et marocaine. Un incontournable à avoir dans votre cuisine pour des plats savoureux et authentiques.</p>",My Store,Non classé,"","",true,POIDS,"1,5L",,,,,,,,,0.0,,300,continue,manual,0.00,,true,false,,,,,,https://cdn.shopify.com/s/files/1/0986/8535/4273/files/SIMONMANGO1_5L.png?v=1781184407,1,"",false,,,,kg,,,active
simon-mandarine,"SIMON MANDARINE 1,5L","<p>Produit de qualité supérieure, soigneusement sélectionné pour vous offrir le meilleur de la gastronomie méditerranéenne et marocaine. Un incontournable à avoir dans votre cuisine pour des plats savoureux et authentiques.</p>",My Store,Non classé,"","",true,POIDS,"1,5L",,,,,,,,,0.0,,300,continue,manual,0.00,,true,false,,,,,,https://cdn.shopify.com/s/files/1/0986/8535/4273/files/SIMONMANDARINE1_5L.png?v=1781184410,1,"",false,,,,kg,,,active
simon-naranja,"SIMON NARANJA 1,5L","<p>Produit de qualité supérieure, soigneusement sélectionné pour vous offrir le meilleur de la gastronomie méditerranéenne et marocaine. Un incontournable à avoir dans votre cuisine pour des plats savoureux et authentiques.</p>",My Store,Non classé,"","",true,POIDS,"1,5L",,,,,,,,,0.0,,300,continue,manual,0.00,,true,false,,,,,,https://cdn.shopify.com/s/files/1/0986/8535/4273/files/SIMONNARANJA1_5L.png?v=1781184402,1,"",false,,,,kg,,,active
poms,"POMS 1,5L","<p>Produit de qualité supérieure, soigneusement sélectionné pour vous offrir le meilleur de la gastronomie méditerranéenne et marocaine. Un incontournable à avoir dans votre cuisine pour des plats savoureux et authentiques.</p>",My Store,Non classé,"","",true,POIDS,"1,5L",,,,,,,,,0.0,,300,continue,manual,0.00,,true,false,,,,,,https://cdn.shopify.com/s/files/1/0986/8535/4273/files/POMS1_5L.png?v=1781184719,1,"",false,,,,kg,,,active
hawai-orange,"HAWAI  ORANGE 1,5L","<p>Produit de qualité supérieure, soigneusement sélectionné pour vous offrir le meilleur de la gastronomie méditerranéenne et marocaine. Un incontournable à avoir dans votre cuisine pour des plats savoureux et authentiques.</p>",My Store,Non classé,"","",true,POIDS,"1,5L",,,,,,,,,0.0,,300,continue,manual,0.00,,true,false,,,,,,https://cdn.shopify.com/s/files/1/0986/8535/4273/files/HAWAIORANGE1_5L.png?v=1781184991,1,"",false,,,,kg,,,active
hawai,"HAWAI 1,5L","<p>Produit de qualité supérieure, soigneusement sélectionné pour vous offrir le meilleur de la gastronomie méditerranéenne et marocaine. Un incontournable à avoir dans votre cuisine pour des plats savoureux et authentiques.</p>",My Store,Non classé,"","",true,POIDS,"1,5L",,,,,,,,,0.0,,300,continue,manual,0.00,,true,false,,,,,,https://cdn.shopify.com/s/files/1/0986/8535/4273/files/HAWAI1_5.png?v=1781184993,1,"",false,,,,kg,,,active
sprite,"SPRITE 1,5L","<p>Produit de qualité supérieure, soigneusement sélectionné pour vous offrir le meilleur de la gastronomie méditerranéenne et marocaine. Un incontournable à avoir dans votre cuisine pour des plats savoureux et authentiques.</p>",My Store,Non classé,"","",true,POIDS,"1,5L",,,,,,,,,0.0,,300,continue,manual,0.00,,true,false,,,,,,https://cdn.shopify.com/s/files/1/0986/8535/4273/files/SPRITE1_5L.png?v=1781184370,1,"",false,,,,kg,,,active
fanta-orange,"FANTA ORANGE 1,5L","<p>Produit de qualité supérieure, soigneusement sélectionné pour vous offrir le meilleur de la gastronomie méditerranéenne et marocaine. Un incontournable à avoir dans votre cuisine pour des plats savoureux et authentiques.</p>",My Store,Non classé,"","",true,POIDS,"1,5L",,,,,,,,,0.0,,300,continue,manual,0.00,,true,false,,,,,,https://cdn.shopify.com/s/files/1/0986/8535/4273/files/FANTAORANGE1_5L.png?v=1781185019,1,"",false,,,,kg,,,active
cocacola,"COCACOLA 1,5L","<p>Produit de qualité supérieure, soigneusement sélectionné pour vous offrir le meilleur de la gastronomie méditerranéenne et marocaine. Un incontournable à avoir dans votre cuisine pour des plats savoureux et authentiques.</p>",My Store,Non classé,"","",true,POIDS,"1,5L",,,,,,,,,0.0,,300,continue,manual,0.00,,true,false,,,,,,https://cdn.shopify.com/s/files/1/0986/8535/4273/files/COCACOLA1_5L.png?v=1781185033,1,"",false,,,,kg,,,active
cocacola-zero,"COCACOLA ZERO 1,5L","<p>Produit de qualité supérieure, soigneusement sélectionné pour vous offrir le meilleur de la gastronomie méditerranéenne et marocaine. Un incontournable à avoir dans votre cuisine pour des plats savoureux et authentiques.</p>",My Store,Non classé,"","",true,POIDS,"1,5L",,,,,,,,,0.0,,300,continue,manual,0.00,,true,false,,,,,,https://cdn.shopify.com/s/files/1/0986/8535/4273/files/Coca-Cola_Zero_Sugar.jpg?v=1782988797,1,"COCACOLA ZERO 1,5L",false,,,,kg,,,active
graines-de-tournesol-salees-piquant,GRAINES DE TOURNESOL SALEES PIQUANT 150G,"<p>Produit de qualité supérieure, soigneusement sélectionné pour vous offrir le meilleur de la gastronomie méditerranéenne et marocaine. Un incontournable à avoir dans votre cuisine pour des plats savoureux et authentiques.</p>",My Store,,"","",true,POIDS,150G,,,,,,,,,0.0,,300,continue,manual,0.00,,true,false,,,,,,,,,false,,,,kg,,,active
graines-de-tournesol-sans-sel,GRAINES DE TOURNESOL SANS SEL 270G,"<p>Produit de qualité supérieure, soigneusement sélectionné pour vous offrir le meilleur de la gastronomie méditerranéenne et marocaine. Un incontournable à avoir dans votre cuisine pour des plats savoureux et authentiques.</p>",My Store,Non classé,"","",true,POIDS,270G,,,,,,,,,0.0,,300,continue,manual,0.00,,true,false,,,,,,https://cdn.shopify.com/s/files/1/0986/8535/4273/files/GRAINESDETOURNESOLSANSSEL____________270G.png?v=1782307910,1,"",false,,,,kg,,,active
graines-de-tournesol-extra-salees,GRAINES DE TOURNESOL EXTRA SALEES 270G,"<p>Produit de qualité supérieure, soigneusement sélectionné pour vous offrir le meilleur de la gastronomie méditerranéenne et marocaine. Un incontournable à avoir dans votre cuisine pour des plats savoureux et authentiques.</p>",My Store,Non classé,"","",true,POIDS,270G,,,,,,,,,0.0,,300,continue,manual,0.00,,true,false,,,,,,https://cdn.shopify.com/s/files/1/0986/8535/4273/files/GRAINESDETOURNESOLEXTRASALEES____________270G.png?v=1782307888,1,"",false,,,,kg,,,active
graines-de-tournesol-extra-salees,,,,,,,,,150G,,,,,,,,,0.0,,300,continue,manual,0.00,,true,false,,,,,,https://cdn.shopify.com/s/files/1/0986/8535/4273/files/GRAINESDETOURNESOLEXTRASALEES____________150G.png?v=1782307952,2,"",,,,,kg,,,
graines-de-tournesol-salees,GRAINES DE TOURNESOL SALEES 270G,"<p>Produit de qualité supérieure, soigneusement sélectionné pour vous offrir le meilleur de la gastronomie méditerranéenne et marocaine. Un incontournable à avoir dans votre cuisine pour des plats savoureux et authentiques.</p>",My Store,Non classé,"","",true,POIDS,270G,,,,,,,,,0.0,,300,continue,manual,0.00,,true,false,,,,,,https://cdn.shopify.com/s/files/1/0986/8535/4273/files/GRAINESDETOURNESOLSALEES____________270G_c45c74e3-6653-416d-9bc3-b9ee1f156f19.png?v=1782307897,1,"",false,,,,kg,,,active
graines-de-tournesol-salees,,,,,,,,,150G,,,,,,,,,0.0,,300,continue,manual,0.00,,true,false,,,,,,https://cdn.shopify.com/s/files/1/0986/8535/4273/files/GRAINESDETOURNESOLSALEES____________150G.png?v=1782307960,2,"",,,,,kg,,,
flan-amendes,FLAN AMENDES 50G,"<p>Produit de qualité supérieure, soigneusement sélectionné pour vous offrir le meilleur de la gastronomie méditerranéenne et marocaine. Un incontournable à avoir dans votre cuisine pour des plats savoureux et authentiques.</p>",My Store,Non classé,"","",true,POIDS,50G,,,,,,,,,0.0,,300,continue,manual,0.00,,true,false,,,,,,https://cdn.shopify.com/s/files/1/0986/8535/4273/files/FLANAMENDES50G.png?v=1781185012,1,"",false,,,,kg,,,active
flan-frais,FLAN FRAIS 45G,"<p>Produit de qualité supérieure, soigneusement sélectionné pour vous offrir le meilleur de la gastronomie méditerranéenne et marocaine. Un incontournable à avoir dans votre cuisine pour des plats savoureux et authentiques.</p>",My Store,Non classé,"","",true,POIDS,45G,,,,,,,,,0.0,,300,continue,manual,0.00,,true,false,,,,,,https://cdn.shopify.com/s/files/1/0986/8535/4273/files/FLANFRAIS45G.png?v=1781185004,1,"",false,,,,kg,,,active
flan-royal,FLAN ROYAL 93G,"<p>Produit de qualité supérieure, soigneusement sélectionné pour vous offrir le meilleur de la gastronomie méditerranéenne et marocaine. Un incontournable à avoir dans votre cuisine pour des plats savoureux et authentiques.</p>",My Store,Non classé,"","",true,POIDS,93G,,,,,,,,,0.0,,300,continue,manual,0.00,,true,false,,,,,,https://cdn.shopify.com/s/files/1/0986/8535/4273/files/FLANROYAL48G.png?v=1781185002,1,"",false,,,,kg,,,active
flan-royal,,,,,,,,,48G,,,,,,,,,0.0,,300,continue,manual,0.00,,true,false,,,,,,https://cdn.shopify.com/s/files/1/0986/8535/4273/files/FLANROYAL93G.png?v=1781185002,2,"",,,,,kg,,,
flan-cuajada,FLAN CUAJADA 48G,"<p>Produit de qualité supérieure, soigneusement sélectionné pour vous offrir le meilleur de la gastronomie méditerranéenne et marocaine. Un incontournable à avoir dans votre cuisine pour des plats savoureux et authentiques.</p>",My Store,Non classé,"","",true,POIDS,48G,,,,,,,,,0.0,,300,continue,manual,0.00,,true,false,,,,,,https://cdn.shopify.com/s/files/1/0986/8535/4273/files/FLANCUAJADA48G.png?v=1781185008,1,"",false,,,,kg,,,active
gaufrettes-choco,GAUFRETTES CHOCO 330G,"<p>Produit de qualité supérieure, soigneusement sélectionné pour vous offrir le meilleur de la gastronomie méditerranéenne et marocaine. Un incontournable à avoir dans votre cuisine pour des plats savoureux et authentiques.</p>",My Store,Non classé,"","",true,POIDS,330G,,,,,,,,,0.0,,300,continue,manual,0.00,,true,false,,,,,,https://cdn.shopify.com/s/files/1/0986/8535/4273/files/GAUFRETTESCHOCO.png?v=1782307915,1,"",false,,,,kg,,,active
gaufrettes-citron,GAUFRETTES CITRON 330G,"<p>Produit de qualité supérieure, soigneusement sélectionné pour vous offrir le meilleur de la gastronomie méditerranéenne et marocaine. Un incontournable à avoir dans votre cuisine pour des plats savoureux et authentiques.</p>",My Store,Non classé,"","",true,POIDS,330G,,,,,,,,,0.0,,300,continue,manual,0.00,,true,false,,,,,,https://cdn.shopify.com/s/files/1/0986/8535/4273/files/GAUFRETTESCITRON.png?v=1782307919,1,"",false,,,,kg,,,active
gaufrettes-a-la-creme,GAUFRETTES A LA CRÉME 330G,"<p>Produit de qualité supérieure, soigneusement sélectionné pour vous offrir le meilleur de la gastronomie méditerranéenne et marocaine. Un incontournable à avoir dans votre cuisine pour des plats savoureux et authentiques.</p>",My Store,Non classé,"","",true,POIDS,330G,,,,,,,,,0.0,,300,continue,manual,0.00,,true,false,,,,,,https://cdn.shopify.com/s/files/1/0986/8535/4273/files/GAUFRETTESALACREME____________330G.png?v=1782307923,1,"",false,,,,kg,,,active
gaufrettes-coco,GAUFRETTES COCO 330G,"<p>Produit de qualité supérieure, soigneusement sélectionné pour vous offrir le meilleur de la gastronomie méditerranéenne et marocaine. Un incontournable à avoir dans votre cuisine pour des plats savoureux et authentiques.</p>",My Store,Non classé,"","",true,POIDS,330G,,,,,,,,,0.0,,300,continue,manual,0.00,,true,false,,,,,,https://cdn.shopify.com/s/files/1/0986/8535/4273/files/GAUFRETTESCOCO.png?v=1782307935,1,"",false,,,,kg,,,active
graine-de-citroulles-grillee-salee,GRAINE DE CITROULLES GRILLEE SALEE 300G,"<p>Produit de qualité supérieure, soigneusement sélectionné pour vous offrir le meilleur de la gastronomie méditerranéenne et marocaine. Un incontournable à avoir dans votre cuisine pour des plats savoureux et authentiques.</p>",My Store,,"","",true,POIDS,300G,,,,,,,,,0.0,,300,continue,manual,0.00,,true,false,,,,,,,,,false,,,,kg,,,active
noix-du-bresil,NOIX DU BRESIL 200G,"<p>Produit de qualité supérieure, soigneusement sélectionné pour vous offrir le meilleur de la gastronomie méditerranéenne et marocaine. Un incontournable à avoir dans votre cuisine pour des plats savoureux et authentiques.</p>",My Store,,"","",true,POIDS,200G,,,,,,,,,0.0,,300,continue,manual,0.00,,true,false,,,,,,,,,false,,,,kg,,,active
noix-de-cajou-nature,NOIX DE CAJOU NATURE 600G,"<p>Produit de qualité supérieure, soigneusement sélectionné pour vous offrir le meilleur de la gastronomie méditerranéenne et marocaine. Un incontournable à avoir dans votre cuisine pour des plats savoureux et authentiques.</p>",My Store,,"","",true,POIDS,600G,,,,,,,,,0.0,,300,continue,manual,0.00,,true,false,,,,,,https://cdn.shopify.com/s/files/1/0986/8535/4273/files/Zahia_-_Noix_de_Cajou_Nature.jpg?v=1782988798,1,NOIX DE CAJOU NATURE 600G,false,,,,kg,,,active
cerneaux-naturelles-1,CERNEAUX NATURELLES 400G,"<p>Produit de qualité supérieure, soigneusement sélectionné pour vous offrir le meilleur de la gastronomie méditerranéenne et marocaine. Un incontournable à avoir dans votre cuisine pour des plats savoureux et authentiques.</p>",My Store,,"","",true,POIDS,400G,,,,,,,,,0.0,,300,continue,manual,0.00,,true,false,,,,,,,,,false,,,,kg,,,active
pruneaux-bladi,PRUNEAUX BLADI 500G,"<p>Produit de qualité supérieure, soigneusement sélectionné pour vous offrir le meilleur de la gastronomie méditerranéenne et marocaine. Un incontournable à avoir dans votre cuisine pour des plats savoureux et authentiques.</p>",My Store,,"","",true,POIDS,500G,,,,,,,,,0.0,,300,continue,manual,0.00,,true,false,,,,,,,,,false,,,,kg,,,active
pruneaux-bladi,,,,,,,,,1KG,,,,,,,,,0.0,,300,continue,manual,0.00,,true,false,,,,,,,,,,,,,kg,,,
abricots-seches,ABRICOTS SÉCHÉS 300G,"<p>Produit de qualité supérieure, soigneusement sélectionné pour vous offrir le meilleur de la gastronomie méditerranéenne et marocaine. Un incontournable à avoir dans votre cuisine pour des plats savoureux et authentiques.</p>",My Store,,"","",true,POIDS,300G,,,,,,,,,0.0,,300,continue,manual,0.00,,true,false,,,,,,,,,false,,,,kg,,,active
raisins-noir-garmello,RAISINS NOIR GARMELLO 300G,"<p>Raisins noirs juteux et sucrés aux grains généreux et brillants. À déguster frais tel quel, en jus ou pour accompagner fromages et charcuteries en fin de repas.</p>",My Store,,"","",true,POIDS,300G,,,,,,,,,0.0,,300,continue,manual,0.00,,true,false,,,,,,,,,false,,,,kg,,,active
raisins-golden-garmello,RAISINS GOLDEN GARMELLO 300G,"<p>Produit de qualité supérieure, soigneusement sélectionné pour vous offrir le meilleur de la gastronomie méditerranéenne et marocaine. Un incontournable à avoir dans votre cuisine pour des plats savoureux et authentiques.</p>",My Store,,"","",true,POIDS,300G,,,,,,,,,0.0,,300,continue,manual,0.00,,true,false,,,,,,,,,false,,,,kg,,,active
pistaches-naturelles,PISTACHES NATURELLES 600G,"<p>Produit de qualité supérieure, soigneusement sélectionné pour vous offrir le meilleur de la gastronomie méditerranéenne et marocaine. Un incontournable à avoir dans votre cuisine pour des plats savoureux et authentiques.</p>",My Store,,"","",true,POIDS,600G,,,,,,,,,0.0,,300,continue,manual,0.00,,true,false,,,,,,https://cdn.shopify.com/s/files/1/0986/8535/4273/files/Garmello_-_Pistaches_Naturelles.jpg?v=1782988797,1,PISTACHES NATURELLES 600G,false,,,,kg,,,active
sirop-de-sucre-a-la-grenadine-barida,SIROP DE SUCRE A LA GRENADINE   BARIDA 1L,"<p>Sucre de qualité supérieure, finement cristallisé pour se dissoudre facilement dans toutes vos préparations. Indispensable en pâtisserie, pour vos boissons et la confection de confitures maison.</p>",My Store,,"","",true,POIDS,1L,,,,,,,,,0.0,,300,continue,manual,0.00,,true,false,,,,,,,,,false,,,,kg,,,active
sirop-de-sucre-a-la-mente-barida,SIROP DE SUCRE A LA MENTE  BARIDA 1L,"<p>Sucre de qualité supérieure, finement cristallisé pour se dissoudre facilement dans toutes vos préparations. Indispensable en pâtisserie, pour vos boissons et la confection de confitures maison.</p>",My Store,,"","",true,POIDS,1L,,,,,,,,,0.0,,300,continue,manual,0.00,,true,false,,,,,,,,,false,,,,kg,,,active
huile-de-tournesol-safia,HUILE DE TOURNESOL SAFIA 1L,"<p>Produit de qualité supérieure, soigneusement sélectionné et préparé selon les traditions méditerranéennes. Une saveur authentique pour sublimer vos recettes du quotidien.</p>",My Store,Non classé,"","",true,POIDS,1L,,,,,,,,,0.0,,300,continue,manual,0.00,,true,false,,,,,,https://cdn.shopify.com/s/files/1/0986/8535/4273/files/HUILEDETOURNESOLSAFIA1L.png?v=1781184987,1,"",false,,,,kg,,,active
huile-de-tournesol-kent,HUILE DE TOURNESOL KENT 1L,"<p>Produit de qualité supérieure, soigneusement sélectionné et préparé selon les traditions méditerranéennes. Une saveur authentique pour sublimer vos recettes du quotidien.</p>",My Store,Non classé,"","",true,POIDS,1L,,,,,,,,,0.0,,300,continue,manual,0.00,,true,false,,,,,,https://cdn.shopify.com/s/files/1/0986/8535/4273/files/HUILEDETOURNESOLKENT1L.png?v=1781184988,1,"",false,,,,kg,,,active
huile-de-tournesol-julette,HUILE DE TOURNESOL JULETTE 1L,"<p>Produit de qualité supérieure, soigneusement sélectionné et préparé selon les traditions méditerranéennes. Une saveur authentique pour sublimer vos recettes du quotidien.</p>",My Store,Non classé,"","",true,POIDS,1L,,,,,,,,,0.0,,300,continue,manual,0.00,,true,false,,,,,,https://cdn.shopify.com/s/files/1/0986/8535/4273/files/HUILEDETOURNESOLJULIETTE1L.png?v=1781109334,1,"",false,,,,kg,,,active
huile-dolive-vierge-bab-souss,HUILE D'OLIVE VIERGE BAB SOUSS 2L,"<p>Produit de qualité supérieure, soigneusement sélectionné et préparé selon les traditions méditerranéennes. Une saveur authentique pour sublimer vos recettes du quotidien.</p>",My Store,Non classé,"","",true,POIDS,2L,,,,,,,,,0.0,,300,continue,manual,0.00,,true,false,,,,,,https://cdn.shopify.com/s/files/1/0986/8535/4273/files/HUILED_OLIVEVIERGEBABSOUSS2L.png?v=1781109353,1,"",false,,,,kg,,,active
huile-dolive-vierge-el-fassia,HUILE D'OLIVE VIERGE EL FASSIA 2L,"<p>Produit de qualité supérieure, soigneusement sélectionné et préparé selon les traditions méditerranéennes. Une saveur authentique pour sublimer vos recettes du quotidien.</p>",My Store,Non classé,"","",true,POIDS,2L,,,,,,,,,0.0,,300,continue,manual,0.00,,true,false,,,,,,https://cdn.shopify.com/s/files/1/0986/8535/4273/files/HUILED_OLIVEVIERGEELFASSIA2L.png?v=1781109363,1,"",false,,,,kg,,,active
huile-dolive-vierge-el-ouazzania,HUILE D'OLIVE VIERGE EL OUAZZANIA 1L,"<p>Produit de qualité supérieure, soigneusement sélectionné et préparé selon les traditions méditerranéennes. Une saveur authentique pour sublimer vos recettes du quotidien.</p>",My Store,Non classé,"","",true,POIDS,1L,,,,,,,,,0.0,,300,continue,manual,0.00,,true,false,,,,,,https://cdn.shopify.com/s/files/1/0986/8535/4273/files/HUILED_OLIVEVIERGEELOUAZZANIA1L.png?v=1781109367,1,"",false,,,,kg,,,active
huile-dolive-vierge-elbaldia,HUILE D'OLIVE VIERGE ELBALDIA 1L,"<p>Produit de qualité supérieure, soigneusement sélectionné et préparé selon les traditions méditerranéennes. Une saveur authentique pour sublimer vos recettes du quotidien.</p>",My Store,Non classé,"","",true,POIDS,1L,,,,,,,,,0.0,,300,continue,manual,0.00,,true,false,,,,,,https://cdn.shopify.com/s/files/1/0986/8535/4273/files/HUILED_OLIVEVIERGEELBALDIA1L.png?v=1781109371,1,"",false,,,,kg,,,active
huile-dolive-vierge-al-malakia,HUILE D'OLIVE VIERGE AL MALAKIA 1L,"<p>Produit de qualité supérieure, soigneusement sélectionné et préparé selon les traditions méditerranéennes. Une saveur authentique pour sublimer vos recettes du quotidien.</p>",My Store,,"","",true,POIDS,1L,,,,,,,,,0.0,,300,continue,manual,0.00,,true,false,,,,,,,,,false,,,,kg,,,active
huile-dolive-vierge-oued-sous,HUILE D'OLIVE VIERGE  OUED SOUS 1L,"<p>Produit de qualité supérieure, soigneusement sélectionné et préparé selon les traditions méditerranéennes. Une saveur authentique pour sublimer vos recettes du quotidien.</p>",My Store,Non classé,"","",true,POIDS,1L,,,,,,,,,0.0,,300,continue,manual,0.00,,true,false,,,,,,https://cdn.shopify.com/s/files/1/0986/8535/4273/files/HUILED_OLIVEVIERGEOUEDSOUS1L.png?v=1781109375,1,"",false,,,,kg,,,active
huile-dolive-vierge-al-badia,HUILE D'OLIVE VIERGE AL BADIA 1L,"<p>Produit de qualité supérieure, soigneusement sélectionné et préparé selon les traditions méditerranéennes. Une saveur authentique pour sublimer vos recettes du quotidien.</p>",My Store,Non classé,"","",true,POIDS,1L,,,,,,,,,0.0,,300,continue,manual,0.00,,true,false,,,,,,https://cdn.shopify.com/s/files/1/0986/8535/4273/files/HUILED_OLIVEVIERGEALBADIA1L.png?v=1781109351,1,"",false,,,,kg,,,active
huile-dolive-vierge-zitouna,HUILE D'OLIVE VIERGE  ZITOUNA 1L,"<p>Produit de qualité supérieure, soigneusement sélectionné et préparé selon les traditions méditerranéennes. Une saveur authentique pour sublimer vos recettes du quotidien.</p>",My Store,Non classé,"","",true,POIDS,1L,,,,,,,,,0.0,,300,continue,manual,0.00,,true,false,,,,,,https://cdn.shopify.com/s/files/1/0986/8535/4273/files/HUILED_OLIVEVIERGEZITOUNA1L.png?v=1781109379,1,"",false,,,,kg,,,active
olives-vertes,OLIVES VERTES 2750G,"<p>Olives de qualité supérieure, soigneusement sélectionnées et préparées selon les traditions méditerranéennes. Un produit savoureux à déguster à tout moment.</p>",My Store,,"","",true,POIDS,2750G,,,,,,,,,0.0,,300,continue,manual,0.00,,true,false,,,,,,,,,false,,,,kg,,,active
huile-dolive-lorena,HUILE D'OLIVE LORENA 5L,"<p>Produit de qualité supérieure, soigneusement sélectionné et préparé selon les traditions méditerranéennes. Une saveur authentique pour sublimer vos recettes du quotidien.</p>",My Store,Non classé,"","",true,POIDS,5L,,,,,,,,,0.0,,300,continue,manual,0.00,,true,false,,,,,,https://cdn.shopify.com/s/files/1/0986/8535/4273/files/HUILED_OLIVELORENA5L.png?v=1781109347,1,"",false,,,,kg,,,active
huile-safia,HUILE SAFIA 5L,"<p>Produit de qualité supérieure, soigneusement sélectionné et préparé selon les traditions méditerranéennes. Une saveur authentique pour sublimer vos recettes du quotidien.</p>",My Store,Non classé,"","",true,POIDS,5L,,,,,,,,,0.0,,300,continue,manual,0.00,,true,false,,,,,,https://cdn.shopify.com/s/files/1/0986/8535/4273/files/HUILESAFIA5L.png?v=1781110298,1,"",false,,,,kg,,,active
nido,NIDO 1800G,"<p>Produit de qualité supérieure, soigneusement sélectionné pour vous offrir le meilleur de la gastronomie méditerranéenne et marocaine. Un incontournable à avoir dans votre cuisine pour des plats savoureux et authentiques.</p>",My Store,Non classé,"","",true,POIDS,1800G,,,,,,,,,0.0,,300,continue,manual,0.00,,true,false,,,,,,https://cdn.shopify.com/s/files/1/0986/8535/4273/files/NIDO400G.png?v=1781110324,1,"",false,,,,kg,,,active
nido,,,,,,,,,975G,,,,,,,,,0.0,,300,continue,manual,0.00,,true,false,,,,,,https://cdn.shopify.com/s/files/1/0986/8535/4273/files/NIDO1200G.png?v=1781110325,2,"",,,,,kg,,,
nido,,,,,,,,,400G,,,,,,,,,0.0,,300,continue,manual,0.00,,true,false,,,,,,https://cdn.shopify.com/s/files/1/0986/8535/4273/files/NIDO1800G.png?v=1781110324,3,"",,,,,kg,,,
nido,,,,,,,,,1200G,,,,,,,,,0.0,,300,continue,manual,0.00,,true,false,,,,,,https://cdn.shopify.com/s/files/1/0986/8535/4273/files/NIDO97_5G.png?v=1781110324,4,"",,,,,kg,,,
nido,,,,,,,,,260G,,,,,,,,,0.0,,300,continue,manual,0.00,,true,false,,,,,,https://cdn.shopify.com/s/files/1/0986/8535/4273/files/NIDO260G.png?v=1781110325,5,"",,,,,kg,,,
nido,,,,,,,,,"97,5G",,,,,,,,,0.0,,300,continue,manual,0.00,,true,false,,,,,,,,,,,,,kg,,,
nestle-caramel-pr-gateaux,NESTLE CARAMEL PR GATEAUX 305Ml,"<p>Produit de qualité supérieure, soigneusement sélectionné pour vous offrir le meilleur de la gastronomie méditerranéenne et marocaine. Un incontournable à avoir dans votre cuisine pour des plats savoureux et authentiques.</p>",My Store,Non classé,"","",true,POIDS,305Ml,,,,,,,,,0.0,,300,continue,manual,0.00,,true,false,,,,,,https://cdn.shopify.com/s/files/1/0986/8535/4273/files/NESTLECARAMELPRGATEAUX.png?v=1781110318,1,"",false,,,,kg,,,active
vinaigre-a-la-pomme-delissia,"VINAIGRE A LA POMME DELISSIA 0,5L","<p>Produit de qualité supérieure, soigneusement sélectionné pour vous offrir le meilleur de la gastronomie méditerranéenne et marocaine. Un incontournable à avoir dans votre cuisine pour des plats savoureux et authentiques.</p>",My Store,,"","",true,POIDS,"0,5L",,,,,,,,,0.0,,300,continue,manual,0.00,,true,false,,,,,,,,,false,,,,kg,,,active
vinaigre-de-table-a-la-pomme-star,"VINAIGRE DE TABLE  A LA POMME STAR 0,5L","<p>Produit de qualité supérieure, soigneusement sélectionné pour vous offrir le meilleur de la gastronomie méditerranéenne et marocaine. Un incontournable à avoir dans votre cuisine pour des plats savoureux et authentiques.</p>",My Store,Non classé,"","",true,POIDS,"0,5L",,,,,,,,,0.0,,300,continue,manual,0.00,,true,false,,,,,,https://cdn.shopify.com/s/files/1/0986/8535/4273/files/VINAIGREDETABLEALAPOMMESTAR.png?v=1781110331,1,"",false,,,,kg,,,active
vinaigre-de-table-au-citron-star,"VINAIGRE DE TABLE  AU CITRON STAR 0,5L","<p>Produit de qualité supérieure, soigneusement sélectionné pour vous offrir le meilleur de la gastronomie méditerranéenne et marocaine. Un incontournable à avoir dans votre cuisine pour des plats savoureux et authentiques.</p>",My Store,Non classé,"","",true,POIDS,"0,5L",,,,,,,,,0.0,,300,continue,manual,0.00,,true,false,,,,,,https://cdn.shopify.com/s/files/1/0986/8535/4273/files/VINAIGREDETABLEAUCITRONSTAR0_5L.png?v=1781110334,1,"",false,,,,kg,,,active
vinaigre-de-table-colore-star,"VINAIGRE DE TABLE COLORÉ STAR 0,5L","<p>Produit de qualité supérieure, soigneusement sélectionné pour vous offrir le meilleur de la gastronomie méditerranéenne et marocaine. Un incontournable à avoir dans votre cuisine pour des plats savoureux et authentiques.</p>",My Store,Non classé,"","",true,POIDS,"0,5L",,,,,,,,,0.0,,300,continue,manual,0.00,,true,false,,,,,,https://cdn.shopify.com/s/files/1/0986/8535/4273/files/VINAIGREDETABLECOLORESTAR0_5L.png?v=1781110336,1,"",false,,,,kg,,,active
bicarbonate-de-sodium-alimentaire-1,BiCARBONATE DE SODIUM ALIMENTAIRE 300G,"<p>Produit de qualité supérieure, soigneusement sélectionné pour vous offrir le meilleur de la gastronomie méditerranéenne et marocaine. Un incontournable à avoir dans votre cuisine pour des plats savoureux et authentiques.</p>",My Store,,"","",true,POIDS,300G,,,,,,,,,0.0,,300,continue,manual,0.00,,true,false,,,,,,,,,false,,,,kg,,,active
bicarbonate-de-sodium-alimentaire,BICARBONATE DE SODIUM ALIMENTAIRE 100G,"<p>Produit de qualité supérieure, soigneusement sélectionné pour vous offrir le meilleur de la gastronomie méditerranéenne et marocaine. Un incontournable à avoir dans votre cuisine pour des plats savoureux et authentiques.</p>",My Store,,"","",true,POIDS,100G,,,,,,,,,0.0,,300,continue,manual,0.00,,true,false,,,,,,,,,false,,,,kg,,,active
speculoos,SPÉCULOOS 1KG,"<p>Produit de qualité supérieure, soigneusement sélectionné pour vous offrir le meilleur de la gastronomie méditerranéenne et marocaine. Un incontournable à avoir dans votre cuisine pour des plats savoureux et authentiques.</p>",My Store,,"","",true,POIDS,1KG,,,,,,,,,0.0,,300,continue,manual,0.00,,true,false,,,,,,,,,false,,,,kg,,,active
speculoos,,,,,,,,,300G,,,,,,,,,0.0,,300,continue,manual,0.00,,true,false,,,,,,,,,,,,,kg,,,
miel-pour-patissrie-chatar,MIEL POUR PATISSRIE CHATAR 500G,"<p>Préparation artisanale de qualité supérieure, élaborée selon des recettes traditionnelles soigneusement préservées. Un produit authentique aux saveurs riches qui ravira les amateurs de gastronomie méditerranéenne.</p>",My Store,,"","",true,POIDS,500G,,,,,,,,,0.0,,300,continue,manual,0.00,,true,false,,,,,,,,,false,,,,kg,,,active
nappage-pour-gateaux,NAPPAGE POUR GATEAUX 500G,"<p>Produit de qualité supérieure, soigneusement sélectionné pour vous offrir le meilleur de la gastronomie méditerranéenne et marocaine. Un incontournable à avoir dans votre cuisine pour des plats savoureux et authentiques.</p>",My Store,Non classé,"","",true,POIDS,500G,,,,,,,,,0.0,,300,continue,manual,0.00,,true,false,,,,,,https://cdn.shopify.com/s/files/1/0986/8535/4273/files/NAPPAGEPOURGATEAUX500G.png?v=1781110314,1,"",false,,,,kg,,,active
graisse-vegetale-pr-gateaux-el-mordjene,GRAISSE VÉGÉTALE PR GATEAUX EL MORDJENE 500G,"<p>Produit de qualité supérieure, soigneusement sélectionné pour vous offrir le meilleur de la gastronomie méditerranéenne et marocaine. Un incontournable à avoir dans votre cuisine pour des plats savoureux et authentiques.</p>",My Store,Non classé,"","",true,POIDS,500G,,,,,,,,,0.0,,300,continue,manual,0.00,,true,false,,,,,,https://cdn.shopify.com/s/files/1/0986/8535/4273/files/GRAISSEVEGETALEPRGATEAUXELMORDJENE500G_191e0383-0f54-45ca-8362-cba6ef81d22e.png?v=1781109524,1,"",false,,,,kg,,,active
graisse-vegetale-pr-gateaux-el-mordjene,,,,,,,,,900G,,,,,,,,,0.0,,300,continue,manual,0.00,,true,false,,,,,,https://cdn.shopify.com/s/files/1/0986/8535/4273/files/GRAISSEVEGETALEPRGATEAUXELMORDJENE900G_670899fe-10a9-4614-942f-1afb0b92ee32.png?v=1781109524,2,"",,,,,kg,,,
alsa-levure-gateaux,ALSA LEVURE GATEAUX 70G,"<p>Produit de qualité supérieure, soigneusement sélectionné pour vous offrir le meilleur de la gastronomie méditerranéenne et marocaine. Un incontournable à avoir dans votre cuisine pour des plats savoureux et authentiques.</p>",My Store,Non classé,"","",true,POIDS,70G,,,,,,,,,0.0,,300,continue,manual,0.00,,true,false,,,,,,https://cdn.shopify.com/s/files/1/0986/8535/4273/files/ALSALEVUREGATEAUX70G.png?v=1781109305,1,"",false,,,,kg,,,active
alsa-vanille,ALSA VANILLE 75G,"<p>Produit de qualité supérieure, soigneusement sélectionné pour vous offrir le meilleur de la gastronomie méditerranéenne et marocaine. Un incontournable à avoir dans votre cuisine pour des plats savoureux et authentiques.</p>",My Store,Non classé,"","",true,POIDS,75G,,,,,,,,,0.0,,300,continue,manual,0.00,,true,false,,,,,,https://cdn.shopify.com/s/files/1/0986/8535/4273/files/ALSAVANILLE75G.png?v=1781109309,1,"",false,,,,kg,,,active
alsa-fleur-doranger,ALSA FLEUR D'ORANGER 75G,"<p>Produit de qualité supérieure, soigneusement sélectionné pour vous offrir le meilleur de la gastronomie méditerranéenne et marocaine. Un incontournable à avoir dans votre cuisine pour des plats savoureux et authentiques.</p>",My Store,Non classé,"","",true,POIDS,75G,,,,,,,,,0.0,,300,continue,manual,0.00,,true,false,,,,,,https://cdn.shopify.com/s/files/1/0986/8535/4273/files/ALSAFLEURD_ORANGER75G.png?v=1781109301,1,"",false,,,,kg,,,active
levure-bruggeman,LEVURE BRUGGEMAN 500G,"<p>Produit de qualité supérieure, soigneusement sélectionné pour vous offrir le meilleur de la gastronomie méditerranéenne et marocaine. Un incontournable à avoir dans votre cuisine pour des plats savoureux et authentiques.</p>",My Store,Non classé,"","",true,POIDS,500G,,,,,,,,,0.0,,300,continue,manual,0.00,,true,false,,,,,,https://cdn.shopify.com/s/files/1/0986/8535/4273/files/LEVUREBRUGGEMAN125G.png?v=1781110301,1,"",false,,,,kg,,,active
levure-bruggeman,,,,,,,,,125G,,,,,,,,,0.0,,300,continue,manual,0.00,,true,false,,,,,,https://cdn.shopify.com/s/files/1/0986/8535/4273/files/LEVUREBRUGGEMAN500G.png?v=1781110303,2,"",,,,,kg,,,
maizena,MAIZENA 400G,"<p>Produit de qualité supérieure, soigneusement sélectionné pour vous offrir le meilleur de la gastronomie méditerranéenne et marocaine. Un incontournable à avoir dans votre cuisine pour des plats savoureux et authentiques.</p>",My Store,Non classé,"","",true,POIDS,400G,,,,,,,,,0.0,,300,continue,manual,0.00,,true,false,,,,,,https://cdn.shopify.com/s/files/1/0986/8535/4273/files/MAIZENA400G.png?v=1781110311,1,"",false,,,,kg,,,active
confiture-dabricots-baraani-gateaux,CONFITURE D'ABRICOTS BARAANI  GATEAUX 700G,"<p>Préparation artisanale de qualité supérieure, élaborée selon des recettes traditionnelles soigneusement préservées. Un produit authentique aux saveurs riches qui ravira les amateurs de gastronomie méditerranéenne.</p>",My Store,Non classé,"","",true,POIDS,700G,,,,,,,,,0.0,,300,continue,manual,0.00,,true,false,,,,,,https://cdn.shopify.com/s/files/1/0986/8535/4273/files/CONFITURED_ABRICOTSBARAANIGATEAUX700G.png?v=1781109314,1,"",false,,,,kg,,,active
confiture-dabricots-el-baraka,CONFITURE D'ABRICOTS EL BARAKA 430G,"<p>Préparation artisanale de qualité supérieure, élaborée selon des recettes traditionnelles soigneusement préservées. Un produit authentique aux saveurs riches qui ravira les amateurs de gastronomie méditerranéenne.</p>",My Store,Non classé,"","",true,POIDS,430G,,,,,,,,,0.0,,300,continue,manual,0.00,,true,false,,,,,,https://cdn.shopify.com/s/files/1/0986/8535/4273/files/CONFITURED_ABRICOTSELBARAKA430G.png?v=1781109318,1,"",false,,,,kg,,,active
confiture-de-fraise-el-baraka,CONFITURE DE FRAISE EL BARAKA 430G,"<p>Préparation artisanale de qualité supérieure, élaborée selon des recettes traditionnelles soigneusement préservées. Un produit authentique aux saveurs riches qui ravira les amateurs de gastronomie méditerranéenne.</p>",My Store,Non classé,"","",true,POIDS,430G,,,,,,,,,0.0,,300,continue,manual,0.00,,true,false,,,,,,https://cdn.shopify.com/s/files/1/0986/8535/4273/files/CONFITUREDEFRAISEELBARAKA430G.png?v=1781108274,1,"",false,,,,kg,,,active
confiture-de-figues-el-baraka,CONFITURE DE FIGUES EL BARAKA 430G,"<p>Préparation artisanale de qualité supérieure, élaborée selon des recettes traditionnelles soigneusement préservées. Un produit authentique aux saveurs riches qui ravira les amateurs de gastronomie méditerranéenne.</p>",My Store,Non classé,"","",true,POIDS,430G,,,,,,,,,0.0,,300,continue,manual,0.00,,true,false,,,,,,https://cdn.shopify.com/s/files/1/0986/8535/4273/files/CONFITUREDEFIGUESELBARAKA430G.png?v=1781108271,1,"",false,,,,kg,,,active
confiture-de-figues-aicha,CONFITURE DE FIGUES AICHA 430G,"<p>Préparation artisanale de qualité supérieure, élaborée selon des recettes traditionnelles soigneusement préservées. Un produit authentique aux saveurs riches qui ravira les amateurs de gastronomie méditerranéenne.</p>",My Store,Non classé,"","",true,POIDS,430G,,,,,,,,,0.0,,300,continue,manual,0.00,,true,false,,,,,,https://cdn.shopify.com/s/files/1/0986/8535/4273/files/CONFITUREDEFIGUESAICHA430G.png?v=1781108268,1,"",false,,,,kg,,,active
chorba-ideal,CHORBA IDEAL 110G,"<p>Produit de qualité supérieure, soigneusement sélectionné pour vous offrir le meilleur de la gastronomie méditerranéenne et marocaine. Un incontournable à avoir dans votre cuisine pour des plats savoureux et authentiques.</p>",My Store,Non classé,"","",true,POIDS,110G,,,,,,,,,0.0,,300,continue,manual,0.00,,true,false,,,,,,https://cdn.shopify.com/s/files/1/0986/8535/4273/files/CHORBAIDEAL110G.png?v=1781108264,1,"",false,,,,kg,,,active
harira-ideal,HARIRA IDEAL 135G,"<p>Produit de qualité supérieure, soigneusement sélectionné pour vous offrir le meilleur de la gastronomie méditerranéenne et marocaine. Un incontournable à avoir dans votre cuisine pour des plats savoureux et authentiques.</p>",My Store,Non classé,"","",true,POIDS,135G,,,,,,,,,0.0,,300,continue,manual,0.00,,true,false,,,,,,https://cdn.shopify.com/s/files/1/0986/8535/4273/files/HARIRAIDEAL135G.png?v=1781108452,1,"",false,,,,kg,,,active
mousse-au-vanille,MOUSSE AU VANILLE 100G,"<p>Produit de qualité supérieure, soigneusement sélectionné pour vous offrir le meilleur de la gastronomie méditerranéenne et marocaine. Un incontournable à avoir dans votre cuisine pour des plats savoureux et authentiques.</p>",My Store,,"","",true,POIDS,100G,,,,,,,,,0.0,,300,continue,manual,0.00,,true,false,,,,,,,,,false,,,,kg,,,active
creme-patissiere,CREME PATISSIERE 100G,"<p>Produit de qualité supérieure, soigneusement sélectionné pour vous offrir le meilleur de la gastronomie méditerranéenne et marocaine. Un incontournable à avoir dans votre cuisine pour des plats savoureux et authentiques.</p>",My Store,,"","",true,POIDS,100G,,,,,,,,,0.0,,300,continue,manual,0.00,,true,false,,,,,,,,,false,,,,kg,,,active
creme-patissiere,,,,,,,,,200G,,,,,,,,,0.0,,300,continue,manual,0.00,,true,false,,,,,,,,,,,,,kg,,,
sucre-en-poudre,SUCRE EN POUDRE 1KG,"<p>Sucre de qualité supérieure, finement cristallisé pour se dissoudre facilement dans toutes vos préparations. Indispensable en pâtisserie, pour vos boissons et la confection de confitures maison.</p>",My Store,,"","",true,POIDS,1KG,,,,,,,,,0.0,,300,continue,manual,0.00,,true,false,,,,,,,,,false,,,,kg,,,active
sucre-en-poudre,,,,,,,,,250G,,,,,,,,,0.0,,300,continue,manual,0.00,,true,false,,,,,,,,,,,,,kg,,,
garmeloo-noix-de-coco,GARMELOO NOIX DE COCO 300G,"<p>Produit de qualité supérieure, soigneusement sélectionné pour vous offrir le meilleur de la gastronomie méditerranéenne et marocaine. Un incontournable à avoir dans votre cuisine pour des plats savoureux et authentiques.</p>",My Store,Non classé,"","",true,POIDS,300G,,,,,,,,,0.0,,300,continue,manual,0.00,,true,false,,,,,,https://cdn.shopify.com/s/files/1/0986/8535/4273/files/GARMELOONOIXDECOCO300G.png?v=1781108448,1,"",false,,,,kg,,,active
semoule-fine-tosca,SEMOULE FINE TOSCA 1KG,"<p>Produit de qualité supérieure, soigneusement sélectionné pour vous offrir le meilleur de la gastronomie méditerranéenne et marocaine. Un incontournable à avoir dans votre cuisine pour des plats savoureux et authentiques.</p>",My Store,Non classé,"","",true,POIDS,1KG,,,,,,,,,0.0,,300,continue,manual,0.00,,true,false,,,,,,https://cdn.shopify.com/s/files/1/0986/8535/4273/files/SEMOULEFINETOSCA1KG.png?v=1781108475,1,"",false,,,,kg,,,active
semoule-moyenne-angelo,SEMOULE MOYENNE ANGELO 1KG,"<p>Produit de qualité supérieure, soigneusement sélectionné pour vous offrir le meilleur de la gastronomie méditerranéenne et marocaine. Un incontournable à avoir dans votre cuisine pour des plats savoureux et authentiques.</p>",My Store,Non classé,"","",true,POIDS,1KG,,,,,,,,,0.0,,300,continue,manual,0.00,,true,false,,,,,,https://cdn.shopify.com/s/files/1/0986/8535/4273/files/SEMOULEMOYENNEANGELO1KG.png?v=1781108480,1,"",false,,,,kg,,,active
semoule-fine-angelo,SEMOULE FINE ANGELO 1KG,"<p>Produit de qualité supérieure, soigneusement sélectionné pour vous offrir le meilleur de la gastronomie méditerranéenne et marocaine. Un incontournable à avoir dans votre cuisine pour des plats savoureux et authentiques.</p>",My Store,Non classé,"","",true,POIDS,1KG,,,,,,,,,0.0,,300,continue,manual,0.00,,true,false,,,,,,https://cdn.shopify.com/s/files/1/0986/8535/4273/files/SEMOULEFINEANGELO1KG.png?v=1781108472,1,"",false,,,,kg,,,active
semoule-fine-konouz,SEMOULE FINE KONOUZ 1KG,"<p>Produit de qualité supérieure, soigneusement sélectionné pour vous offrir le meilleur de la gastronomie méditerranéenne et marocaine. Un incontournable à avoir dans votre cuisine pour des plats savoureux et authentiques.</p>",My Store,,"","",true,POIDS,1KG,,,,,,,,,0.0,,300,continue,manual,0.00,,true,false,,,,,,,,,false,,,,kg,,,active
semoule-grosse-le-renard,SEMOULE GROSSE LE RENARD 1KG,"<p>Produit de qualité supérieure, soigneusement sélectionné pour vous offrir le meilleur de la gastronomie méditerranéenne et marocaine. Un incontournable à avoir dans votre cuisine pour des plats savoureux et authentiques.</p>",My Store,Non classé,"","",true,POIDS,1KG,,,,,,,,,0.0,,300,continue,manual,0.00,,true,false,,,,,,https://cdn.shopify.com/s/files/1/0986/8535/4273/files/SEMOULEGROSSELERENARD1KG.png?v=1781108481,1,"",false,,,,kg,,,active
farine-de-mais-bramata-oro,FARINE DE MAIS BRAMATA ORO 1KG,"<p>Produit de qualité supérieure, soigneusement sélectionné pour vous offrir le meilleur de la gastronomie méditerranéenne et marocaine. Un incontournable à avoir dans votre cuisine pour des plats savoureux et authentiques.</p>",My Store,Non classé,"","",true,POIDS,1KG,,,,,,,,,0.0,,300,continue,manual,0.00,,true,false,,,,,,https://cdn.shopify.com/s/files/1/0986/8535/4273/files/FARINEDEMAISBRAMATAORO1KG.png?v=1781108278,1,"",false,,,,kg,,,active
farine-de-mais-fioretto,FARINE DE MAIS FIORETTO 1KG,"<p>Produit de qualité supérieure, soigneusement sélectionné pour vous offrir le meilleur de la gastronomie méditerranéenne et marocaine. Un incontournable à avoir dans votre cuisine pour des plats savoureux et authentiques.</p>",My Store,,"","",true,POIDS,1KG,,,,,,,,,0.0,,300,continue,manual,0.00,,true,false,,,,,,,,,false,,,,kg,,,active
farine-pois-chiche,FARINE POIS CHICHE 1KG,"<p>Produit de qualité supérieure, soigneusement sélectionné pour vous offrir le meilleur de la gastronomie méditerranéenne et marocaine. Un incontournable à avoir dans votre cuisine pour des plats savoureux et authentiques.</p>",My Store,,"","",true,POIDS,1KG,,,,,,,,,0.0,,300,continue,manual,0.00,,true,false,,,,,,,,,false,,,,kg,,,active
blidou-chatar,BLIDOU CHATAR 1KG,"<p>Produit de qualité supérieure, soigneusement sélectionné pour vous offrir le meilleur de la gastronomie méditerranéenne et marocaine. Un incontournable à avoir dans votre cuisine pour des plats savoureux et authentiques.</p>",My Store,Non classé,"","",true,POIDS,1KG,,,,,,,,,0.0,,300,continue,manual,0.00,,true,false,,,,,,https://cdn.shopify.com/s/files/1/0986/8535/4273/files/BLIDOUCHATAR1KG.png?v=1781108260,1,"",false,,,,kg,,,active
farine-integral-chatar,FARINE INTEGRAL CHATAR 1KG,"<p>Produit de qualité supérieure, soigneusement sélectionné pour vous offrir le meilleur de la gastronomie méditerranéenne et marocaine. Un incontournable à avoir dans votre cuisine pour des plats savoureux et authentiques.</p>",My Store,Non classé,"","",true,POIDS,1KG,,,,,,,,,0.0,,300,continue,manual,0.00,,true,false,,,,,,https://cdn.shopify.com/s/files/1/0986/8535/4273/files/FARINEINTEGRALCHATAR1KG.png?v=1781108283,1,"",false,,,,kg,,,active
farine-orge-chatar,FARINE ORGE CHATAR 1KG,"<p>Produit de qualité supérieure, soigneusement sélectionné pour vous offrir le meilleur de la gastronomie méditerranéenne et marocaine. Un incontournable à avoir dans votre cuisine pour des plats savoureux et authentiques.</p>",My Store,Non classé,"","",true,POIDS,1KG,,,,,,,,,0.0,,300,continue,manual,0.00,,true,false,,,,,,https://cdn.shopify.com/s/files/1/0986/8535/4273/files/FARINEORGECHATAR1KG.png?v=1781108287,1,"",false,,,,kg,,,active
farine-patisserie-chatar-1,FARINE PATISSERIE CHATAR 1KG,"<p>Produit de qualité supérieure, soigneusement sélectionné pour vous offrir le meilleur de la gastronomie méditerranéenne et marocaine. Un incontournable à avoir dans votre cuisine pour des plats savoureux et authentiques.</p>",My Store,Non classé,"","",true,POIDS,1KG,,,,,,,,,0.0,,300,continue,manual,0.00,,true,false,,,,,,https://cdn.shopify.com/s/files/1/0986/8535/4273/files/FARINEPATISSERIECHATAR.png?v=1781107910,1,"",false,,,,kg,,,active
maymounna-finot,MAYMOUNNA FINOT 1KG,"<p>Produit de qualité supérieure, soigneusement sélectionné pour vous offrir le meilleur de la gastronomie méditerranéenne et marocaine. Un incontournable à avoir dans votre cuisine pour des plats savoureux et authentiques.</p>",My Store,Non classé,"","",true,POIDS,1KG,,,,,,,,,0.0,,300,continue,manual,0.00,,true,false,,,,,,https://cdn.shopify.com/s/files/1/0986/8535/4273/files/MAYMOUNNAFINOT1KG.png?v=1781108457,1,"",false,,,,kg,,,active
baya-semoule-finot,BAYA SEMOULE FINOT 5KG,"<p>Produit de qualité supérieure, soigneusement sélectionné pour vous offrir le meilleur de la gastronomie méditerranéenne et marocaine. Un incontournable à avoir dans votre cuisine pour des plats savoureux et authentiques.</p>",My Store,Non classé,"","",true,POIDS,5KG,,,,,,,,,0.0,,300,continue,manual,0.00,,true,false,,,,,,https://cdn.shopify.com/s/files/1/0986/8535/4273/files/BAYASEMOULEFINOT5KG.png?v=1781108251,1,"",false,,,,kg,,,active
angelo-semoule-de-ble-dur-moyenne,ANGELO SEMOULE DE BLE DUR MOYENNE 5KG,"<p>Produit de qualité supérieure, soigneusement sélectionné pour vous offrir le meilleur de la gastronomie méditerranéenne et marocaine. Un incontournable à avoir dans votre cuisine pour des plats savoureux et authentiques.</p>",My Store,,"","",true,POIDS,5KG,,,,,,,,,0.0,,300,continue,manual,0.00,,true,false,,,,,,,,,false,,,,kg,,,active
angelo-semoule-de-ble-dur-fine,ANGELO SEMOULE DE BLE DUR FINE 5KG,"<p>Produit de qualité supérieure, soigneusement sélectionné pour vous offrir le meilleur de la gastronomie méditerranéenne et marocaine. Un incontournable à avoir dans votre cuisine pour des plats savoureux et authentiques.</p>",My Store,,"","",true,POIDS,5KG,,,,,,,,,0.0,,300,continue,manual,0.00,,true,false,,,,,,,,,false,,,,kg,,,active
semoule-complete-de-ble-dur-blidou-chatar,SEMOULE COMPLETE DE BLE DUR BLIDOU CHATAR 5KG,"<p>Produit de qualité supérieure, soigneusement sélectionné pour vous offrir le meilleur de la gastronomie méditerranéenne et marocaine. Un incontournable à avoir dans votre cuisine pour des plats savoureux et authentiques.</p>",My Store,Non classé,"","",true,POIDS,5KG,,,,,,,,,0.0,,300,continue,manual,0.00,,true,false,,,,,,https://cdn.shopify.com/s/files/1/0986/8535/4273/files/SEMOULECOMPLETEDEBLEDURBLIDOUCHATAR5KG.png?v=1781108467,1,"",false,,,,kg,,,active
mix-de-farine-dorge-chatar,MIX DE FARINE D'ORGE CHATAR 5KG,"<p>Produit de qualité supérieure, soigneusement sélectionné pour vous offrir le meilleur de la gastronomie méditerranéenne et marocaine. Un incontournable à avoir dans votre cuisine pour des plats savoureux et authentiques.</p>",My Store,Non classé,"","",true,POIDS,5KG,,,,,,,,,0.0,,300,continue,manual,0.00,,true,false,,,,,,https://cdn.shopify.com/s/files/1/0986/8535/4273/files/MIXDEFARINED_ORGECHATAR5KG.png?v=1781108462,1,"",false,,,,kg,,,active
farine-patisserie-chatar,FARINE PATISSERIE CHATAR 5KG,"<p>Produit de qualité supérieure, soigneusement sélectionné pour vous offrir le meilleur de la gastronomie méditerranéenne et marocaine. Un incontournable à avoir dans votre cuisine pour des plats savoureux et authentiques.</p>",My Store,Non classé,"","",true,POIDS,5KG,,,,,,,,,0.0,,300,continue,manual,0.00,,true,false,,,,,,https://cdn.shopify.com/s/files/1/0986/8535/4273/files/FARINEPATISSERIECHATAR5KG.png?v=1781108292,1,"",false,,,,kg,,,active
farine-dorge-maymouna,FARINE D'ORGE MAYMOUNA 5KG,"<p>Produit de qualité supérieure, soigneusement sélectionné pour vous offrir le meilleur de la gastronomie méditerranéenne et marocaine. Un incontournable à avoir dans votre cuisine pour des plats savoureux et authentiques.</p>",My Store,Non classé,"","",true,POIDS,5KG,,,,,,,,,0.0,,300,continue,manual,0.00,,true,false,,,,,,https://cdn.shopify.com/s/files/1/0986/8535/4273/files/FARINED_ORGEMAYMOUNA5KG.png?v=1781106992,1,"",false,,,,kg,,,active
semoule-complete-maymouna,SEMOULE COMPLETE MAYMOUNA 5KG,"<p>Produit de qualité supérieure, soigneusement sélectionné pour vous offrir le meilleur de la gastronomie méditerranéenne et marocaine. Un incontournable à avoir dans votre cuisine pour des plats savoureux et authentiques.</p>",My Store,Non classé,"","",true,POIDS,5KG,,,,,,,,,0.0,,300,continue,manual,0.00,,true,false,,,,,,https://cdn.shopify.com/s/files/1/0986/8535/4273/files/SEMOULECOMPLETEMAYMOUNA5KG.png?v=1781107352,1,"",false,,,,kg,,,active
farine-de-ble-integrale-maymouna,FARINE DE BLE INTEGRALE MAYMOUNA 5KG,"<p>Produit de qualité supérieure, soigneusement sélectionné pour vous offrir le meilleur de la gastronomie méditerranéenne et marocaine. Un incontournable à avoir dans votre cuisine pour des plats savoureux et authentiques.</p>",My Store,Non classé,"","",true,POIDS,5KG,,,,,,,,,0.0,,300,continue,manual,0.00,,true,false,,,,,,https://cdn.shopify.com/s/files/1/0986/8535/4273/files/FARINEDEBLEINTEGRALEMAYMOUNA5KG.png?v=1781106990,1,"",false,,,,kg,,,active
farine-de-ble-tendre-maymouna,FARINE DE BLE TENDRE MAYMOUNA 5KG,"<p>Produit de qualité supérieure, soigneusement sélectionné pour vous offrir le meilleur de la gastronomie méditerranéenne et marocaine. Un incontournable à avoir dans votre cuisine pour des plats savoureux et authentiques.</p>",My Store,,"","",true,POIDS,5KG,,,,,,,,,0.0,,300,continue,manual,0.00,,true,false,,,,,,,,,false,,,,kg,,,active
semoule-de-ble-dur-fine-maymouna,SEMOULE DE BLE DUR FINE MAYMOUNA 5KG,"<p>Produit de qualité supérieure, soigneusement sélectionné pour vous offrir le meilleur de la gastronomie méditerranéenne et marocaine. Un incontournable à avoir dans votre cuisine pour des plats savoureux et authentiques.</p>",My Store,Non classé,"","",true,POIDS,5KG,,,,,,,,,0.0,,300,continue,manual,0.00,,true,false,,,,,,https://cdn.shopify.com/s/files/1/0986/8535/4273/files/SEMOULEDEBLEDURFINEMAYMOUNA5KG.png?v=1781107357,1,"",false,,,,kg,,,active
semoule-de-ble-dur-moyenne-maymouna,SEMOULE DE BLE DUR MOYENNE MAYMOUNA 5KG,"<p>Produit de qualité supérieure, soigneusement sélectionné pour vous offrir le meilleur de la gastronomie méditerranéenne et marocaine. Un incontournable à avoir dans votre cuisine pour des plats savoureux et authentiques.</p>",My Store,,"","",true,POIDS,5KG,,,,,,,,,0.0,,300,continue,manual,0.00,,true,false,,,,,,,,,false,,,,kg,,,active
finot-maymouna,FINOT MAYMOUNA 5KG,"<p>Produit de qualité supérieure, soigneusement sélectionné pour vous offrir le meilleur de la gastronomie méditerranéenne et marocaine. Un incontournable à avoir dans votre cuisine pour des plats savoureux et authentiques.</p>",My Store,Non classé,"","",true,POIDS,5KG,,,,,,,,,0.0,,300,continue,manual,0.00,,true,false,,,,,,https://cdn.shopify.com/s/files/1/0986/8535/4273/files/FINOTMAYMOUNA5KG.png?v=1781106998,1,"",false,,,,kg,,,active
arome-rose-samra,"ARÔME ROSE SAMRA 0,5L","<p>Produit de qualité supérieure, soigneusement sélectionné pour vous offrir le meilleur de la gastronomie méditerranéenne et marocaine. Un incontournable à avoir dans votre cuisine pour des plats savoureux et authentiques.</p>",My Store,Non classé,"","",true,POIDS,"0,5L",,,,,,,,,0.0,,300,continue,manual,0.00,,true,false,,,,,,https://cdn.shopify.com/s/files/1/0986/8535/4273/files/AROMEROSESAMRA1L.png?v=1781106962,1,"",false,,,,kg,,,active
arome-rose-samra,,,,,,,,,1L,,,,,,,,,0.0,,300,continue,manual,0.00,,true,false,,,,,,https://cdn.shopify.com/s/files/1/0986/8535/4273/files/AROMEROSESAMRA0_5L.png?v=1781106962,2,"",,,,,kg,,,
arome-fleur-doranger-samra,"ARÔME FLEUR D'ORANGER SAMRA 0,5L","<p>Produit de qualité supérieure, soigneusement sélectionné pour vous offrir le meilleur de la gastronomie méditerranéenne et marocaine. Un incontournable à avoir dans votre cuisine pour des plats savoureux et authentiques.</p>",My Store,Non classé,"","",true,POIDS,"0,5L",,,,,,,,,0.0,,300,continue,manual,0.00,,true,false,,,,,,https://cdn.shopify.com/s/files/1/0986/8535/4273/files/AROMEFLEURD_ORANGERSAMRA1L.png?v=1781106954,1,"",false,,,,kg,,,active
arome-fleur-doranger-samra,,,,,,,,,1L,,,,,,,,,0.0,,300,continue,manual,0.00,,true,false,,,,,,https://cdn.shopify.com/s/files/1/0986/8535/4273/files/AROMEFLEURD_ORANGERSAMRA0_5L.png?v=1781106954,2,"",,,,,kg,,,
sucre-glace,SUCRE GLACE 400G,"<p>Sucre de qualité supérieure, finement cristallisé pour se dissoudre facilement dans toutes vos préparations. Indispensable en pâtisserie, pour vos boissons et la confection de confitures maison.</p>",My Store,,"","",true,POIDS,400G,,,,,,,,,0.0,,300,continue,manual,0.00,,true,false,,,,,,,,,false,,,,kg,,,active
grains-de-sesame-torrefies-dores,GRAINS DE SÉSAME TORREFIÉS DORÉS 700G,"<p>Produit de qualité supérieure, soigneusement sélectionné pour vous offrir le meilleur de la gastronomie méditerranéenne et marocaine. Un incontournable à avoir dans votre cuisine pour des plats savoureux et authentiques.</p>",My Store,,"","",true,POIDS,700G,,,,,,,,,0.0,,300,continue,manual,0.00,,true,false,,,,,,,,,false,,,,kg,,,active
chocolat-gateaux-blanc,"CHOCOLAT GATEAUX BLANC 0,5KG","<p>Produit de qualité supérieure, soigneusement sélectionné pour vous offrir le meilleur de la gastronomie méditerranéenne et marocaine. Un incontournable à avoir dans votre cuisine pour des plats savoureux et authentiques.</p>",My Store,,"","",true,POIDS,"0,5KG",,,,,,,,,0.0,,300,continue,manual,0.00,,true,false,,,,,,,,,false,,,,kg,,,active
chocolat-gateaux-noir,"CHOCOLAT GATEAUX NOIR 0,5KG","<p>Produit de qualité supérieure, soigneusement sélectionné pour vous offrir le meilleur de la gastronomie méditerranéenne et marocaine. Un incontournable à avoir dans votre cuisine pour des plats savoureux et authentiques.</p>",My Store,,"","",true,POIDS,"0,5KG",,,,,,,,,0.0,,300,continue,manual,0.00,,true,false,,,,,,,,,false,,,,kg,,,active
honing-miel-honey,HONING MIEL HONEY 1KG,"<p>Préparation artisanale de qualité supérieure, élaborée selon des recettes traditionnelles soigneusement préservées. Un produit authentique aux saveurs riches qui ravira les amateurs de gastronomie méditerranéenne.</p>",My Store,Non classé,"","",true,POIDS,1KG,,,,,,,,,0.0,,300,continue,manual,0.00,,true,false,,,,,,https://cdn.shopify.com/s/files/1/0986/8535/4273/files/HONINGMIELHONEY1KG.png?v=1781107327,1,"",false,,,,kg,,,active
miel-pour-patissrie-assal,MIEL POUR PATISSRIE ASSAL 1KG,"<p>Préparation artisanale de qualité supérieure, élaborée selon des recettes traditionnelles soigneusement préservées. Un produit authentique aux saveurs riches qui ravira les amateurs de gastronomie méditerranéenne.</p>",My Store,Non classé,"","",true,POIDS,1KG,,,,,,,,,0.0,,300,continue,manual,0.00,,true,false,,,,,,https://cdn.shopify.com/s/files/1/0986/8535/4273/files/MIELPOURPATISSRIEASSAL1KG.png?v=1781107348,1,"",false,,,,kg,,,active
miel-pour-patissrie-assal,,,,,,,,,2KG,,,,,,,,,0.0,,300,continue,manual,0.00,,true,false,,,,,,https://cdn.shopify.com/s/files/1/0986/8535/4273/files/MIELPOURPATISSRIEASSAL2KG.png?v=1781107348,2,"",,,,,kg,,,
chatra-sriracha-chili,CHATRA SRIRACHA CHILI 435ML,"<p>Produit de qualité supérieure, soigneusement sélectionné pour vous offrir le meilleur de la gastronomie méditerranéenne et marocaine. Un incontournable à avoir dans votre cuisine pour des plats savoureux et authentiques.</p>",My Store,Non classé,"","",true,POIDS,435ML,,,,,,,,,0.0,,300,continue,manual,0.00,,true,false,,,,,,https://cdn.shopify.com/s/files/1/0986/8535/4273/files/CHATRASRIRACHACHILI435ML.png?v=1781106983,1,"",false,,,,kg,,,active
tabasco-hot-spicy,TABASCO HOT SPICY 60ML,"<p>Produit de qualité supérieure, soigneusement sélectionné pour vous offrir le meilleur de la gastronomie méditerranéenne et marocaine. Un incontournable à avoir dans votre cuisine pour des plats savoureux et authentiques.</p>",My Store,Non classé,"","",true,POIDS,60ML,,,,,,,,,0.0,,300,continue,manual,0.00,,true,false,,,,,,https://cdn.shopify.com/s/files/1/0986/8535/4273/files/TABASCOHOTSPICY60ML.png?v=1781107360,1,"",false,,,,kg,,,active
harissa-tunisienne,HARISSA TUNISIENNE 135G,"<p>Préparation artisanale de qualité supérieure, élaborée selon des recettes traditionnelles soigneusement préservées. Un produit authentique aux saveurs riches qui ravira les amateurs de gastronomie méditerranéenne.</p>",My Store,Non classé,"","",true,POIDS,135G,,,,,,,,,0.0,,300,continue,manual,0.00,,true,false,,,,,,https://cdn.shopify.com/s/files/1/0986/8535/4273/files/HARISSATUNISIENNE135G.png?v=1781107324,1,"",false,,,,kg,,,active
harissa-tunisienne,,,,,,,,,380G,,,,,,,,,0.0,,300,continue,manual,0.00,,true,false,,,,,,,,,,,,,kg,,,
harissa-tunisienne,,,,,,,,,760G,,,,,,,,,0.0,,300,continue,manual,0.00,,true,false,,,,,,,,,,,,,kg,,,
harissa-tunisienne,,,,,,,,,140G,,,,,,,,,0.0,,300,continue,manual,0.00,,true,false,,,,,,,,,,,,,kg,,,
harissa-tunisienne,,,,,,,,,70G,,,,,,,,,0.0,,300,continue,manual,0.00,,true,false,,,,,,,,,,,,,kg,,,
tajine-puree-de-piment-harissa,TAJINE PUREE DE PIMENT HARISSA 370G,"<p>Préparation artisanale de qualité supérieure, élaborée selon des recettes traditionnelles soigneusement préservées. Un produit authentique aux saveurs riches qui ravira les amateurs de gastronomie méditerranéenne.</p>",My Store,,"","",true,POIDS,370G,,,,,,,,,0.0,,300,continue,manual,0.00,,true,false,,,,,,,,,false,,,,kg,,,active
chatar-harissa,CHATAR HARISSA 370G,"<p>Préparation artisanale de qualité supérieure, élaborée selon des recettes traditionnelles soigneusement préservées. Un produit authentique aux saveurs riches qui ravira les amateurs de gastronomie méditerranéenne.</p>",My Store,Non classé,"","",true,POIDS,370G,,,,,,,,,0.0,,300,continue,manual,0.00,,true,false,,,,,,https://cdn.shopify.com/s/files/1/0986/8535/4273/files/CHATARHARISSA370G.png?v=1781106967,1,"",false,,,,kg,,,active
chatar-sweet-chili,"CHATAR SWEET CHILI 0,740L","<p>Produit de qualité supérieure, soigneusement sélectionné pour vous offrir le meilleur de la gastronomie méditerranéenne et marocaine. Un incontournable à avoir dans votre cuisine pour des plats savoureux et authentiques.</p>",My Store,Non classé,"","",true,POIDS,"0,740L",,,,,,,,,0.0,,300,continue,manual,0.00,,true,false,,,,,,https://cdn.shopify.com/s/files/1/0986/8535/4273/files/CHATARSWEETCHILI0_435L.png?v=1781106969,1,"",false,,,,kg,,,active
chatar-sweet-chili,,,,,,,,,"0,435L",,,,,,,,,0.0,,300,continue,manual,0.00,,true,false,,,,,,,,,,,,,kg,,,
inproba-chilli-sauce-extra-hot,"INPROBA CHILLI SAUCE EXTRA HOT 0,5L","<p>Préparation artisanale de qualité supérieure, élaborée selon des recettes traditionnelles soigneusement préservées. Un produit authentique aux saveurs riches qui ravira les amateurs de gastronomie méditerranéenne.</p>",My Store,Non classé,"","",true,POIDS,"0,5L",,,,,,,,,0.0,,300,continue,manual,0.00,,true,false,,,,,,https://cdn.shopify.com/s/files/1/0986/8535/4273/files/INPROBACHILLISAUCEEXTRAHOT0_5L.png?v=1781107334,1,"",false,,,,kg,,,active
inproba-loempia-chilli-sauce,"INPROBA LOEMPIA CHILLI SAUCE 0,5L","<p>Préparation artisanale de qualité supérieure, élaborée selon des recettes traditionnelles soigneusement préservées. Un produit authentique aux saveurs riches qui ravira les amateurs de gastronomie méditerranéenne.</p>",My Store,Non classé,"","",true,POIDS,"0,5L",,,,,,,,,0.0,,300,continue,manual,0.00,,true,false,,,,,,https://cdn.shopify.com/s/files/1/0986/8535/4273/files/INPROBALOEMPIACHILLISAUCE0_5L.png?v=1781107342,1,"",false,,,,kg,,,active
inproba-chilli-sauce-mild,"INPROBA CHILLI SAUCE MILD 0,5L","<p>Préparation artisanale de qualité supérieure, élaborée selon des recettes traditionnelles soigneusement préservées. Un produit authentique aux saveurs riches qui ravira les amateurs de gastronomie méditerranéenne.</p>",My Store,Non classé,"","",true,POIDS,"0,5L",,,,,,,,,0.0,,300,continue,manual,0.00,,true,false,,,,,,https://cdn.shopify.com/s/files/1/0986/8535/4273/files/INPROBACHILLISAUCEMILD0_5L.png?v=1781107338,1,"",false,,,,kg,,,active
chatar-barbecue,"CHATAR BARBECUE 0,5L","<p>Produit de qualité supérieure, soigneusement sélectionné pour vous offrir le meilleur de la gastronomie méditerranéenne et marocaine. Un incontournable à avoir dans votre cuisine pour des plats savoureux et authentiques.</p>",My Store,,"","",true,POIDS,"0,5L",,,,,,,,,0.0,,300,continue,manual,0.00,,true,false,,,,,,,,,false,,,,kg,,,active
chatar-marocaine,"CHATAR MAROCAINE 0,5L","<p>Produit de qualité supérieure, soigneusement sélectionné pour vous offrir le meilleur de la gastronomie méditerranéenne et marocaine. Un incontournable à avoir dans votre cuisine pour des plats savoureux et authentiques.</p>",My Store,Non classé,"","",true,POIDS,"0,5L",,,,,,,,,0.0,,300,continue,manual,0.00,,true,false,,,,,,https://cdn.shopify.com/s/files/1/0986/8535/4273/files/CHATARSAUCEMAROCAINE0_5L.png?v=1781106466,1,"",false,,,,kg,,,active
chatar-mayonaise,"CHATAR MAYONAISE 0,5L","<p>Produit de qualité supérieure, soigneusement sélectionné pour vous offrir le meilleur de la gastronomie méditerranéenne et marocaine. Un incontournable à avoir dans votre cuisine pour des plats savoureux et authentiques.</p>",My Store,Non classé,"","",true,POIDS,"0,5L",,,,,,,,,0.0,,300,continue,manual,0.00,,true,false,,,,,,https://cdn.shopify.com/s/files/1/0986/8535/4273/files/chatarmayonaise.png?v=1780152951,1,"",false,,,,kg,,,active
chatar-ketchup,"CHATAR KETCHUP 0,5L","<p>Produit de qualité supérieure, soigneusement sélectionné pour vous offrir le meilleur de la gastronomie méditerranéenne et marocaine. Un incontournable à avoir dans votre cuisine pour des plats savoureux et authentiques.</p>",My Store,Non classé,"","",true,POIDS,"0,5L",,,,,,,,,0.0,,300,continue,manual,0.00,,true,false,,,,,,https://cdn.shopify.com/s/files/1/0986/8535/4273/files/chatarketchup.png?v=1780152937,1,"",false,,,,kg,,,active
chatar-andalouse-1,"CHATAR ANDALOUSE 0,5L","<p>Produit de qualité supérieure, soigneusement sélectionné pour vous offrir le meilleur de la gastronomie méditerranéenne et marocaine. Un incontournable à avoir dans votre cuisine pour des plats savoureux et authentiques.</p>",My Store,Non classé,"","",true,POIDS,"0,5L",,,,,,,,,0.0,,300,continue,manual,0.00,,true,false,,,,,,https://cdn.shopify.com/s/files/1/0986/8535/4273/files/chatarandalouse_f4c009f7-0188-45e8-8c23-c69426c7e6eb.png?v=1780152930,1,"",false,,,,kg,,,active
chatar-pili-pili,"CHATAR PILI-PILI 0,5L","<p>Produit de qualité supérieure, soigneusement sélectionné pour vous offrir le meilleur de la gastronomie méditerranéenne et marocaine. Un incontournable à avoir dans votre cuisine pour des plats savoureux et authentiques.</p>",My Store,Non classé,"","",true,POIDS,"0,5L",,,,,,,,,0.0,,300,continue,manual,0.00,,true,false,,,,,,https://cdn.shopify.com/s/files/1/0986/8535/4273/files/CHATARPILI-PILI0_5L.png?v=1781106461,1,"",false,,,,kg,,,active
chatar-samourai,"CHATAR SAMOURAÏ 0,5L","<p>Produit de qualité supérieure, soigneusement sélectionné pour vous offrir le meilleur de la gastronomie méditerranéenne et marocaine. Un incontournable à avoir dans votre cuisine pour des plats savoureux et authentiques.</p>",My Store,Non classé,"","",true,POIDS,"0,5L",,,,,,,,,0.0,,300,continue,manual,0.00,,true,false,,,,,,https://cdn.shopify.com/s/files/1/0986/8535/4273/files/chatarsamourai_1.png?v=1780153042,1,"",false,,,,kg,,,active
konouz-tunisienne,"KONOUZ TUNISIENNE 0,5L","<p>Produit de qualité supérieure, soigneusement sélectionné pour vous offrir le meilleur de la gastronomie méditerranéenne et marocaine. Un incontournable à avoir dans votre cuisine pour des plats savoureux et authentiques.</p>",My Store,,"","",true,POIDS,"0,5L",,,,,,,,,0.0,,300,continue,manual,0.00,,true,false,,,,,,,,,false,,,,kg,,,active
delissia-algerienne,"DELISSIA ALGERIENNE 0,5L","<p>Produit de qualité supérieure, soigneusement sélectionné pour vous offrir le meilleur de la gastronomie méditerranéenne et marocaine. Un incontournable à avoir dans votre cuisine pour des plats savoureux et authentiques.</p>",My Store,Non classé,"","",true,POIDS,"0,5L",,,,,,,,,0.0,,300,continue,manual,0.00,,true,false,,,,,,https://cdn.shopify.com/s/files/1/0986/8535/4273/files/DELISSIAALGERIENNE.png?v=1781106574,1,"",false,,,,kg,,,active
belzina-pili-pili,"BELZINA PILI-PILI 0,5L","<p>Produit de qualité supérieure, soigneusement sélectionné pour vous offrir le meilleur de la gastronomie méditerranéenne et marocaine. Un incontournable à avoir dans votre cuisine pour des plats savoureux et authentiques.</p>",My Store,Non classé,"","",true,POIDS,"0,5L",,,,,,,,,0.0,,300,continue,manual,0.00,,true,false,,,,,,https://cdn.shopify.com/s/files/1/0986/8535/4273/files/BELZINAPILIPILI.png?v=1781106332,1,"",false,,,,kg,,,active
belzina-samourai,"BELZINA SAMOURAÏ 0,5L","<p>Produit de qualité supérieure, soigneusement sélectionné pour vous offrir le meilleur de la gastronomie méditerranéenne et marocaine. Un incontournable à avoir dans votre cuisine pour des plats savoureux et authentiques.</p>",My Store,Non classé,"","",true,POIDS,"0,5L",,,,,,,,,0.0,,300,continue,manual,0.00,,true,false,,,,,,https://cdn.shopify.com/s/files/1/0986/8535/4273/files/BELZINASAMOURAI.png?v=1781106344,1,"",false,,,,kg,,,active
belzina-andalouse,"BELZINA ANDALOUSE 0,5L","<p>Produit de qualité supérieure, soigneusement sélectionné pour vous offrir le meilleur de la gastronomie méditerranéenne et marocaine. Un incontournable à avoir dans votre cuisine pour des plats savoureux et authentiques.</p>",My Store,Non classé,"","",true,POIDS,"0,5L",,,,,,,,,0.0,,300,continue,manual,0.00,,true,false,,,,,,https://cdn.shopify.com/s/files/1/0986/8535/4273/files/BELZINAANDALOUSE.png?v=1781106312,1,"",false,,,,kg,,,active
belzina-mayonaise,"BELZINA MAYONAISE 0,5L","<p>Produit de qualité supérieure, soigneusement sélectionné pour vous offrir le meilleur de la gastronomie méditerranéenne et marocaine. Un incontournable à avoir dans votre cuisine pour des plats savoureux et authentiques.</p>",My Store,Non classé,"","",true,POIDS,"0,5L",,,,,,,,,0.0,,300,continue,manual,0.00,,true,false,,,,,,https://cdn.shopify.com/s/files/1/0986/8535/4273/files/BELZINAMAYONAISE.png?v=1781106323,1,"",false,,,,kg,,,active
belzina-ketchup,"BELZINA KETCHUP 0,5L","<p>Produit de qualité supérieure, soigneusement sélectionné pour vous offrir le meilleur de la gastronomie méditerranéenne et marocaine. Un incontournable à avoir dans votre cuisine pour des plats savoureux et authentiques.</p>",My Store,Non classé,"","",true,POIDS,"0,5L",,,,,,,,,0.0,,300,continue,manual,0.00,,true,false,,,,,,https://cdn.shopify.com/s/files/1/0986/8535/4273/files/BELZINAKETCHUP.png?v=1781106316,1,"",false,,,,kg,,,active
belzina-americaine,"BELZINA AMÉRICAINE 0,5L","<p>Produit de qualité supérieure, soigneusement sélectionné pour vous offrir le meilleur de la gastronomie méditerranéenne et marocaine. Un incontournable à avoir dans votre cuisine pour des plats savoureux et authentiques.</p>",My Store,Non classé,"","",true,POIDS,"0,5L",,,,,,,,,0.0,,300,continue,manual,0.00,,true,false,,,,,,https://cdn.shopify.com/s/files/1/0986/8535/4273/files/BELZINAAMERICAINE.png?v=1781106350,1,"",false,,,,kg,,,active
chatr-marocaine,"CHATR MAROCAINE 0,5L","<p>Produit de qualité supérieure, soigneusement sélectionné pour vous offrir le meilleur de la gastronomie méditerranéenne et marocaine. Un incontournable à avoir dans votre cuisine pour des plats savoureux et authentiques.</p>",My Store,,"","",true,POIDS,"0,5L",,,,,,,,,0.0,,300,continue,manual,0.00,,true,false,,,,,,,,,false,,,,kg,,,active
chatar-algerienne,CHATAR ALGÉRIENNE 1L,"<p>Produit de qualité supérieure, soigneusement sélectionné pour vous offrir le meilleur de la gastronomie méditerranéenne et marocaine. Un incontournable à avoir dans votre cuisine pour des plats savoureux et authentiques.</p>",My Store,Non classé,"","",true,POIDS,1L,,,,,,,,,0.0,,300,continue,manual,0.00,,true,false,,,,,,https://cdn.shopify.com/s/files/1/0986/8535/4273/files/chataralgeriene.png?v=1780152846,1,"",false,,,,kg,,,active
chatar-pita,CHATAR PITA 1L,"<p>Produit de qualité supérieure, soigneusement sélectionné pour vous offrir le meilleur de la gastronomie méditerranéenne et marocaine. Un incontournable à avoir dans votre cuisine pour des plats savoureux et authentiques.</p>",My Store,Non classé,"","",true,POIDS,1L,,,,,,,,,0.0,,300,continue,manual,0.00,,true,false,,,,,,https://cdn.shopify.com/s/files/1/0986/8535/4273/files/chatarpita.png?v=1780152836,1,"",false,,,,kg,,,active
chatar-andalouse,CHATAR ANDALOUSE 1L,"<p>Produit de qualité supérieure, soigneusement sélectionné pour vous offrir le meilleur de la gastronomie méditerranéenne et marocaine. Un incontournable à avoir dans votre cuisine pour des plats savoureux et authentiques.</p>",My Store,Non classé,"","",true,POIDS,1L,,,,,,,,,0.0,,300,continue,manual,0.00,,true,false,,,,,,https://cdn.shopify.com/s/files/1/0986/8535/4273/files/chatarandalouse.png?v=1780152827,1,"",false,,,,kg,,,active
pain-de-sucre-chatar,PAIN DE SUCRE CHATAR 2KG,"<p>Sucre de qualité supérieure, finement cristallisé pour se dissoudre facilement dans toutes vos préparations. Indispensable en pâtisserie, pour vos boissons et la confection de confitures maison.</p>",My Store,,"","",true,POIDS,2KG,,,,,,,,,0.0,,300,continue,manual,0.00,,true,false,,,,,,,,,false,,,,kg,,,active
sucre-morceaux-pour-cafee,SUCRE MORCEAUX POUR CAFEE 1KG,"<p>Sucre de qualité supérieure, finement cristallisé pour se dissoudre facilement dans toutes vos préparations. Indispensable en pâtisserie, pour vos boissons et la confection de confitures maison.</p>",My Store,,"","",true,POIDS,1KG,,,,,,,,,0.0,,300,continue,manual,0.00,,true,false,,,,,,,,,false,,,,kg,,,active
hayatti-36p,HAYATTI 36P 1KG,"<p>Produit de qualité supérieure, soigneusement sélectionné pour vous offrir le meilleur de la gastronomie méditerranéenne et marocaine. Un incontournable à avoir dans votre cuisine pour des plats savoureux et authentiques.</p>",My Store,,"","",true,POIDS,1KG,,,,,,,,,0.0,,300,continue,manual,0.00,,true,false,,,,,,,,,false,,,,kg,,,active
sucres,SUCRES,"<p>Sucre de qualité supérieure, finement cristallisé pour se dissoudre facilement dans toutes vos préparations. Indispensable en pâtisserie, pour vos boissons et la confection de confitures maison.</p>",My Store,,"","",true,POIDS,Default Title,,,,,,,,,0.0,,300,continue,manual,0.00,,true,false,,,,,,,,,false,,,,kg,,,active
el-manar-a-huile-dolive,EL MANAR A HUILE D'OLIVE 160G,"<p>Produit de qualité supérieure, soigneusement sélectionné et préparé selon les traditions méditerranéennes. Une saveur authentique pour sublimer vos recettes du quotidien.</p>",My Store,Non classé,"","",true,POIDS,160G,,,,,,,,,0.0,,300,continue,manual,0.00,,true,false,,,,,,https://cdn.shopify.com/s/files/1/0986/8535/4273/files/ELMANARAHUILED_OLIVE.png?v=1781106581,1,"",false,,,,kg,,,active
el-manar-a-huile-de-tournesol,EL MANAR A HUILE DE TOURNESOL 800G,"<p>Produit de qualité supérieure, soigneusement sélectionné et préparé selon les traditions méditerranéennes. Une saveur authentique pour sublimer vos recettes du quotidien.</p>",My Store,Non classé,"","",true,POIDS,800G,,,,,,,,,0.0,,300,continue,manual,0.00,,true,false,,,,,,https://cdn.shopify.com/s/files/1/0986/8535/4273/files/ELMANARAHUILEDETOURNESOL.png?v=1781106578,1,"",false,,,,kg,,,active
el-manar-a-huile-de-tournesol,,,,,,,,,400G,,,,,,,,,0.0,,300,continue,manual,0.00,,true,false,,,,,,,,,,,,,kg,,,
filott-filets-danchois,FILOTT FILETS D'ANCHOIS 42G,"<p>Produit de qualité supérieure, soigneusement sélectionné pour vous offrir le meilleur de la gastronomie méditerranéenne et marocaine. Un incontournable à avoir dans votre cuisine pour des plats savoureux et authentiques.</p>",My Store,,"","",true,POIDS,42G,,,,,,,,,0.0,,300,continue,manual,0.00,,true,false,,,,,,,,,false,,,,kg,,,active
rio-mare-a-huile-dolive,RIO MARE A HUILE D'OLIVE 160G,"<p>Produit de qualité supérieure, soigneusement sélectionné et préparé selon les traditions méditerranéennes. Une saveur authentique pour sublimer vos recettes du quotidien.</p>",My Store,Non classé,"","",true,POIDS,160G,,,,,,,,,0.0,,300,continue,manual,0.00,,true,false,,,,,,https://cdn.shopify.com/s/files/1/0986/8535/4273/files/RIOMAREAHUILED_OLIVE_2.png?v=1781106606,1,"",false,,,,kg,,,active
rio-mare-a-huile-dolive,,,,,,,,,80G,,,,,,,,,0.0,,300,continue,manual,0.00,,true,false,,,,,,https://cdn.shopify.com/s/files/1/0986/8535/4273/files/RIOMAREAHUILED_OLIVE.png?v=1781106606,2,"",,,,,kg,,,
palomar-a-huile-vegetale,PALOMAR A HUILE VÉGÉTALE 110G,"<p>Produit de qualité supérieure, soigneusement sélectionné et préparé selon les traditions méditerranéennes. Une saveur authentique pour sublimer vos recettes du quotidien.</p>",My Store,,"","",true,POIDS,110G,,,,,,,,,0.0,,300,continue,manual,0.00,,true,false,,,,,,,,,false,,,,kg,,,active
abha-sardines-a-huile-dolive,ABHA SARDINES A HUILE D'OLIVE 110G,"<p>Produit de qualité supérieure, soigneusement sélectionné et préparé selon les traditions méditerranéennes. Une saveur authentique pour sublimer vos recettes du quotidien.</p>",My Store,,"","",true,POIDS,110G,,,,,,,,,0.0,,300,continue,manual,0.00,,true,false,,,,,,,,,false,,,,kg,,,active
almohajir-sardines-a-lhuile-vegetale-piment,ALMOHAJIR SARDINES A L'HUILE VÉGÉTALE & PIMENT 110G,"<p>Produit de qualité supérieure, soigneusement sélectionné et préparé selon les traditions méditerranéennes. Une saveur authentique pour sublimer vos recettes du quotidien.</p>",My Store,,"","",true,POIDS,110G,,,,,,,,,0.0,,300,continue,manual,0.00,,true,false,,,,,,,,,false,,,,kg,,,active
tagine-sardines-a-la-sauce-tagine-et-legumes,TAGINE SARDINES A LA SAUCE TAGINE ET LÉGUMES 110G,"<p>Préparation artisanale de qualité supérieure, élaborée selon des recettes traditionnelles soigneusement préservées. Un produit authentique aux saveurs riches qui ravira les amateurs de gastronomie méditerranéenne.</p>",My Store,,"","",true,POIDS,110G,,,,,,,,,0.0,,300,continue,manual,0.00,,true,false,,,,,,,,,false,,,,kg,,,active
tagine-boulettes-de-sardines,TAGINE BOULETTES DE SARDINES 110G,"<p>Produit de qualité supérieure, soigneusement sélectionné pour vous offrir le meilleur de la gastronomie méditerranéenne et marocaine. Un incontournable à avoir dans votre cuisine pour des plats savoureux et authentiques.</p>",My Store,,"","",true,POIDS,110G,,,,,,,,,0.0,,300,continue,manual,0.00,,true,false,,,,,,,,,false,,,,kg,,,active
joly-miettes-de-maquereaux,JOLY MIETTES DE MAQUEREAUX 110G,"<p>Produit de qualité supérieure, soigneusement sélectionné pour vous offrir le meilleur de la gastronomie méditerranéenne et marocaine. Un incontournable à avoir dans votre cuisine pour des plats savoureux et authentiques.</p>",My Store,Non classé,"","",true,POIDS,110G,,,,,,,,,0.0,,300,continue,manual,0.00,,true,false,,,,,,https://cdn.shopify.com/s/files/1/0986/8535/4273/files/JOLYMIETTESDEMAQUEREAUX.png?v=1781106589,1,"",false,,,,kg,,,active
joly-sardine-a-huile-pimentee,JOLY SARDINE A HUILE PIMENTÉE 110G,"<p>Produit de qualité supérieure, soigneusement sélectionné et préparé selon les traditions méditerranéennes. Une saveur authentique pour sublimer vos recettes du quotidien.</p>",My Store,Non classé,"","",true,POIDS,110G,,,,,,,,,0.0,,300,continue,manual,0.00,,true,false,,,,,,https://cdn.shopify.com/s/files/1/0986/8535/4273/files/JOLYSARDINEAHUILEPIMENTEE.png?v=1781106594,1,"",false,,,,kg,,,active
joly-sardine-a-huile-vegetale,JOLY SARDINE A HUILE VEGETALE 110G,"<p>Produit de qualité supérieure, soigneusement sélectionné et préparé selon les traditions méditerranéennes. Une saveur authentique pour sublimer vos recettes du quotidien.</p>",My Store,Non classé,"","",true,POIDS,110G,,,,,,,,,0.0,,300,continue,manual,0.00,,true,false,,,,,,https://cdn.shopify.com/s/files/1/0986/8535/4273/files/JOLYSARDINEAHUILEVEGETAL.png?v=1781106596,1,"",false,,,,kg,,,active
joly-a-huile-dolive,JOLY A HUILE D'OLIVE 110G,"<p>Produit de qualité supérieure, soigneusement sélectionné et préparé selon les traditions méditerranéennes. Une saveur authentique pour sublimer vos recettes du quotidien.</p>",My Store,Non classé,"","",true,POIDS,110G,,,,,,,,,0.0,,300,continue,manual,0.00,,true,false,,,,,,https://cdn.shopify.com/s/files/1/0986/8535/4273/files/JOLYAHUILED_OLIVE.png?v=1781106585,1,"",false,,,,kg,,,active
joly-a-huile-de-tournesol,JOLY A HUILE DE TOURNESOL 80G,"<p>Produit de qualité supérieure, soigneusement sélectionné et préparé selon les traditions méditerranéennes. Une saveur authentique pour sublimer vos recettes du quotidien.</p>",My Store,Non classé,"","",true,POIDS,80G,,,,,,,,,0.0,,300,continue,manual,0.00,,true,false,,,,,,https://cdn.shopify.com/s/files/1/0986/8535/4273/files/JOLYAHUILEDETOURNESOL.png?v=1781101471,1,"",false,,,,kg,,,active
joly-a-huile-de-tournesol,,,,,,,,,110G,,,,,,,,,0.0,,300,continue,manual,0.00,,true,false,,,,,,,,,,,,,kg,,,
joly-tomate-1,JOLY TOMATE 110G,"<p>Produit de qualité supérieure, soigneusement sélectionné pour vous offrir le meilleur de la gastronomie méditerranéenne et marocaine. Un incontournable à avoir dans votre cuisine pour des plats savoureux et authentiques.</p>",My Store,Non classé,"","",true,POIDS,110G,,,,,,,,,0.0,,300,continue,manual,0.00,,true,false,,,,,,https://cdn.shopify.com/s/files/1/0986/8535/4273/files/JOLYTOMATE_2.png?v=1781101530,1,"",false,,,,kg,,,active
joly-tomate-piquant,JOLY TOMATE PIQUANT 80G,"<p>Produit de qualité supérieure, soigneusement sélectionné pour vous offrir le meilleur de la gastronomie méditerranéenne et marocaine. Un incontournable à avoir dans votre cuisine pour des plats savoureux et authentiques.</p>",My Store,,"","",true,POIDS,80G,,,,,,,,,0.0,,300,continue,manual,0.00,,true,false,,,,,,,,,false,,,,kg,,,active
joly-tomate,JOLY TOMATE 80G,"<p>Produit de qualité supérieure, soigneusement sélectionné pour vous offrir le meilleur de la gastronomie méditerranéenne et marocaine. Un incontournable à avoir dans votre cuisine pour des plats savoureux et authentiques.</p>",My Store,Non classé,"","",true,POIDS,80G,,,,,,,,,0.0,,300,continue,manual,0.00,,true,false,,,,,,https://cdn.shopify.com/s/files/1/0986/8535/4273/files/JOLYTOMATE.png?v=1781101525,1,"",false,,,,kg,,,active
isabel-naturel,ISABEL NATUREL 80G,"<p>Produit de qualité supérieure, soigneusement sélectionné pour vous offrir le meilleur de la gastronomie méditerranéenne et marocaine. Un incontournable à avoir dans votre cuisine pour des plats savoureux et authentiques.</p>",My Store,,"","",true,POIDS,80G,,,,,,,,,0.0,,300,continue,manual,0.00,,true,false,,,,,,,,,false,,,,kg,,,active
isabel-a-huile-de-tournesol-1,ISABEL A HUILE DE TOURNESOL 800G,"<p>Produit de qualité supérieure, soigneusement sélectionné et préparé selon les traditions méditerranéennes. Une saveur authentique pour sublimer vos recettes du quotidien.</p>",My Store,,"","",true,POIDS,800G,,,,,,,,,0.0,,300,continue,manual,0.00,,true,false,,,,,,,,,false,,,,kg,,,active
isabel-a-huile-dolive,ISABEL A HUILE D'OLIVE 80G,"<p>Produit de qualité supérieure, soigneusement sélectionné et préparé selon les traditions méditerranéennes. Une saveur authentique pour sublimer vos recettes du quotidien.</p>",My Store,Non classé,"","",true,POIDS,80G,,,,,,,,,0.0,,300,continue,manual,0.00,,true,false,,,,,,https://cdn.shopify.com/s/files/1/0986/8535/4273/files/ISABELAHUILED_OLIVE.png?v=1781101462,1,"",false,,,,kg,,,active
isabel-a-huile-de-tournesol,ISABEL A HUILE DE TOURNESOL 80G,"<p>Produit de qualité supérieure, soigneusement sélectionné et préparé selon les traditions méditerranéennes. Une saveur authentique pour sublimer vos recettes du quotidien.</p>",My Store,Non classé,"","",true,POIDS,80G,,,,,,,,,0.0,,300,continue,manual,0.00,,true,false,,,,,,https://cdn.shopify.com/s/files/1/0986/8535/4273/files/ISABELAHUILEDETOURNESOL.png?v=1781100733,1,"",false,,,,kg,,,active
isabel-tomate,ISABEL TOMATE 80G,"<p>Produit de qualité supérieure, soigneusement sélectionné pour vous offrir le meilleur de la gastronomie méditerranéenne et marocaine. Un incontournable à avoir dans votre cuisine pour des plats savoureux et authentiques.</p>",My Store,Non classé,"","",true,POIDS,80G,,,,,,,,,0.0,,300,continue,manual,0.00,,true,false,,,,,,https://cdn.shopify.com/s/files/1/0986/8535/4273/files/ISABELTOMATE.png?v=1781101465,1,"",false,,,,kg,,,active
pescamar-calamares-tomate,PESCAMAR CALAMARES TOMATE 110G,"<p>Produit de qualité supérieure, soigneusement sélectionné pour vous offrir le meilleur de la gastronomie méditerranéenne et marocaine. Un incontournable à avoir dans votre cuisine pour des plats savoureux et authentiques.</p>",My Store,,"","",true,POIDS,110G,,,,,,,,,0.0,,300,continue,manual,0.00,,true,false,,,,,,,,,false,,,,kg,,,active
pescamar-sardines-tomate,PESCAMAR SARDINES TOMATE 110G,"<p>Produit de qualité supérieure, soigneusement sélectionné pour vous offrir le meilleur de la gastronomie méditerranéenne et marocaine. Un incontournable à avoir dans votre cuisine pour des plats savoureux et authentiques.</p>",My Store,Non classé,"","",true,POIDS,110G,,,,,,,,,0.0,,300,continue,manual,0.00,,true,false,,,,,,https://cdn.shopify.com/s/files/1/0986/8535/4273/files/PESCAMARSARDINETOMATE.png?v=1781101732,1,"",false,,,,kg,,,active
pescamar-a-huile-de-tournesol-1,PESCAMAR A HUILE DE TOURNESOL 110G,"<p>Produit de qualité supérieure, soigneusement sélectionné et préparé selon les traditions méditerranéennes. Une saveur authentique pour sublimer vos recettes du quotidien.</p>",My Store,Non classé,"","",true,POIDS,110G,,,,,,,,,0.0,,300,continue,manual,0.00,,true,false,,,,,,https://cdn.shopify.com/s/files/1/0986/8535/4273/files/PESCAMARAHUILEDETOURNESOL_2.png?v=1781101630,1,"",false,,,,kg,,,active
pescamar-tomate-1,PESCAMAR TOMATE 110G,"<p>Produit de qualité supérieure, soigneusement sélectionné pour vous offrir le meilleur de la gastronomie méditerranéenne et marocaine. Un incontournable à avoir dans votre cuisine pour des plats savoureux et authentiques.</p>",My Store,Non classé,"","",true,POIDS,110G,,,,,,,,,0.0,,300,continue,manual,0.00,,true,false,,,,,,https://cdn.shopify.com/s/files/1/0986/8535/4273/files/PESCAMARTOMATE_2.png?v=1781101716,1,"",false,,,,kg,,,active
pescamar-a-huile-de-tournesol,PESCAMAR A HUILE DE TOURNESOL 80G,"<p>Produit de qualité supérieure, soigneusement sélectionné et préparé selon les traditions méditerranéennes. Une saveur authentique pour sublimer vos recettes du quotidien.</p>",My Store,Non classé,"","",true,POIDS,80G,,,,,,,,,0.0,,300,continue,manual,0.00,,true,false,,,,,,https://cdn.shopify.com/s/files/1/0986/8535/4273/files/PESCAMARAHUILEDETOURNESOL.png?v=1781101635,1,"",false,,,,kg,,,active
pescamar-tomate,PESCAMAR TOMATE 80G,"<p>Produit de qualité supérieure, soigneusement sélectionné pour vous offrir le meilleur de la gastronomie méditerranéenne et marocaine. Un incontournable à avoir dans votre cuisine pour des plats savoureux et authentiques.</p>",My Store,Non classé,"","",true,POIDS,80G,,,,,,,,,0.0,,300,continue,manual,0.00,,true,false,,,,,,https://cdn.shopify.com/s/files/1/0986/8535/4273/files/PESCAMARTOMATE.png?v=1781101725,1,"",false,,,,kg,,,active
poisson-conserves,POISSON CONSERVES,"<p>Poissons en conserve soigneusement sélectionnés et préparés pour préserver toute leur saveur et leurs qualités nutritionnelles. Pratiques, ils se dégustent directement ou intégrés dans vos recettes.</p>",My Store,,"","",true,POIDS,Default Title,,,,,,,,,0.0,,300,continue,manual,0.00,,true,false,,,,,,,,,false,,,,kg,,,active
hotdog-maxi-chatar,HOTDOG MAXI CHATAR 510G,"<p>Produit de qualité supérieure, soigneusement sélectionné pour vous offrir le meilleur de la gastronomie méditerranéenne et marocaine. Un incontournable à avoir dans votre cuisine pour des plats savoureux et authentiques.</p>",My Store,Non classé,"","",true,POIDS,510G,,,,,,,,,0.0,,300,continue,manual,0.00,,true,false,,,,,,https://cdn.shopify.com/s/files/1/0986/8535/4273/files/HOTDOGMAXICHATAR.png?v=1781100650,1,"",false,,,,kg,,,active
hotdog-maxi-chatar,,,,,,,,,400G,,,,,,,,,0.0,,300,continue,manual,0.00,,true,false,,,,,,,,,,,,,kg,,,
robert-mortadelle-beef,ROBERT MORTADELLE BEEF 340G,"<p>Produit de qualité supérieure, soigneusement sélectionné pour vous offrir le meilleur de la gastronomie méditerranéenne et marocaine. Un incontournable à avoir dans votre cuisine pour des plats savoureux et authentiques.</p>",My Store,Non classé,"","",true,POIDS,340G,,,,,,,,,0.0,,300,continue,manual,0.00,,true,false,,,,,,https://cdn.shopify.com/s/files/1/0986/8535/4273/files/ROBERTMORTADELLEBEEF.png?v=1781102339,1,"",false,,,,kg,,,active
robert-mortadelle-poulet,ROBERT MORTADELLE POULET 850G,"<p>Produit de qualité supérieure, soigneusement sélectionné pour vous offrir le meilleur de la gastronomie méditerranéenne et marocaine. Un incontournable à avoir dans votre cuisine pour des plats savoureux et authentiques.</p>",My Store,Non classé,"","",true,POIDS,850G,,,,,,,,,0.0,,300,continue,manual,0.00,,true,false,,,,,,https://cdn.shopify.com/s/files/1/0986/8535/4273/files/ROBERTMORTADELLEPOULET_2.png?v=1781102358,1,"",false,,,,kg,,,active
robert-mortadelle-poulet,,,,,,,,,200G,,,,,,,,,0.0,,300,continue,manual,0.00,,true,false,,,,,,https://cdn.shopify.com/s/files/1/0986/8535/4273/files/ROBERTMORTADELLEPOULET.png?v=1781102359,2,"",,,,,kg,,,
robert-mortadelle-poulet,,,,,,,,,340G,,,,,,,,,0.0,,300,continue,manual,0.00,,true,false,,,,,,https://cdn.shopify.com/s/files/1/0986/8535/4273/files/ROBERTMORTADELLEPOLET.png?v=1781102358,3,"",,,,,kg,,,
solis-tomate,SOLIS TOMATE 350G,"<p>Produit de qualité supérieure, soigneusement sélectionné pour vous offrir le meilleur de la gastronomie méditerranéenne et marocaine. Un incontournable à avoir dans votre cuisine pour des plats savoureux et authentiques.</p>",My Store,Non classé,"","",true,POIDS,350G,,,,,,,,,0.0,,300,continue,manual,0.00,,true,false,,,,,,https://cdn.shopify.com/s/files/1/0986/8535/4273/files/SOLISTOMATE.png?v=1781102365,1,"",false,,,,kg,,,active
olla-tomate,OLLA TOMATE 350G,"<p>Produit de qualité supérieure, soigneusement sélectionné pour vous offrir le meilleur de la gastronomie méditerranéenne et marocaine. Un incontournable à avoir dans votre cuisine pour des plats savoureux et authentiques.</p>",My Store,Non classé,"","",true,POIDS,350G,,,,,,,,,0.0,,300,continue,manual,0.00,,true,false,,,,,,https://cdn.shopify.com/s/files/1/0986/8535/4273/files/OLLATOMATE.png?v=1781101640,1,"",false,,,,kg,,,active
solis,SOLIS 360G,"<p>Produit de qualité supérieure, soigneusement sélectionné pour vous offrir le meilleur de la gastronomie méditerranéenne et marocaine. Un incontournable à avoir dans votre cuisine pour des plats savoureux et authentiques.</p>",My Store,Non classé,"","",true,POIDS,360G,,,,,,,,,0.0,,300,continue,manual,0.00,,true,false,,,,,,https://cdn.shopify.com/s/files/1/0986/8535/4273/files/SOLIS.png?v=1781102368,1,"",false,,,,kg,,,active
chatar-bolognaise,CHATAR BOLOGNAISE 500G,"<p>Produit de qualité supérieure, soigneusement sélectionné pour vous offrir le meilleur de la gastronomie méditerranéenne et marocaine. Un incontournable à avoir dans votre cuisine pour des plats savoureux et authentiques.</p>",My Store,Non classé,"","",true,POIDS,500G,,,,,,,,,0.0,,300,continue,manual,0.00,,true,false,,,,,,https://cdn.shopify.com/s/files/1/0986/8535/4273/files/chatarbolognaise.png?v=1780152771,1,"",false,,,,kg,,,active
tomate-concentre-tukas,TOMATE CONCENTRÉ TUKAS 830G,"<p>Produit de qualité supérieure, soigneusement sélectionné pour vous offrir le meilleur de la gastronomie méditerranéenne et marocaine. Un incontournable à avoir dans votre cuisine pour des plats savoureux et authentiques.</p>",My Store,Non classé,"","",true,POIDS,830G,,,,,,,,,0.0,,300,continue,manual,0.00,,true,false,,,,,,https://cdn.shopify.com/s/files/1/0986/8535/4273/files/TOMATECONCENTRETUKAS.png?v=1781099671,1,"",false,,,,kg,,,active
aicha-tomate-concentre,AICHA TOMATE CONCENTRÉ 105G,"<p>Produit de qualité supérieure, soigneusement sélectionné pour vous offrir le meilleur de la gastronomie méditerranéenne et marocaine. Un incontournable à avoir dans votre cuisine pour des plats savoureux et authentiques.</p>",My Store,Non classé,"","",true,POIDS,105G,,,,,,,,,0.0,,300,continue,manual,0.00,,true,false,,,,,,https://cdn.shopify.com/s/files/1/0986/8535/4273/files/AICHATOMATECONCENTRE_3.png?v=1781099658,1,"",false,,,,kg,,,active
aicha-tomate-concentre,,,,,,,,,370G,,,,,,,,,0.0,,300,continue,manual,0.00,,true,false,,,,,,,,,,,,,kg,,,
aicha-tomate-concentre,,,,,,,,,730G,,,,,,,,,0.0,,300,continue,manual,0.00,,true,false,,,,,,,,,,,,,kg,,,
ratatouille-spicy,RATATOUILLE SPICY 415G,"<p>Produit de qualité supérieure, soigneusement sélectionné pour vous offrir le meilleur de la gastronomie méditerranéenne et marocaine. Un incontournable à avoir dans votre cuisine pour des plats savoureux et authentiques.</p>",My Store,,"","",true,POIDS,415G,,,,,,,,,0.0,,300,continue,manual,0.00,,true,false,,,,,,,,,false,,,,kg,,,active
pois-chiches-tagine,POIS CHICHES TAGINE 570G,"<p>Produit de qualité supérieure, soigneusement sélectionné pour vous offrir le meilleur de la gastronomie méditerranéenne et marocaine. Un incontournable à avoir dans votre cuisine pour des plats savoureux et authentiques.</p>",My Store,Non classé,POIS,"",true,POIDS,570G,,,,,,,,,0.0,,300,continue,manual,3.20,,true,false,,,,,,https://cdn.shopify.com/s/files/1/0986/8535/4273/files/68a81e17c8f2a_0086.jpg?v=1779725940,1,"",false,,,,kg,,,active
pois-chiches-chatar-1,POIS CHICHES CHATAR 800G,"<p>Produit de qualité supérieure, soigneusement sélectionné pour vous offrir le meilleur de la gastronomie méditerranéenne et marocaine. Un incontournable à avoir dans votre cuisine pour des plats savoureux et authentiques.</p>",My Store,,POIS,"",true,POIDS,800G,,,,,,,,,0.0,,300,continue,manual,0.00,,true,false,,,,,,,,,false,,,,kg,,,active
pois-chiches-chatar-1,,,,,,,,,570G,,,,,,,,,0.0,,300,continue,manual,0.00,,true,false,,,,,,,,,,,,,kg,,,
lentilles-nylon-konouz,LENTILLES NYLON KONOUZ 400G,"<p>Produit de qualité supérieure, soigneusement sélectionné pour vous offrir le meilleur de la gastronomie méditerranéenne et marocaine. Un incontournable à avoir dans votre cuisine pour des plats savoureux et authentiques.</p>",My Store,,LENTILLES,"",true,POIDS,400G,,,,,,,,,0.0,,300,continue,manual,0.00,,true,false,,,,,,,,,false,,,,kg,,,active
lentilles-nylon-bograin,LENTILLES NYLON BOGRAIN 540G,"<p>Produit de qualité supérieure, soigneusement sélectionné pour vous offrir le meilleur de la gastronomie méditerranéenne et marocaine. Un incontournable à avoir dans votre cuisine pour des plats savoureux et authentiques.</p>",My Store,Non classé,LENTILLES,"",true,POIDS,540G,,,,,,,,,0.0,,300,continue,manual,0.00,,true,false,,,,,,https://cdn.shopify.com/s/files/1/0986/8535/4273/files/LENTILLESNYLONBOGRAIN.png?v=1781099643,1,"",false,,,,kg,,,active
haricot-geant-bograin,HARICOT GÉANT BOGRAIN 540G,"<p>Produit de qualité supérieure, soigneusement sélectionné pour vous offrir le meilleur de la gastronomie méditerranéenne et marocaine. Un incontournable à avoir dans votre cuisine pour des plats savoureux et authentiques.</p>",My Store,Non classé,HARICOT,"",true,POIDS,540G,,,,,,,,,0.0,,300,continue,manual,0.00,,true,false,,,,,,https://cdn.shopify.com/s/files/1/0986/8535/4273/files/HARICOTGEANTBOGRAIN.png?v=1781099636,1,"",false,,,,kg,,,active
haricot-rouge-chatar,HARICOT ROUGE CHATAR 570G,"<p>Produit de qualité supérieure, soigneusement sélectionné pour vous offrir le meilleur de la gastronomie méditerranéenne et marocaine. Un incontournable à avoir dans votre cuisine pour des plats savoureux et authentiques.</p>",My Store,,HARICOT,"",true,POIDS,570G,,,,,,,,,0.0,,300,continue,manual,0.00,,true,false,,,,,,,,,false,,,,kg,,,active
haricot-geant-chatar,HARICOT GÉANT  CHATAR 570G,"<p>Produit de qualité supérieure, soigneusement sélectionné pour vous offrir le meilleur de la gastronomie méditerranéenne et marocaine. Un incontournable à avoir dans votre cuisine pour des plats savoureux et authentiques.</p>",My Store,,HARICOT,"",true,POIDS,570G,,,,,,,,,0.0,,300,continue,manual,0.00,,true,false,,,,,,,,,false,,,,kg,,,active
kenz-chaara,KENZ CHAARA 1KG,"<p>Produit de qualité supérieure, soigneusement sélectionné pour vous offrir le meilleur de la gastronomie méditerranéenne et marocaine. Un incontournable à avoir dans votre cuisine pour des plats savoureux et authentiques.</p>",My Store,Non classé,"","",true,POIDS,1KG,,,,,,,,,0.0,,300,continue,manual,0.00,,true,false,,,,,,https://cdn.shopify.com/s/files/1/0986/8535/4273/files/KENSCHAARA.png?v=1781099723,1,"",false,,,,kg,,,active
dari-chaara-1,DARI CHAARA 1KG 1KG,"<p>Produit de qualité supérieure, soigneusement sélectionné pour vous offrir le meilleur de la gastronomie méditerranéenne et marocaine. Un incontournable à avoir dans votre cuisine pour des plats savoureux et authentiques.</p>",My Store,Non classé,"","",true,POIDS,1KG,,,,,,,,,0.0,,300,continue,manual,0.00,,true,false,,,,,,,,,false,,,,kg,,,active
divella-paternostini-rigati,DIVELLA PATERNOSTINI RIGATI 500G,"<p>Produit de qualité supérieure, soigneusement sélectionné pour vous offrir le meilleur de la gastronomie méditerranéenne et marocaine. Un incontournable à avoir dans votre cuisine pour des plats savoureux et authentiques.</p>",My Store,Non classé,PASTA,"",true,POIDS,500G,,,,,,,,,0.0,,300,continue,manual,0.00,,true,false,,,,,,https://cdn.shopify.com/s/files/1/0986/8535/4273/files/DIVELLAPATERNOSTINIRIGATI.png?v=1781099718,1,"",false,,,,kg,,,active
divella-fusilletti,DIVELLA FUSILLETTI 500G,"<p>Produit de qualité supérieure, soigneusement sélectionné pour vous offrir le meilleur de la gastronomie méditerranéenne et marocaine. Un incontournable à avoir dans votre cuisine pour des plats savoureux et authentiques.</p>",AL-SAFA,Non classé,PASTA,"",true,POIDS,500G,,,,,,,,,0.0,,300,continue,manual,0.00,,true,false,,,,,,https://cdn.shopify.com/s/files/1/0986/8535/4273/files/DIVELLAFUSILETTI.png?v=1781099708,1,"",false,,,,kg,,,active
divella-penne,DIVELLA PENNE 500G,"<p>Produit de qualité supérieure, soigneusement sélectionné pour vous offrir le meilleur de la gastronomie méditerranéenne et marocaine. Un incontournable à avoir dans votre cuisine pour des plats savoureux et authentiques.</p>",AL-SAFA,Non classé,PASTA,"",true,POIDS,500G,,,,,,,,,0.0,,300,continue,manual,0.00,,true,false,,,,,,https://cdn.shopify.com/s/files/1/0986/8535/4273/files/DIVELLAPENNE.png?v=1781099704,1,"",false,,,,kg,,,active
divella-farfalle,DIVELLA FARFALLE 500G,"<p>Produit de qualité supérieure, soigneusement sélectionné pour vous offrir le meilleur de la gastronomie méditerranéenne et marocaine. Un incontournable à avoir dans votre cuisine pour des plats savoureux et authentiques.</p>",AL-SAFA,Non classé,PASTA,"",true,POIDS,500G,,,,,,,,,0.0,,300,continue,manual,0.00,,true,false,,,,,,https://cdn.shopify.com/s/files/1/0986/8535/4273/files/DIVELLAFARFALLE.png?v=1781099696,1,"",false,,,,kg,,,active
dari-petit-plomb-moyen,DARI PETIT PLOMB MOYEN 500G,"<p>Produit de qualité supérieure, soigneusement sélectionné pour vous offrir le meilleur de la gastronomie méditerranéenne et marocaine. Un incontournable à avoir dans votre cuisine pour des plats savoureux et authentiques.</p>",AL-SAFA,Non classé,PASTA,"",true,POIDS,500G,,,,,,,,,0.0,,300,continue,manual,0.00,,true,false,,,,,,https://cdn.shopify.com/s/files/1/0986/8535/4273/files/dari_plomb.png?v=1780277472,1,"",false,,,,kg,,,active
dari-mini-etoiles,DARI MINI ETOILES 500G,"<p>Produit de qualité supérieure, soigneusement sélectionné pour vous offrir le meilleur de la gastronomie méditerranéenne et marocaine. Un incontournable à avoir dans votre cuisine pour des plats savoureux et authentiques.</p>",AL-SAFA,Non classé,PASTA,"",true,POIDS,500G,,,,,,,,,0.0,,300,continue,manual,0.00,,true,false,,,,,,https://cdn.shopify.com/s/files/1/0986/8535/4273/files/mini-njimat.png?v=1780277204,1,"",false,,,,kg,,,active
dari-farfalle,DARI FARFALLE 500G,"<p>Produit de qualité supérieure, soigneusement sélectionné pour vous offrir le meilleur de la gastronomie méditerranéenne et marocaine. Un incontournable à avoir dans votre cuisine pour des plats savoureux et authentiques.</p>",AL-SAFA,Non classé,PASTA,"",true,POIDS,500G,,,,,,,,,0.0,,300,continue,manual,0.00,,true,false,,,,,,https://cdn.shopify.com/s/files/1/0986/8535/4273/files/DARI-500g-Farfal_20d764b3-2d60-4ef6-8b86-df8fe2b14446.png?v=1780277572,1,"",false,,,,kg,,,active
dari-spaghetti,DARI SPAGHETTI 500G,"<p>Produit de qualité supérieure, soigneusement sélectionné pour vous offrir le meilleur de la gastronomie méditerranéenne et marocaine. Un incontournable à avoir dans votre cuisine pour des plats savoureux et authentiques.</p>",AL-SAFA,Non classé,PASTA,"",true,POIDS,500G,,,,,,,,,0.0,,300,continue,manual,0.00,,true,false,,,,,,https://cdn.shopify.com/s/files/1/0986/8535/4273/files/darispaghetti.png?v=1780277300,1,"",false,,,,kg,,,active
dari-etoiles,DARI ETOILES 500G,"<p>Produit de qualité supérieure, soigneusement sélectionné pour vous offrir le meilleur de la gastronomie méditerranéenne et marocaine. Un incontournable à avoir dans votre cuisine pour des plats savoureux et authentiques.</p>",AL-SAFA,Non classé,PASTA,"",true,POIDS,500G,,,,,,,,,0.0,,300,continue,manual,0.00,,true,false,,,,,,https://cdn.shopify.com/s/files/1/0986/8535/4273/files/dari_etoiles.png?v=1780277234,1,"",false,,,,kg,,,active
flocons-davoine,FLOCONS D'AVOINE 500G,"<p>Produit de qualité supérieure, soigneusement sélectionné pour vous offrir le meilleur de la gastronomie méditerranéenne et marocaine. Un incontournable à avoir dans votre cuisine pour des plats savoureux et authentiques.</p>",AL-SAFA,,"","",true,POIDS,500G,,,,,,,,,0.0,,300,continue,manual,0.00,,true,false,,,,,,,,,false,,,,kg,,,active
couscous-dalia-fin,COUSCOUS DALIA FIN 500G,"<p>Couscous de semoule de blé dur finement travaillé selon la tradition marocaine, à la texture légère et aérée. Facile et rapide à préparer, il accompagne parfaitement viandes, légumes et bouillons savoureux.</p>",AL-SAFA,Non classé,"","",true,POIDS,500G,,,,,,,,,0.0,,300,continue,manual,0.00,,true,false,,,,,,https://cdn.shopify.com/s/files/1/0986/8535/4273/files/COUSCOUSDALIAFIN.png?v=1781099688,1,"",false,,,,kg,,,active
tria-chaara,TRIA CHAARA 500G,"<p>Produit de qualité supérieure, soigneusement sélectionné pour vous offrir le meilleur de la gastronomie méditerranéenne et marocaine. Un incontournable à avoir dans votre cuisine pour des plats savoureux et authentiques.</p>",AL-SAFA,,"","",true,POIDS,500G,,,,,,,,,0.0,,300,continue,manual,0.00,,true,false,,,,,,,,,false,,,,kg,,,active
dari-chaara,DARI CHAARA 500g 500G,"<p>Produit de qualité supérieure, soigneusement sélectionné pour vous offrir le meilleur de la gastronomie méditerranéenne et marocaine. Un incontournable à avoir dans votre cuisine pour des plats savoureux et authentiques.</p>",AL-SAFA,Non classé,"","",true,POIDS,500G,,,,,,,,,0.0,,300,continue,manual,1.00,,true,false,,,,,,https://cdn.shopify.com/s/files/1/0986/8535/4273/files/DARI-500g-Cheveux-ange.png?v=1780277399,1,"",false,,,,kg,,,active
amgalita-chaara,AMGALITA CHAARA 500G,"<p>Produit de qualité supérieure, soigneusement sélectionné pour vous offrir le meilleur de la gastronomie méditerranéenne et marocaine. Un incontournable à avoir dans votre cuisine pour des plats savoureux et authentiques.</p>",AL-SAFA,,"","",true,POIDS,500G,,,,,,,,,0.0,,300,continue,manual,1.00,,true,false,,,,,,,,,false,,,,kg,,,active
chakhchoukha-dfar,CHAKHCHOUKHA DFAR 500G,"<p>Produit de qualité supérieure, soigneusement sélectionné pour vous offrir le meilleur de la gastronomie méditerranéenne et marocaine. Un incontournable à avoir dans votre cuisine pour des plats savoureux et authentiques.</p>",AL-SAFA,,"","",true,POIDS,500G,,,,,,,,,0.0,,300,continue,manual,1.00,,true,false,,,,,,,,,false,,,,kg,,,active
couscous-dari,COUSCOUS DARI MOYEN 500g 500G,"<p>Couscous de semoule de blé dur finement travaillé selon la tradition marocaine, à la texture légère et aérée. Facile et rapide à préparer, il accompagne parfaitement viandes, légumes et bouillons savoureux.</p>",AL-SAFA,"Alimentation, boissons et tabac > Aliments > Graines, riz et céréales > Couscous",COUSCOUS,"",true,POIDS,500G,,,,,,,,,0.0,,300,continue,manual,1.00,,true,false,,,,,,https://cdn.shopify.com/s/files/1/0986/8535/4273/files/middle_square_couscous-moyen-500-g-dari_6111094000259_12056e70-aff3-4031-b766-4f94283212c0.jpg?v=1780276671,1,"",false,,,,kg,,,active
campioni-lasagne,CAMPIONI LASAGNE 500G,"<p>Pâtes de qualité supérieure, fabriquées selon la tradition italienne avec de la semoule de blé dur sélectionnée. Elles offrent une texture parfaite, al dente, pour toutes vos recettes.</p>",AL-SAFA,Non classé,PASTA,"",true,POIDS,500G,,,,,,,,,0.0,,300,continue,manual,1.00,,true,false,,,,,,https://cdn.shopify.com/s/files/1/0986/8535/4273/files/CAMPIONILASAGNE.png?v=1781099757,1,"",false,,,,kg,,,active
amgalita-ble-dur-precuit,AMGALITA BLÉ DUR PRÉCUIT 500G,"<p>Produit de qualité supérieure, soigneusement sélectionné pour vous offrir le meilleur de la gastronomie méditerranéenne et marocaine. Un incontournable à avoir dans votre cuisine pour des plats savoureux et authentiques.</p>",AL-SAFA,Non classé,"","",true,POIDS,500G,,,,,,,,,0.0,,300,continue,manual,1.00,,true,false,,,,,,https://cdn.shopify.com/s/files/1/0986/8535/4273/files/AMGALITABLEDURPRECUIT.png?v=1781099752,1,"",false,,,,kg,,,active
chapelure-chatar,CHAPELURE CHATAR 500G,"<p>Produit de qualité supérieure, soigneusement sélectionné pour vous offrir le meilleur de la gastronomie méditerranéenne et marocaine. Un incontournable à avoir dans votre cuisine pour des plats savoureux et authentiques.</p>",AL-SAFA,Non classé,"","",true,POIDS,500G,,,,,,,,,0.0,,300,continue,manual,1.10,,true,false,,,,,,https://cdn.shopify.com/s/files/1/0986/8535/4273/files/123.png?v=1780680865,1,"",false,,,,kg,,,active
warda-nouasser,WARDA NOUASSER 500G,"<p>Produit de qualité supérieure, soigneusement sélectionné pour vous offrir le meilleur de la gastronomie méditerranéenne et marocaine. Un incontournable à avoir dans votre cuisine pour des plats savoureux et authentiques.</p>",AL-SAFA,Non classé,"","",true,POIDS,500G,,,,,,,,,0.0,,300,continue,manual,3.75,,true,false,,,,,,https://cdn.shopify.com/s/files/1/0986/8535/4273/files/122.png?v=1780680841,1,"",false,,,,kg,,,active
warda-hlalem,WARDA HLALEM 500G,"<p>Produit de qualité supérieure, soigneusement sélectionné pour vous offrir le meilleur de la gastronomie méditerranéenne et marocaine. Un incontournable à avoir dans votre cuisine pour des plats savoureux et authentiques.</p>",AL-SAFA,Non classé,"","",true,POIDS,500G,,,,,,,,,0.0,,300,continue,manual,3.75,,true,false,,,,,,https://cdn.shopify.com/s/files/1/0986/8535/4273/files/121.png?v=1780680767,1,"",false,,,,kg,,,active
puffmais-bograin,MAIS BOGRAIN 1KG,"<p>Produit de qualité supérieure, soigneusement sélectionné pour vous offrir le meilleur de la gastronomie méditerranéenne et marocaine. Un incontournable à avoir dans votre cuisine pour des plats savoureux et authentiques.</p>",AL-SAFA,Non classé,"","",true,POIDS,1KG,,,,,,,,,0.0,,300,continue,manual,2.29,,true,false,,,,,,https://cdn.shopify.com/s/files/1/0986/8535/4273/files/124.png?v=1780680705,1,"",false,,,,kg,,,active
puffmais-chatar,MAIS CHATAR 1KG,"<p>Produit de qualité supérieure, soigneusement sélectionné pour vous offrir le meilleur de la gastronomie méditerranéenne et marocaine. Un incontournable à avoir dans votre cuisine pour des plats savoureux et authentiques.</p>",AL-SAFA,Non classé,"","",true,POIDS,1KG,,,,,,,,,0.0,,300,continue,manual,2.20,,true,false,,,,,,https://cdn.shopify.com/s/files/1/0986/8535/4273/files/125.png?v=1780680666,1,"",false,,,,kg,,,active
cherchem-chatar,CHERCHEM CHATAR 1KG,"<p>Produit de qualité supérieure, soigneusement sélectionné pour vous offrir le meilleur de la gastronomie méditerranéenne et marocaine. Un incontournable à avoir dans votre cuisine pour des plats savoureux et authentiques.</p>",AL-SAFA,Non classé,"","",true,POIDS,1KG,,,,,,,,,0.0,,300,continue,manual,1.30,,true,false,,,,,,https://cdn.shopify.com/s/files/1/0986/8535/4273/files/120.png?v=1780680622,1,"",false,,,,kg,,,active
tchicha-chatar-extra-fin,TCHICHA CHATAR EXTRA FIN 1KG,"<p>Produit de qualité supérieure, soigneusement sélectionné pour vous offrir le meilleur de la gastronomie méditerranéenne et marocaine. Un incontournable à avoir dans votre cuisine pour des plats savoureux et authentiques.</p>",AL-SAFA,Non classé,TCHICHA,"",true,POIDS,1KG,,,,,,,,,0.0,,300,continue,manual,1.89,,true,false,,,,,,https://cdn.shopify.com/s/files/1/0986/8535/4273/files/119.png?v=1780680543,1,"",false,,,,kg,,,active
tchicha-chatar-fin,TCHICHA CHATAR FIN 1KG,"<p>Produit de qualité supérieure, soigneusement sélectionné pour vous offrir le meilleur de la gastronomie méditerranéenne et marocaine. Un incontournable à avoir dans votre cuisine pour des plats savoureux et authentiques.</p>",AL-SAFA,Non classé,TCHICHA,"",true,POIDS,1KG,,,,,,,,,0.0,,300,continue,manual,1.00,,true,false,,,,,,https://cdn.shopify.com/s/files/1/0986/8535/4273/files/chatar-tchicha-fine1kg-400x400.jpg?v=1780151281,1,"",false,,,,kg,,,active
tchicha-chatar-moyen,TCHICHA CHATAR MOYEN 1KG,"<p>Produit de qualité supérieure, soigneusement sélectionné pour vous offrir le meilleur de la gastronomie méditerranéenne et marocaine. Un incontournable à avoir dans votre cuisine pour des plats savoureux et authentiques.</p>",AL-SAFA,Non classé,TCHICHA,"",true,POIDS,1KG,,,,,,,,,0.0,,300,continue,manual,1.00,,true,false,,,,,,https://cdn.shopify.com/s/files/1/0986/8535/4273/files/chatar-tchicha-medium-1kg-400x400.jpg?v=1780151256,1,"",false,,,,kg,,,active
tchicha-chatar-gros,TCHICHA CHATAR GROS 1KG,"<p>Produit de qualité supérieure, soigneusement sélectionné pour vous offrir le meilleur de la gastronomie méditerranéenne et marocaine. Un incontournable à avoir dans votre cuisine pour des plats savoureux et authentiques.</p>",AL-SAFA,Non classé,TCHICHA,"",true,POIDS,1KG,,,,,,,,,0.0,,300,continue,manual,1.00,,true,false,,,,,,https://cdn.shopify.com/s/files/1/0986/8535/4273/files/chatar-tchicha-corse-1kg-400x400.jpg?v=1780151306,1,"",false,,,,kg,,,active
campioni-vermicelle,CAMPIONI VERMICELLE 1KG,"<p>Pâtes de qualité supérieure, fabriquées selon la tradition italienne avec de la semoule de blé dur sélectionnée. Elles offrent une texture parfaite, al dente, pour toutes vos recettes.</p>",AL-SAFA,Non classé,PASTA,"",true,POIDS,1KG,,,,,,,,,0.0,,300,continue,manual,1.99,,true,false,,,,,,https://cdn.shopify.com/s/files/1/0986/8535/4273/files/118.png?v=1780680375,1,"",false,,,,kg,,,active
vermicelle-tosca,VERMICELLE TOSCA 1KG,"<p>Produit de qualité supérieure, soigneusement sélectionné pour vous offrir le meilleur de la gastronomie méditerranéenne et marocaine. Un incontournable à avoir dans votre cuisine pour des plats savoureux et authentiques.</p>",AL-SAFA,Non classé,PASTA,"",true,POIDS,1KG,,,,,,,,,0.0,,300,continue,manual,1.00,,true,false,,,,,,https://cdn.shopify.com/s/files/1/0986/8535/4273/files/VERMICELLETOSCA.png?v=1781099746,1,"",false,,,,kg,,,active
campioni-pasta,CAMPIONI PASTA FIN 1KG,"<p>Pâtes de qualité supérieure, fabriquées selon la tradition italienne avec de la semoule de blé dur sélectionnée. Elles offrent une texture parfaite, al dente, pour toutes vos recettes.</p>",AL-SAFA,Non classé,PASTA,"",true,POIDS,1KG,,,,,,,,,0.0,,300,continue,manual,1.00,,true,false,,,,,,https://cdn.shopify.com/s/files/1/0986/8535/4273/files/finpasta.png?v=1780678107,1,"",false,,,,kg,,,active
pois-chiches-konouz,POIS CHICHES GARRIDO 1KG,"<p>Produit de qualité supérieure, soigneusement sélectionné pour vous offrir le meilleur de la gastronomie méditerranéenne et marocaine. Un incontournable à avoir dans votre cuisine pour des plats savoureux et authentiques.</p>",AL-SAFA,Non classé,POIS,"",true,POIDS,1KG,,,,,,,,,0.0,,300,continue,manual,3.80,,true,false,,,,,,https://cdn.shopify.com/s/files/1/0986/8535/4273/files/96.png?v=1780676241,1,"",false,,,,kg,,,active
pois-chiches-chatar,POIS CHICHES BORGAIN 1KG,"<p>Produit de qualité supérieure, soigneusement sélectionné pour vous offrir le meilleur de la gastronomie méditerranéenne et marocaine. Un incontournable à avoir dans votre cuisine pour des plats savoureux et authentiques.</p>",AL-SAFA,Non classé,POIS,"",true,POIDS,1KG,,,,,,,,,0.0,,300,continue,manual,3.20,,true,false,,,,,,https://cdn.shopify.com/s/files/1/0986/8535/4273/files/95.png?v=1780676221,1,"",false,,,,kg,,,active
riz-mahmood,RIZ MAHMOOD 1KG,"<p>Produit de qualité supérieure, soigneusement sélectionné pour vous offrir le meilleur de la gastronomie méditerranéenne et marocaine. Un incontournable à avoir dans votre cuisine pour des plats savoureux et authentiques.</p>",AL-SAFA,Non classé,RIZ,"",true,POIDS,1KG,,,,,,,,,0.0,,300,continue,manual,1.00,,true,false,,,,,,https://cdn.shopify.com/s/files/1/0986/8535/4273/files/RIZMAHMOOD.png?v=1781099741,1,"",false,,,,kg,,,active
riz-doghazal,RIZ DOGHAZAL 1KG,"<p>Produit de qualité supérieure, soigneusement sélectionné pour vous offrir le meilleur de la gastronomie méditerranéenne et marocaine. Un incontournable à avoir dans votre cuisine pour des plats savoureux et authentiques.</p>",AL-SAFA,Non classé,RIZ,"",true,POIDS,1KG,,,,,,,,,0.0,,300,continue,manual,1.00,,true,false,,,,,,https://cdn.shopify.com/s/files/1/0986/8535/4273/files/RIZDOGHAZAL.png?v=1781099737,1,"",false,,,,kg,,,active
riz-borgain,RIZ TAGINE 1KG,"<p>Produit de qualité supérieure, soigneusement sélectionné pour vous offrir le meilleur de la gastronomie méditerranéenne et marocaine. Un incontournable à avoir dans votre cuisine pour des plats savoureux et authentiques.</p>",AL-SAFA,Non classé,RIZ,"",true,POIDS,1KG,,,,,,,,,0.0,,300,continue,manual,2.29,,true,false,,,,,,https://cdn.shopify.com/s/files/1/0986/8535/4273/files/93.png?v=1780675566,1,"",false,,,,kg,,,active
riz-borgain,,,,,,,,,,,,,,,,,,,,,,,,,,,,,,,,https://cdn.shopify.com/s/files/1/0986/8535/4273/files/94.png?v=1780675566,2,"",,,,,,,,
riz-tagine,RIZ TAGINE 1KG,"<p>Produit de qualité supérieure, soigneusement sélectionné pour vous offrir le meilleur de la gastronomie méditerranéenne et marocaine. Un incontournable à avoir dans votre cuisine pour des plats savoureux et authentiques.</p>",AL-SAFA,Non classé,RIZ,"",true,POIDS,1KG,,,,,,,,,0.0,,300,continue,manual,1.00,,true,false,,,,,,https://cdn.shopify.com/s/files/1/0986/8535/4273/files/1006.jpg?v=1779725892,1,"",false,,,,kg,,,active
couscous-kenz,COUSCOUS KENZ FIN 1KG,"<p>Couscous de semoule de blé dur finement travaillé selon la tradition marocaine, à la texture légère et aérée. Facile et rapide à préparer, il accompagne parfaitement viandes, légumes et bouillons savoureux.</p>",AL-SAFA,"Alimentation, boissons et tabac > Aliments > Graines, riz et céréales > Couscous",COUSCOUS,"",true,TYPE,FIN 1KG,,,,,,,,,0.0,,300,continue,manual,2.49,,true,false,,,,,,https://cdn.shopify.com/s/files/1/0986/8535/4273/files/92.png?v=1780675276,1,"",false,,,,kg,,,active
couscous-kenz,,,,,,,,,MOYEN 1KG,,,,,,,,,0.0,,0,continue,manual,2.59,,true,true,,,,,,,,,,,,,kg,,,
couscous-dari-berkouks,COUSCOUS DARI BERKOUKS 1KG,"<p>Couscous de semoule de blé dur finement travaillé selon la tradition marocaine, à la texture légère et aérée. Facile et rapide à préparer, il accompagne parfaitement viandes, légumes et bouillons savoureux.</p>",AL-SAFA,"Alimentation, boissons et tabac > Aliments > Graines, riz et céréales > Couscous",COUSCOUS,"",true,POIDS,1KG,,,,,,,,,0.0,,300,continue,manual,1.00,,true,false,,,,,,https://cdn.shopify.com/s/files/1/0986/8535/4273/files/couscous_bekouks_1kg.png?v=1780277026,1,"",false,,,,kg,,,active
couscous-dari-complet,COUSCOUS DARI COMPLET 1KG,"<p>Couscous de semoule de blé dur finement travaillé selon la tradition marocaine, à la texture légère et aérée. Facile et rapide à préparer, il accompagne parfaitement viandes, légumes et bouillons savoureux.</p>",AL-SAFA,"Alimentation, boissons et tabac > Aliments > Graines, riz et céréales > Couscous",COUSCOUS,"",true,POIDS,1KG,,,,,,,,,0.0,,300,continue,manual,1.00,,true,false,,,,,,https://cdn.shopify.com/s/files/1/0986/8535/4273/files/middle_square_couscous-complet-1-kg-dari_6111094000594.jpg?v=1780276867,1,"",false,,,,kg,,,active
couscous-dari-fine-1,COUSCOUS DARI FINE 1KG,"<p>Couscous de semoule de blé dur finement travaillé selon la tradition marocaine, à la texture légère et aérée. Facile et rapide à préparer, il accompagne parfaitement viandes, légumes et bouillons savoureux.</p>",AL-SAFA,"Alimentation, boissons et tabac > Aliments > Graines, riz et céréales > Couscous",COUSCOUS,"",true,POIDS,1KG,,,,,,,,,0.0,,300,continue,manual,1.00,,true,false,,,,,,https://cdn.shopify.com/s/files/1/0986/8535/4273/files/COUSCOUSDARIfine_7c879d7c-0f66-4d62-9e9e-f0fee0d9069e.jpg?v=1780157158,1,"",false,,,,kg,,,active
couscous-dari-moyen-1,COUSCOUS DARI MOYEN 1KG,"<p>Couscous de semoule de blé dur finement travaillé selon la tradition marocaine, à la texture légère et aérée. Facile et rapide à préparer, il accompagne parfaitement viandes, légumes et bouillons savoureux.</p>",AL-SAFA,"Alimentation, boissons et tabac > Aliments > Graines, riz et céréales > Couscous",COUSCOUS,"",true,POIDS,1KG,,,,,,,,,0.0,,300,continue,manual,1.00,,true,false,,,,,,https://cdn.shopify.com/s/files/1/0986/8535/4273/files/COUSCOUSDARIMOYEN_517e0396-a16b-4380-82e4-ee548d8c1720.jpg?v=1780156512,1,"",false,,,,kg,,,active
feve-entiere-grosse,FEVE ENTIERE GROSSE 1KG,"<p>Produit de qualité supérieure, soigneusement sélectionné pour vous offrir le meilleur de la gastronomie méditerranéenne et marocaine. Un incontournable à avoir dans votre cuisine pour des plats savoureux et authentiques.</p>",AL-SAFA,Non classé,FEVE,"",true,POIDS,1KG,,,,,,,,,0.0,,300,continue,manual,3.19,,true,false,,,,,,https://cdn.shopify.com/s/files/1/0986/8535/4273/files/91.png?v=1780675218,1,"",false,,,,kg,,,active
feve-cassee-bograin,FEVE CASSEE BOGRAIN 1KG,"<p>Produit de qualité supérieure, soigneusement sélectionné pour vous offrir le meilleur de la gastronomie méditerranéenne et marocaine. Un incontournable à avoir dans votre cuisine pour des plats savoureux et authentiques.</p>",AL-SAFA,Non classé,FEVE,"",true,POIDS,1KG,,,,,,,,,0.0,,300,continue,manual,2.29,,true,false,,,,,,https://cdn.shopify.com/s/files/1/0986/8535/4273/files/84.png?v=1780675234,1,"",false,,,,kg,,,active
feve-cassee-tagine,FEVE CASSEE TAGINE 1KG,"<p>Produit de qualité supérieure, soigneusement sélectionné pour vous offrir le meilleur de la gastronomie méditerranéenne et marocaine. Un incontournable à avoir dans votre cuisine pour des plats savoureux et authentiques.</p>",AL-SAFA,Non classé,FEVE,"",true,POIDS,1KG,,,,,,,,,0.0,,300,continue,manual,2.29,,true,false,,,,,,https://cdn.shopify.com/s/files/1/0986/8535/4273/files/68a8295d3670b_0126.jpg?v=1779725977,1,"",false,,,,kg,,,active
pois-casse-verts,POIS CASSE VERTS 1KG,"<p>Produit de qualité supérieure, soigneusement sélectionné pour vous offrir le meilleur de la gastronomie méditerranéenne et marocaine. Un incontournable à avoir dans votre cuisine pour des plats savoureux et authentiques.</p>",AL-SAFA,Non classé,POIS,"",true,POIDS,1KG,,,,,,,,,0.0,,300,continue,manual,2.29,,true,false,,,,,,https://cdn.shopify.com/s/files/1/0986/8535/4273/files/83.png?v=1780675151,1,"",false,,,,kg,,,active
pois-casse-jaune,POIS CASSE JAUNE 1KG,"<p>Produit de qualité supérieure, soigneusement sélectionné pour vous offrir le meilleur de la gastronomie méditerranéenne et marocaine. Un incontournable à avoir dans votre cuisine pour des plats savoureux et authentiques.</p>",AL-SAFA,Non classé,POIS,"",true,POIDS,1KG,,,,,,,,,0.0,,300,continue,manual,2.89,,true,false,,,,,,https://cdn.shopify.com/s/files/1/0986/8535/4273/files/82.png?v=1780675127,1,"",false,,,,kg,,,active
lentilles-rouge-chatar,LENTILLES ROUGE CHATAR 1KG,"<p>Produit de qualité supérieure, soigneusement sélectionné pour vous offrir le meilleur de la gastronomie méditerranéenne et marocaine. Un incontournable à avoir dans votre cuisine pour des plats savoureux et authentiques.</p>",AL-SAFA,Non classé,LENTILLES,"",true,POIDS,1KG,,,,,,,,,0.0,,300,continue,manual,2.39,,true,false,,,,,,https://cdn.shopify.com/s/files/1/0986/8535/4273/files/65.png?v=1780673477,1,"",false,,,,kg,,,active
lentilles-rouge-konouz,LENTILLES ROUGE KONOUZ 1KG,"<p>Produit de qualité supérieure, soigneusement sélectionné pour vous offrir le meilleur de la gastronomie méditerranéenne et marocaine. Un incontournable à avoir dans votre cuisine pour des plats savoureux et authentiques.</p>",AL-SAFA,Non classé,LENTILLES,"",true,POIDS,1KG,,,,,,,,,0.0,,300,continue,manual,2.89,,true,false,,,,,,https://cdn.shopify.com/s/files/1/0986/8535/4273/files/64.png?v=1780673446,1,"",false,,,,kg,,,active
lentilles-rouge-tagine,LENTILLES ROUGE TAGINE 1KG,"<p>Produit de qualité supérieure, soigneusement sélectionné pour vous offrir le meilleur de la gastronomie méditerranéenne et marocaine. Un incontournable à avoir dans votre cuisine pour des plats savoureux et authentiques.</p>",AL-SAFA,Non classé,LENTILLES,"",true,POIDS,1KG,,,,,,,,,0.0,,300,continue,manual,1.00,,true,false,,,,,,https://cdn.shopify.com/s/files/1/0986/8535/4273/files/68a82a05aaf8f_0722.jpg?v=1779725770,1,"",false,,,,kg,,,active
haricot-noir-lingot-tagine,HARICOT NOIR LINGOT TAGINE 1KG,"<p>Produit de qualité supérieure, soigneusement sélectionné pour vous offrir le meilleur de la gastronomie méditerranéenne et marocaine. Un incontournable à avoir dans votre cuisine pour des plats savoureux et authentiques.</p>",AL-SAFA,Non classé,HARICOT,"",true,POIDS,1KG,,,,,,,,,0.0,,300,continue,manual,1.00,,true,false,,,,,,https://cdn.shopify.com/s/files/1/0986/8535/4273/files/68a82a8d88bed_1075.jpg?v=1779725747,1,"",false,,,,kg,,,active
haricot-rouge-lingot-bograin,HARICOT ROUGE LINGOT BOGRAIN 1KG,"<p>Produit de qualité supérieure, soigneusement sélectionné pour vous offrir le meilleur de la gastronomie méditerranéenne et marocaine. Un incontournable à avoir dans votre cuisine pour des plats savoureux et authentiques.</p>",AL-SAFA,Non classé,HARICOT,"",true,POIDS,1KG,,,,,,,,,0.0,,300,continue,manual,1.00,,true,false,,,,,,https://cdn.shopify.com/s/files/1/0986/8535/4273/files/HARICOTROUGELINGOTBOGRAIN.png?v=1781099730,1,"",false,,,,kg,,,active
haricot-blanc-lingot-bograin,HARICOT BLANC LINGOT BOGRAIN 1KG,"<p>Produit de qualité supérieure, soigneusement sélectionné pour vous offrir le meilleur de la gastronomie méditerranéenne et marocaine. Un incontournable à avoir dans votre cuisine pour des plats savoureux et authentiques.</p>",AL-SAFA,Non classé,HARICOT,"",true,POIDS,1KG,,,,,,,,,0.0,,300,continue,manual,2.79,,true,false,,,,,,https://cdn.shopify.com/s/files/1/0986/8535/4273/files/63.png?v=1780673412,1,"",false,,,,kg,,,active
haricot-blanc-lingot-konouz,HARICOT BLANC LINGOT KONOUZ 1KG,"<p>Produit de qualité supérieure, soigneusement sélectionné pour vous offrir le meilleur de la gastronomie méditerranéenne et marocaine. Un incontournable à avoir dans votre cuisine pour des plats savoureux et authentiques.</p>",AL-SAFA,Non classé,HARICOT,"",true,POIDS,1KG,,,,,,,,,0.0,,300,continue,manual,2.89,,true,false,,,,,,https://cdn.shopify.com/s/files/1/0986/8535/4273/files/62.png?v=1780673381,1,"",false,,,,kg,,,active
haricot-blanc-lingot-tagine,HARICOT BLANC LINGOT TAGINE 1KG,"<p>Produit de qualité supérieure, soigneusement sélectionné pour vous offrir le meilleur de la gastronomie méditerranéenne et marocaine. Un incontournable à avoir dans votre cuisine pour des plats savoureux et authentiques.</p>",AL-SAFA,Non classé,HARICOT,"",true,POIDS,1KG,,,,,,,,,500.0,,300,continue,manual,1.00,,true,false,50000.0,ml,5000,ml,,https://cdn.shopify.com/s/files/1/0986/8535/4273/files/68a829c3d4c2f_0671.jpg?v=1779725724,1,"",false,,,,g,,,active
haricot-blanc-lingot-chatar,HARICOT BLANC LINGOT CHATAR 1KG,"<p>Produit de qualité supérieure, soigneusement sélectionné pour vous offrir le meilleur de la gastronomie méditerranéenne et marocaine. Un incontournable à avoir dans votre cuisine pour des plats savoureux et authentiques.</p>",AL-SAFA,Non classé,HARICOT,"",true,POIDS,1KG,,,,,,,,,0.0,,300,continue,manual,2.49,,true,false,,,,,,https://cdn.shopify.com/s/files/1/0986/8535/4273/files/61.png?v=1780673305,1,"",false,,,,kg,,,active
lentilles-bograin,LENTILLES BOGRAIN 1KG,"<p>Produit de qualité supérieure, soigneusement sélectionné pour vous offrir le meilleur de la gastronomie méditerranéenne et marocaine. Un incontournable à avoir dans votre cuisine pour des plats savoureux et authentiques.</p>",AL-SAFA,Non classé,LENTILLES,"",true,POIDS,1KG,,,,,,,,,0.0,,300,continue,manual,1.00,,true,false,,,,,,https://cdn.shopify.com/s/files/1/0986/8535/4273/files/borgainlentilles.webp?v=1779725521,1,"",false,,,,kg,,,active
lentilles-chatar,LENTILLES CHATAR 1KG,"<p>Produit de qualité supérieure, soigneusement sélectionné pour vous offrir le meilleur de la gastronomie méditerranéenne et marocaine. Un incontournable à avoir dans votre cuisine pour des plats savoureux et authentiques.</p>",AL-SAFA,Non classé,LENTILLES,"",true,POIDS,1KG,,,,,,,,,0.0,,300,continue,manual,2.39,,true,false,,,,,,https://cdn.shopify.com/s/files/1/0986/8535/4273/files/Designsanstitre_2.png?v=1780673214,1,"",false,,,,kg,,,active
lentilles-tagine,LENTILLES TAGINE 1KG,"<p>Produit de qualité supérieure, soigneusement sélectionné pour vous offrir le meilleur de la gastronomie méditerranéenne et marocaine. Un incontournable à avoir dans votre cuisine pour des plats savoureux et authentiques.</p>",AL-SAFA,Non classé,LENTILLES,"",true,POIDS,1KG,,,,,,,,,200.0,,300,continue,manual,1.00,,true,false,,,,,,https://cdn.shopify.com/s/files/1/0986/8535/4273/files/lentils.jpg?v=1779725481,1,"",false,,,,g,,,active
lentilles-konoz,LENTILLES KONOZ 1KG,"<p>Produit de qualité supérieure, soigneusement sélectionné pour vous offrir le meilleur de la gastronomie méditerranéenne et marocaine. Un incontournable à avoir dans votre cuisine pour des plats savoureux et authentiques.</p>",AL-SAFA,Non classé,LENTILLES,"",true,POIDS,1KG,,,,,,,,,200.0,,300,continue,manual,2.89,,true,false,,,,,,https://cdn.shopify.com/s/files/1/0986/8535/4273/files/60.png?v=1780673177,1,"",false,,,,g,,,active
couscous-alitkane,COUSCOUS ALITKANE 5KG,"<p>Couscous de semoule de blé dur finement travaillé selon la tradition marocaine, à la texture légère et aérée. Facile et rapide à préparer, il accompagne parfaitement viandes, légumes et bouillons savoureux.</p>",AL-SAFA,"Alimentation, boissons et tabac > Aliments > Graines, riz et céréales > Couscous",COUSCOUS,"",true,POIDS,5KG,,,,,,,,,200.0,,300,continue,manual,1.00,,true,false,,,,,,https://cdn.shopify.com/s/files/1/0986/8535/4273/files/alitkane.webp?v=1779725441,1,"",false,,,,g,,,active
couscous-dari-fine,COUSCOUS DARI FINE 5KG,"<p>Couscous de semoule de blé dur finement travaillé selon la tradition marocaine, à la texture légère et aérée. Facile et rapide à préparer, il accompagne parfaitement viandes, légumes et bouillons savoureux.</p>",AL-SAFA,"Alimentation, boissons et tabac > Aliments > Graines, riz et céréales > Couscous",COUSCOUS,"",true,POIDS,5KG,,,,,,,,,181.0,,300,continue,manual,1.00,,true,false,,,,,,https://cdn.shopify.com/s/files/1/0986/8535/4273/files/middle_square_couscous-fin-5-kg-dari_6111094000235.jpg?v=1780276921,1,"",false,,,,g,,,active
couscous-dari-moyen,COUSCOUS DARI MOYEN 5KG,"<p>Couscous de semoule de blé dur finement travaillé selon la tradition marocaine, à la texture légère et aérée. Facile et rapide à préparer, il accompagne parfaitement viandes, légumes et bouillons savoureux.</p>",AL-SAFA,"Alimentation, boissons et tabac > Aliments > Graines, riz et céréales > Couscous",COUSCOUS,"",true,POIDS,5KG,,,,,,,,,181.0,,300,continue,manual,1.00,,true,false,,,,,,https://cdn.shopify.com/s/files/1/0986/8535/4273/files/middle_square_couscous-moyen-5-kg-dari_6111094000082_8a2274ec-837e-468d-9861-62306477d8da.jpg?v=1780276973,1,"",false,,,,g,,,active
alwalimah,"ALWALIMAH 4,5KG","<p>Produit de qualité supérieure, soigneusement sélectionné pour vous offrir le meilleur de la gastronomie méditerranéenne et marocaine. Un incontournable à avoir dans votre cuisine pour des plats savoureux et authentiques.</p>",AL-SAFA,Non classé,RIZ,"",true,POIDS,"4,5KG",,,,,,,,,181.0,,300,continue,manual,1.00,,true,false,,,,,,https://cdn.shopify.com/s/files/1/0986/8535/4273/files/ALWALIMAH.png?v=1781099762,1,"",false,,,,g,,,active
jasmine-riz,JASMINE RIZ 5KG,"<p>Produit de qualité supérieure, soigneusement sélectionné pour vous offrir le meilleur de la gastronomie méditerranéenne et marocaine. Un incontournable à avoir dans votre cuisine pour des plats savoureux et authentiques.</p>",AL-SAFA,Non classé,RIZ,"",true,POIDS,5KG,,,,,,,,,177.0,,300,continue,manual,13.99,,true,false,,,,,,https://cdn.shopify.com/s/files/1/0986/8535/4273/files/58.png?v=1780673132,1,"",false,,,,g,,,active
mehnat,MEHNAT 5KG,"<p>Produit de qualité supérieure, soigneusement sélectionné pour vous offrir le meilleur de la gastronomie méditerranéenne et marocaine. Un incontournable à avoir dans votre cuisine pour des plats savoureux et authentiques.</p>",AL-SAFA,Non classé,RIZ,"",true,POIDS,5KG,,,,,,,,,177.0,,300,continue,manual,1.00,,true,false,,,,,,https://cdn.shopify.com/s/files/1/0986/8535/4273/files/MEHNAT-CROWN-SPECIAL-BASMATI-RICE-4.5KG.jpg?v=1779725168,1,"",false,,,,g,,,active
fidoo,FIDOO 5KG,"<p>Produit de qualité supérieure, soigneusement sélectionné pour vous offrir le meilleur de la gastronomie méditerranéenne et marocaine. Un incontournable à avoir dans votre cuisine pour des plats savoureux et authentiques.</p>",AL-SAFA,Non classé,RIZ,"",true,POIDS,5KG,,,,,,,,,177.0,,300,continue,manual,12.99,,true,false,,,,,,https://cdn.shopify.com/s/files/1/0986/8535/4273/files/57.png?v=1780673059,1,"",false,,,,g,,,active
riz-mahmood-xxl-white,RIZ MAHMOOD XXL WHITE 5KG,"<p>Produit de qualité supérieure, soigneusement sélectionné pour vous offrir le meilleur de la gastronomie méditerranéenne et marocaine. Un incontournable à avoir dans votre cuisine pour des plats savoureux et authentiques.</p>",AL-SAFA,Non classé,RIZ,"",true,POIDS,5KG,,,,,,,,,150.0,,300,continue,manual,1.00,,true,false,,,,,,https://cdn.shopify.com/s/files/1/0986/8535/4273/files/RIZMAHMOODXXLWHITE_efd367c5-834e-430a-958a-0ae5fd55bab4.jpg?v=1779724826,1,"",false,,,,g,,,active
riz-mahmood-sella,RIZ MAHMOOD SELLA 5KG,"<p>Produit de qualité supérieure, soigneusement sélectionné pour vous offrir le meilleur de la gastronomie méditerranéenne et marocaine. Un incontournable à avoir dans votre cuisine pour des plats savoureux et authentiques.</p>",AL-SAFA,Non classé,RIZ,"",true,POIDS,5KG,,,,,,,,,150.0,,300,continue,manual,1.00,,true,false,,,,,,https://cdn.shopify.com/s/files/1/0986/8535/4273/files/mahmood-rice-sella-premium-basmatiris-45kg-3.jpg?v=1779724949,1,"",false,,,,g,,,active
chay-alsitinat,CHAY ALSITINAT 200G,"<p>Produit de qualité supérieure, soigneusement sélectionné pour vous offrir le meilleur de la gastronomie méditerranéenne et marocaine. Un incontournable à avoir dans votre cuisine pour des plats savoureux et authentiques.</p>",AL-SAFA,Non classé,THE,"chas, the",true,POIDS,200G,,,,,,,,,0.0,,300,continue,manual,2.25,,true,false,,,,,,https://cdn.shopify.com/s/files/1/0986/8535/4273/files/55.png?v=1780671671,1,"",false,,,,kg,,,active
bouraza-jasmin,BOURAZA JASMIN 150G 150G,"<p>Produit de qualité supérieure, soigneusement sélectionné pour vous offrir le meilleur de la gastronomie méditerranéenne et marocaine. Un incontournable à avoir dans votre cuisine pour des plats savoureux et authentiques.</p>",AL-SAFA,Non classé,THE,"bou aza, the",true,POIDS,150G,,,,,,,,,0.0,,300,continue,manual,2.75,,true,false,,,,,,https://cdn.shopify.com/s/files/1/0986/8535/4273/files/Designsanstitre_1.png?v=1780669956,1,"",false,,,,kg,,,active
chater-alyaqut,CHATER ALYAQUT 400G 400G,"<p>Produit de qualité supérieure, soigneusement sélectionné pour vous offrir le meilleur de la gastronomie méditerranéenne et marocaine. Un incontournable à avoir dans votre cuisine pour des plats savoureux et authentiques.</p>",AL-SAFA,Non classé,THE,"chaaer, the",true,POIDS,400G,,,,,,,,,0.0,,300,continue,manual,4.25,,true,false,,,,,,https://cdn.shopify.com/s/files/1/0986/8535/4273/files/54.png?v=1780669845,1,"",false,,,,kg,,,active
chater-malaki,CHATER MALAKI 200G 200G,"<p>Produit de qualité supérieure, soigneusement sélectionné pour vous offrir le meilleur de la gastronomie méditerranéenne et marocaine. Un incontournable à avoir dans votre cuisine pour des plats savoureux et authentiques.</p>",AL-SAFA,Non classé,THE,"chamer, the",true,POIDS,200G,,,,,,,,,0.0,,300,continue,manual,2.25,,true,false,,,,,,https://cdn.shopify.com/s/files/1/0986/8535/4273/files/53.png?v=1780669826,1,"",false,,,,kg,,,active
chater-gold,CHATER GOLD 400G 400G,"<p>Produit de qualité supérieure, soigneusement sélectionné pour vous offrir le meilleur de la gastronomie méditerranéenne et marocaine. Un incontournable à avoir dans votre cuisine pour des plats savoureux et authentiques.</p>",AL-SAFA,,THE,"chager, the",true,POIDS,400G,,,,,,,,,0.0,,300,continue,manual,0.00,,true,false,,,,,,,,,false,,,,kg,,,active
chater-gold,,,,,,,,,200G,,,,,,,,,0.0,,300,continue,manual,0.00,,true,false,,,,,,,,,,,,,kg,,,
alberad-konouz,ALBERAD KONOUZ 200G,"<p>Produit de qualité supérieure, soigneusement sélectionné pour vous offrir le meilleur de la gastronomie méditerranéenne et marocaine. Un incontournable à avoir dans votre cuisine pour des plats savoureux et authentiques.</p>",AL-SAFA,Non classé,THE,"alb rad, the",true,POIDS,200G,,,,,,,,,0.0,,300,continue,manual,2.75,,true,false,,,,,,https://cdn.shopify.com/s/files/1/0986/8535/4273/files/52.png?v=1780669802,1,"",false,,,,kg,,,active
bio-tea,BIO TEA PALMIER 200G,"<p>Produit de qualité supérieure, soigneusement sélectionné pour vous offrir le meilleur de la gastronomie méditerranéenne et marocaine. Un incontournable à avoir dans votre cuisine pour des plats savoureux et authentiques.</p>",AL-SAFA,Non classé,THE,"bio t, the",true,POIDS,200G,,,,,,,,,0.0,,300,continue,manual,1.90,,true,false,,,,,,https://cdn.shopify.com/s/files/1/0986/8535/4273/files/51.png?v=1780669740,1,"",false,,,,kg,,,active
saghero-41022,SAGHERO 41022 200G,"<p>Produit de qualité supérieure, soigneusement sélectionné pour vous offrir le meilleur de la gastronomie méditerranéenne et marocaine. Un incontournable à avoir dans votre cuisine pour des plats savoureux et authentiques.</p>",AL-SAFA,,THE,"sag ero, the",true,POIDS,200G,,,,,,,,,0.0,,300,continue,manual,0.00,,true,false,,,,,,,,,false,,,,kg,,,active
the-rmila,THE RMILA 41022 200G,"<p>Produit de qualité supérieure, soigneusement sélectionné pour vous offrir le meilleur de la gastronomie méditerranéenne et marocaine. Un incontournable à avoir dans votre cuisine pour des plats savoureux et authentiques.</p>",AL-SAFA,Non classé,THE,"the, thelr",true,POIDS,200G,,,,,,,,,0.0,,300,continue,manual,2.89,,true,false,,,,,,https://cdn.shopify.com/s/files/1/0986/8535/4273/files/50.png?v=1780669730,1,"",false,,,,kg,,,active
gamra-9371-200g,GAMRA 9371 200G 200G,"<p>Produit de qualité supérieure, soigneusement sélectionné pour vous offrir le meilleur de la gastronomie méditerranéenne et marocaine. Un incontournable à avoir dans votre cuisine pour des plats savoureux et authentiques.</p>",AL-SAFA,Non classé,THE,"gam3a, the",true,POIDS,200G,,,,,,,,,0.0,,300,continue,manual,2.60,,true,false,,,,,,https://cdn.shopify.com/s/files/1/0986/8535/4273/files/49.png?v=1780669725,1,"",false,,,,kg,,,active
dahmiss-41022,DAHMISS 41022 200G 200G,"<p>Produit de qualité supérieure, soigneusement sélectionné pour vous offrir le meilleur de la gastronomie méditerranéenne et marocaine. Un incontournable à avoir dans votre cuisine pour des plats savoureux et authentiques.</p>",AL-SAFA,Non classé,THE,"dah iss, the",true,POIDS,200G,,,,,,,,,0.0,,300,continue,manual,1.00,,true,false,,,,,,https://cdn.shopify.com/s/files/1/0986/8535/4273/files/E5EBD2E7-B211-40BE-8A29-74871522AB4F.webp?v=1780279056,1,"",false,,,,kg,,,active
chay-laayoune,CHAY LAAYOUNE 41022 200G,"<p>Produit de qualité supérieure, soigneusement sélectionné pour vous offrir le meilleur de la gastronomie méditerranéenne et marocaine. Un incontournable à avoir dans votre cuisine pour des plats savoureux et authentiques.</p>",AL-SAFA,Non classé,THE,"chaa, the",true,POIDS,200G,,,,,,,,,0.0,,300,continue,manual,1.00,,true,false,,,,,,https://cdn.shopify.com/s/files/1/0986/8535/4273/files/0472.jpg?v=1780278627,1,"",false,,,,kg,,,active
alrayhane-41022,ALRAYHANE 41022 200G,"<p>Produit de qualité supérieure, soigneusement sélectionné pour vous offrir le meilleur de la gastronomie méditerranéenne et marocaine. Un incontournable à avoir dans votre cuisine pour des plats savoureux et authentiques.</p>",AL-SAFA,Non classé,THE,"alrnyhane, the",true,POIDS,200G,,,,,,,,,0.0,,300,continue,manual,2.30,,true,false,,,,,,https://cdn.shopify.com/s/files/1/0986/8535/4273/files/48.png?v=1780586153,1,"",false,,,,kg,,,active
bouraza-rubus,BOURAZA RUBUS 200G 200G,"<p>Produit de qualité supérieure, soigneusement sélectionné pour vous offrir le meilleur de la gastronomie méditerranéenne et marocaine. Un incontournable à avoir dans votre cuisine pour des plats savoureux et authentiques.</p>",AL-SAFA,Non classé,THE,"bou aza, the",true,POIDS,200G,,,,,,,,,0.0,,300,continue,manual,2.40,,true,false,,,,,,https://cdn.shopify.com/s/files/1/0986/8535/4273/files/40_fc40ab31-7ab2-4767-b90d-e58c510c0e67.png?v=1780584124,1,"",false,,,,kg,,,active
kunuz-40122-400g,KUNUZ 40122 400G 400G,"<p>Produit de qualité supérieure, soigneusement sélectionné pour vous offrir le meilleur de la gastronomie méditerranéenne et marocaine. Un incontournable à avoir dans votre cuisine pour des plats savoureux et authentiques.</p>",AL-SAFA,Non classé,THE,"kun0z, the",true,POIDS,400G,,,,,,,,,0.0,,300,continue,manual,5.95,,true,false,,,,,,https://cdn.shopify.com/s/files/1/0986/8535/4273/files/47.png?v=1780586186,1,"",false,,,,kg,,,active
kunuz-40122-200g,KUNUZ 40122 200G 200G,"<p>Produit de qualité supérieure, soigneusement sélectionné pour vous offrir le meilleur de la gastronomie méditerranéenne et marocaine. Un incontournable à avoir dans votre cuisine pour des plats savoureux et authentiques.</p>",AL-SAFA,Non classé,THE,"kun0z, the",true,POIDS,200G,,,,,,,,,0.0,,300,continue,manual,3.00,,true,false,,,,,,https://cdn.shopify.com/s/files/1/0986/8535/4273/files/46.png?v=1780586200,1,"",false,,,,kg,,,active
lulu-3505-400g,LULU 3505 400G 400G,"<p>Produit de qualité supérieure, soigneusement sélectionné pour vous offrir le meilleur de la gastronomie méditerranéenne et marocaine. Un incontournable à avoir dans votre cuisine pour des plats savoureux et authentiques.</p>",AL-SAFA,Non classé,THE,"lul0, the",true,POIDS,400G,,,,,,,,,0.0,,300,continue,manual,4.60,,true,false,,,,,,https://cdn.shopify.com/s/files/1/0986/8535/4273/files/45.png?v=1780586219,1,"",false,,,,kg,,,active
lulu-3505-200g,LULU 3505 200G 200G,"<p>Produit de qualité supérieure, soigneusement sélectionné pour vous offrir le meilleur de la gastronomie méditerranéenne et marocaine. Un incontournable à avoir dans votre cuisine pour des plats savoureux et authentiques.</p>",AL-SAFA,Non classé,THE,"lul0, the",true,POIDS,200G,,,,,,,,,0.0,,300,continue,manual,2.50,,true,false,,,,,,https://cdn.shopify.com/s/files/1/0986/8535/4273/files/44.png?v=1780586240,1,"",false,,,,kg,,,active
999-200g,999 200G 200G,"<p>Produit de qualité supérieure, soigneusement sélectionné pour vous offrir le meilleur de la gastronomie méditerranéenne et marocaine. Un incontournable à avoir dans votre cuisine pour des plats savoureux et authentiques.</p>",AL-SAFA,Non classé,THE,"999, the",true,POIDS,200G,,,,,,,,,0.0,,300,continue,manual,1.00,,true,false,,,,,,https://cdn.shopify.com/s/files/1/0986/8535/4273/files/677d3f417c390_1468.jpg?v=1780278831,1,"",false,,,,kg,,,active
musk-3505-400g,MUSK 3505 400G 400G,"<p>Produit de qualité supérieure, soigneusement sélectionné pour vous offrir le meilleur de la gastronomie méditerranéenne et marocaine. Un incontournable à avoir dans votre cuisine pour des plats savoureux et authentiques.</p>",AL-SAFA,Non classé,THE,"mus0, the",true,POIDS,400G,,,,,,,,,0.0,,300,continue,manual,1.00,,true,false,,,,,,https://cdn.shopify.com/s/files/1/0986/8535/4273/files/0951_1.jpg?v=1780278764,1,"",false,,,,kg,,,active
musk-3505-200g,MUSK 3505 200G 200G,"<p>Produit de qualité supérieure, soigneusement sélectionné pour vous offrir le meilleur de la gastronomie méditerranéenne et marocaine. Un incontournable à avoir dans votre cuisine pour des plats savoureux et authentiques.</p>",AL-SAFA,Non classé,THE,"mus0, the",true,POIDS,200G,,,,,,,,,0.0,,300,continue,manual,1.00,,true,false,,,,,,https://cdn.shopify.com/s/files/1/0986/8535/4273/files/0951.jpg?v=1780278751,1,"",false,,,,kg,,,active
chay-laayoune-3505-400g,CHAY LAAYOUNE 3505 400G 400G,"<p>Produit de qualité supérieure, soigneusement sélectionné pour vous offrir le meilleur de la gastronomie méditerranéenne et marocaine. Un incontournable à avoir dans votre cuisine pour des plats savoureux et authentiques.</p>",AL-SAFA,Non classé,THE,"chaa, the",true,POIDS,400G,,,,,,,,,0.0,,300,continue,manual,1.00,,true,false,,,,,,https://cdn.shopify.com/s/files/1/0986/8535/4273/files/0829.jpg?v=1780278595,1,"",false,,,,kg,,,active
chay-laayoune-3505-200g,CHAY LAAYOUNE 3505 200G 200G,"<p>Produit de qualité supérieure, soigneusement sélectionné pour vous offrir le meilleur de la gastronomie méditerranéenne et marocaine. Un incontournable à avoir dans votre cuisine pour des plats savoureux et authentiques.</p>",AL-SAFA,Non classé,THE,"chaa, the",true,POIDS,200G,,,,,,,,,0.0,,300,continue,manual,1.00,,true,false,,,,,,https://cdn.shopify.com/s/files/1/0986/8535/4273/files/0824.jpg?v=1780278567,1,"",false,,,,kg,,,active
hayatti-200g,HAYATTI 200G 200G,"<p>Produit de qualité supérieure, soigneusement sélectionné pour vous offrir le meilleur de la gastronomie méditerranéenne et marocaine. Un incontournable à avoir dans votre cuisine pour des plats savoureux et authentiques.</p>",AL-SAFA,Non classé,THE,"hay tti, the",true,POIDS,200G,,,,,,,,,0.0,,300,continue,manual,1.00,,true,false,,,,,,https://cdn.shopify.com/s/files/1/0986/8535/4273/files/1027.jpg?v=1780278302,1,"",false,,,,kg,,,active
hayatti-400g,HAYATTI 400G 400G,"<p>Produit de qualité supérieure, soigneusement sélectionné pour vous offrir le meilleur de la gastronomie méditerranéenne et marocaine. Un incontournable à avoir dans votre cuisine pour des plats savoureux et authentiques.</p>",AL-SAFA,Non classé,THE,"hay tti, the",true,POIDS,400G,,,,,,,,,0.0,,300,continue,manual,1.00,,true,false,,,,,,https://cdn.shopify.com/s/files/1/0986/8535/4273/files/1030.jpg?v=1780278308,1,"",false,,,,kg,,,active
hayatti-oro-3505-200g,HAYATTI ORO 3505 200G 200G,"<p>Produit de qualité supérieure, soigneusement sélectionné pour vous offrir le meilleur de la gastronomie méditerranéenne et marocaine. Un incontournable à avoir dans votre cuisine pour des plats savoureux et authentiques.</p>",AL-SAFA,Non classé,THE,"hay tti, the",true,POIDS,200G,,,,,,,,,0.0,,300,continue,manual,1.00,,true,false,,,,,,https://cdn.shopify.com/s/files/1/0986/8535/4273/files/1466.jpg?v=1780278148,1,"",false,,,,kg,,,active
hayatti-oro-3505-400g,HAYATTI ORO 3505 400G 400G,"<p>Produit de qualité supérieure, soigneusement sélectionné pour vous offrir le meilleur de la gastronomie méditerranéenne et marocaine. Un incontournable à avoir dans votre cuisine pour des plats savoureux et authentiques.</p>",AL-SAFA,Non classé,THE,"hay tti, the",true,POIDS,400G,,,,,,,,,0.0,,300,continue,manual,1.00,,true,false,,,,,,https://cdn.shopify.com/s/files/1/0986/8535/4273/files/1467.jpg?v=1780278139,1,"",false,,,,kg,,,active
hayatti-41022-200g,HAYATTI 41022 200G 200G,"<p>Produit de qualité supérieure, soigneusement sélectionné pour vous offrir le meilleur de la gastronomie méditerranéenne et marocaine. Un incontournable à avoir dans votre cuisine pour des plats savoureux et authentiques.</p>",AL-SAFA,Non classé,THE,"hay tti, the",true,POIDS,200G,,,,,,,,,0.0,,300,continue,manual,1.00,,true,false,,,,,,https://cdn.shopify.com/s/files/1/0986/8535/4273/files/1183.jpg?v=1780278206,1,"",false,,,,kg,,,active
hayatti-41022-400g,HAYATTI 41022 400G 400G,"<p>Produit de qualité supérieure, soigneusement sélectionné pour vous offrir le meilleur de la gastronomie méditerranéenne et marocaine. Un incontournable à avoir dans votre cuisine pour des plats savoureux et authentiques.</p>",AL-SAFA,Non classé,THE,"hay tti, the",true,POIDS,400G,,,,,,,,,0.0,,300,continue,manual,1.00,,true,false,,,,,,https://cdn.shopify.com/s/files/1/0986/8535/4273/files/1289.jpg?v=1780278236,1,"",false,,,,kg,,,active
hayatti-422-200g,HAYATTI 422 200G 200G,"<p>Produit de qualité supérieure, soigneusement sélectionné pour vous offrir le meilleur de la gastronomie méditerranéenne et marocaine. Un incontournable à avoir dans votre cuisine pour des plats savoureux et authentiques.</p>",AL-SAFA,Non classé,THE,"hay tti, the",true,POIDS,200G,,,,,,,,,0.0,,300,continue,manual,1.00,,true,false,,,,,,https://cdn.shopify.com/s/files/1/0986/8535/4273/files/1288.jpg?v=1780278099,1,"",false,,,,kg,,,active
hayatti-422-400g,HAYATTI 422 400G 400G,"<p>Produit de qualité supérieure, soigneusement sélectionné pour vous offrir le meilleur de la gastronomie méditerranéenne et marocaine. Un incontournable à avoir dans votre cuisine pour des plats savoureux et authentiques.</p>",AL-SAFA,Non classé,THE,"hay tti, the",true,POIDS,400G,,,,,,,,,0.0,,300,continue,manual,1.00,,true,false,,,,,,https://cdn.shopify.com/s/files/1/0986/8535/4273/files/1287.jpg?v=1780278078,1,"",false,,,,kg,,,active
chay-laayoune-4011-400g,CHAY LAAYOUNE 4011 400G 400G,"<p>Produit de qualité supérieure, soigneusement sélectionné pour vous offrir le meilleur de la gastronomie méditerranéenne et marocaine. Un incontournable à avoir dans votre cuisine pour des plats savoureux et authentiques.</p>",AL-SAFA,Non classé,THE,"chaa, the",true,POIDS,400G,,,,,,,,,0.0,,300,continue,manual,1.00,,true,false,,,,,,https://cdn.shopify.com/s/files/1/0986/8535/4273/files/0652.jpg?v=1780278498,1,"",false,,,,kg,,,active
chay-laayoune-4011-200g,CHAY LAAYOUNE 4011 200G 200G,"<p>Produit de qualité supérieure, soigneusement sélectionné pour vous offrir le meilleur de la gastronomie méditerranéenne et marocaine. Un incontournable à avoir dans votre cuisine pour des plats savoureux et authentiques.</p>",AL-SAFA,Non classé,THE,"chaa, the",true,POIDS,200G,,,,,,,,,0.0,,300,continue,manual,1.00,,true,false,,,,,,https://cdn.shopify.com/s/files/1/0986/8535/4273/files/0818.jpg?v=1780278479,1,"",false,,,,kg,,,active
grade-4011-200g,GRADE 4011 200G 200G,"<p>Produit de qualité supérieure, soigneusement sélectionné pour vous offrir le meilleur de la gastronomie méditerranéenne et marocaine. Un incontournable à avoir dans votre cuisine pour des plats savoureux et authentiques.</p>",AL-SAFA,Non classé,THE,"gra0e, the",true,POIDS,200G,,,,,,,,,0.0,,300,continue,manual,2.50,,true,false,,,,,,https://cdn.shopify.com/s/files/1/0986/8535/4273/files/43.png?v=1780584075,1,"",false,,,,kg,,,active
el-taj-9371-500g,EL TAJ 9371 500G 500G,"<p>Produit de qualité supérieure, soigneusement sélectionné pour vous offrir le meilleur de la gastronomie méditerranéenne et marocaine. Un incontournable à avoir dans votre cuisine pour des plats savoureux et authentiques.</p>",AL-SAFA,Non classé,THE,"el 9aj, the",true,POIDS,500G,,,,,,,,,0.0,,300,continue,manual,1.00,,true,false,,,,,,https://cdn.shopify.com/s/files/1/0986/8535/4273/files/middle_square_the-vert-chunmee-500-g-el-taj_3558824360307.jpg?v=1780277772,1,"",false,,,,kg,,,active
lamchahar-200g,LAMCHAHAR 200G 200G,"<p>Produit de qualité supérieure, soigneusement sélectionné pour vous offrir le meilleur de la gastronomie méditerranéenne et marocaine. Un incontournable à avoir dans votre cuisine pour des plats savoureux et authentiques.</p>",AL-SAFA,Non classé,THE,"lamahahar, the",true,POIDS,200G,,,,,,,,,0.0,,300,continue,manual,2.30,,true,false,,,,,,https://cdn.shopify.com/s/files/1/0986/8535/4273/files/41_80b861f2-351b-4942-9140-3712ca995e29.png?v=1780583887,1,"",false,,,,kg,,,active
lamchahar-200g,,,,,,,,,400G,,,,,,,,,0.0,,0,continue,manual,4.60,,true,false,,,,,,,,,,,,,kg,,,
bouraza-rubis,BOURAZA RUBIS 200G,"<p>Produit de qualité supérieure, soigneusement sélectionné pour vous offrir le meilleur de la gastronomie méditerranéenne et marocaine. Un incontournable à avoir dans votre cuisine pour des plats savoureux et authentiques.</p>",AL-SAFA,Non classé,THE,"bou aza, the",true,POIDS,200G,,,,,,,,,0.0,,300,continue,manual,2.40,,true,false,,,,,,https://cdn.shopify.com/s/files/1/0986/8535/4273/files/40.png?v=1780583918,1,"",false,,,,kg,,,active
temple-rouge-400g,TEMPLE ROUGE 400G 400G,"<p>Produit de qualité supérieure, soigneusement sélectionné pour vous offrir le meilleur de la gastronomie méditerranéenne et marocaine. Un incontournable à avoir dans votre cuisine pour des plats savoureux et authentiques.</p>",AL-SAFA,Non classé,THE,"temrle, the",true,POIDS,400G,,,,,,,,,0.0,,300,continue,manual,1.00,,true,false,,,,,,https://cdn.shopify.com/s/files/1/0986/8535/4273/files/0325_6d7a6d50-b6ca-4d4e-830e-72b49fb06633.jpg?v=1780279292,1,"",false,,,,kg,,,active
temple-rouge-200g,TEMPLE ROUGE 200G 200G,"<p>Produit de qualité supérieure, soigneusement sélectionné pour vous offrir le meilleur de la gastronomie méditerranéenne et marocaine. Un incontournable à avoir dans votre cuisine pour des plats savoureux et authentiques.</p>",AL-SAFA,Non classé,THE,"temrle, the",true,POIDS,200G,,,,,,,,,0.0,,300,continue,manual,1.00,,true,false,,,,,,https://cdn.shopify.com/s/files/1/0986/8535/4273/files/0325.jpg?v=1780279274,1,"",false,,,,kg,,,active
al-yaqout-chaara-400g,AL YAQOUT CHAARA 400G 400G,"<p>Produit de qualité supérieure, soigneusement sélectionné pour vous offrir le meilleur de la gastronomie méditerranéenne et marocaine. Un incontournable à avoir dans votre cuisine pour des plats savoureux et authentiques.</p>",AL-SAFA,Non classé,THE,"al uaqout, the",true,POIDS,400G,,,,,,,,,0.0,,300,continue,manual,1.00,,true,false,,,,,,https://cdn.shopify.com/s/files/1/0986/8535/4273/files/ALYAQOUTCHAARA400G.png?v=1781099624,1,"",false,,,,kg,,,active
bouraza-4011-400g,BOURAZA 4011 400G 400G,"<p>Produit de qualité supérieure, soigneusement sélectionné pour vous offrir le meilleur de la gastronomie méditerranéenne et marocaine. Un incontournable à avoir dans votre cuisine pour des plats savoureux et authentiques.</p>",AL-SAFA,Non classé,THE,"bou aza, the",true,POIDS,400G,,,,,,,,,0.0,,300,continue,manual,4.75,,true,false,,,,,,https://cdn.shopify.com/s/files/1/0986/8535/4273/files/39.png?v=1780583590,1,"",false,,,,kg,,,active
bouraza-4011-200g,BOURAZA 4011 200G 200G,"<p>Produit de qualité supérieure, soigneusement sélectionné pour vous offrir le meilleur de la gastronomie méditerranéenne et marocaine. Un incontournable à avoir dans votre cuisine pour des plats savoureux et authentiques.</p>",AL-SAFA,Non classé,THE,"bou aza, the",true,POIDS,200G,,,,,,,,,0.0,,300,continue,manual,2.40,,true,false,,,,,,https://cdn.shopify.com/s/files/1/0986/8535/4273/files/38.png?v=1780583584,1,"",false,,,,kg,,,active
bouraza-41022-200g,BOURAZA 41022 200G 200G,"<p>Produit de qualité supérieure, soigneusement sélectionné pour vous offrir le meilleur de la gastronomie méditerranéenne et marocaine. Un incontournable à avoir dans votre cuisine pour des plats savoureux et authentiques.</p>",AL-SAFA,Non classé,THE,"bou aza, the",true,POIDS,200G,,,,,,,,,0.0,,300,continue,manual,2.40,,true,false,,,,,,https://cdn.shopify.com/s/files/1/0986/8535/4273/files/37.png?v=1780583582,1,"",false,,,,kg,,,active
bouraza-400g,BOURAZA 400G 400G,"<p>Produit de qualité supérieure, soigneusement sélectionné pour vous offrir le meilleur de la gastronomie méditerranéenne et marocaine. Un incontournable à avoir dans votre cuisine pour des plats savoureux et authentiques.</p>",AL-SAFA,Non classé,THE,"bou aza, the",true,POIDS,400G,,,,,,,,,0.0,,300,continue,manual,1.00,,true,false,,,,,,https://cdn.shopify.com/s/files/1/0986/8535/4273/files/bourazza_90432c7c-6035-4194-a177-e59ba9592e54.png?v=1779724548,1,"",false,,,,kg,,,active
bouraza-200g,BOURAZA 200G 200G,"<p>Produit de qualité supérieure, soigneusement sélectionné pour vous offrir le meilleur de la gastronomie méditerranéenne et marocaine. Un incontournable à avoir dans votre cuisine pour des plats savoureux et authentiques.</p>",AL-SAFA,Non classé,THE,"bou aza, the",true,POIDS,200G,,,,,,,,,0.0,,300,continue,manual,1.00,,true,false,,,,,,https://cdn.shopify.com/s/files/1/0986/8535/4273/files/bourazza.png?v=1779724511,1,"",false,,,,kg,,,active
la-caravane-125g,LA CARAVANE 125G 125G,"<p>Produit de qualité supérieure, soigneusement sélectionné pour vous offrir le meilleur de la gastronomie méditerranéenne et marocaine. Un incontournable à avoir dans votre cuisine pour des plats savoureux et authentiques.</p>",AL-SAFA,Non classé,THE,"la va, the",true,POIDS,125G,,,,,,,,,0.0,,300,continue,manual,1.50,,true,false,,,,,,https://cdn.shopify.com/s/files/1/0986/8535/4273/files/36.png?v=1780582968,1,"",false,,,,kg,,,active
yasmina-thee-170g,YASMINA THEE 170G 170G,"<p>Produit de qualité supérieure, soigneusement sélectionné pour vous offrir le meilleur de la gastronomie méditerranéenne et marocaine. Un incontournable à avoir dans votre cuisine pour des plats savoureux et authentiques.</p>",AL-SAFA,Non classé,THE,"the, yas ina",true,POIDS,170G,,,,,,,,,0.0,,300,continue,manual,2.99,,true,false,,,,,,https://cdn.shopify.com/s/files/1/0986/8535/4273/files/35.png?v=1780582865,1,"",false,,,,kg,,,active
figuig-200g,FIGUIG 200G 200G,"<p>Produit de qualité supérieure, soigneusement sélectionné pour vous offrir le meilleur de la gastronomie méditerranéenne et marocaine. Un incontournable à avoir dans votre cuisine pour des plats savoureux et authentiques.</p>",AL-SAFA,Non classé,THE,"fig2ig, the",true,POIDS,200G,,,,,,,,,0.0,,300,continue,manual,1.00,,true,false,,,,,,https://cdn.shopify.com/s/files/1/0986/8535/4273/files/the-vert-de-luxe-figuig-10-10-200g.jpg?v=1779724329,1,"",false,,,,kg,,,active
777-au-jasmin-250g,777 AU JASMIN 250G 250G,"<p>Produit de qualité supérieure, soigneusement sélectionné pour vous offrir le meilleur de la gastronomie méditerranéenne et marocaine. Un incontournable à avoir dans votre cuisine pour des plats savoureux et authentiques.</p>",AL-SAFA,Non classé,THE,"777, the",true,POIDS,250G,,,,,,,,,0.0,,300,continue,manual,3.95,,true,false,,,,,,https://cdn.shopify.com/s/files/1/0986/8535/4273/files/34.png?v=1780582658,1,"",false,,,,kg,,,active
777-500g,777 500G 500G,"<p>Produit de qualité supérieure, soigneusement sélectionné pour vous offrir le meilleur de la gastronomie méditerranéenne et marocaine. Un incontournable à avoir dans votre cuisine pour des plats savoureux et authentiques.</p>",AL-SAFA,Non classé,THE,"777, the",true,POIDS,500G,,,,,,,,,0.0,,300,continue,manual,1.00,,true,false,,,,,,https://cdn.shopify.com/s/files/1/0986/8535/4273/files/luxury-green-tea-777-premium-quality-chinese-tea-500g.jpg?v=1779724243,1,"",false,,,,kg,,,active
777-200g,777  200G 200G,"<p>Produit de qualité supérieure, soigneusement sélectionné pour vous offrir le meilleur de la gastronomie méditerranéenne et marocaine. Un incontournable à avoir dans votre cuisine pour des plats savoureux et authentiques.</p>",AL-SAFA,Non classé,THE,"777, the",true,POIDS,200G,,,,,,,,,0.0,,300,continue,manual,1.00,,true,false,,,,,,https://cdn.shopify.com/s/files/1/0986/8535/4273/files/the-vert-de-luxe-777-the-de-chine-de-qualite-premiere-200g.jpg?v=1779724216,1,"",false,,,,kg,,,active
las-palmas-500g,LAS PALMAS 500G 500G,"<p>Produit de qualité supérieure, soigneusement sélectionné pour vous offrir le meilleur de la gastronomie méditerranéenne et marocaine. Un incontournable à avoir dans votre cuisine pour des plats savoureux et authentiques.</p>",AL-SAFA,Non classé,THE,"lasmp, the",true,POIDS,500G,,,,,,,,,0.0,,300,continue,manual,1.00,,true,false,,,,,,https://cdn.shopify.com/s/files/1/0986/8535/4273/files/the-marocain-las-palmas-200g-the-vert-de-chine-special-chun-mee-41022-super-extra-aaaaaa.jpg?v=1779724276,1,"",false,,,,kg,,,active
las-palmas-200g,LAS PALMAS 200G 200G,"<p>Produit de qualité supérieure, soigneusement sélectionné pour vous offrir le meilleur de la gastronomie méditerranéenne et marocaine. Un incontournable à avoir dans votre cuisine pour des plats savoureux et authentiques.</p>",AL-SAFA,Non classé,THE,"LASPALMAS, THE",true,POIDS,200G,,,,,,,,,500.0,,300,continue,manual,1.00,,true,false,50000.0,ml,5000,ml,,https://cdn.shopify.com/s/files/1/0986/8535/4273/files/laspalmas.jpg?v=1779723731,1,"",false,,,,g,,,active
carthage-red-tea-200g,CARTHAGE RED TEA 200G 200G,"<p>Produit de qualité supérieure, soigneusement sélectionné pour vous offrir le meilleur de la gastronomie méditerranéenne et marocaine. Un incontournable à avoir dans votre cuisine pour des plats savoureux et authentiques.</p>",AL-SAFA,Non classé,THE,thé carehage,true,POIDS,200G,,,,,,,,,0.0,,300,continue,manual,1.00,,true,false,,,,,,https://cdn.shopify.com/s/files/1/0986/8535/4273/files/1374.jpg?v=1780279250,1,"",false,,,,kg,,,active
ahmad-tea-500g,AHMAD TEA 500G 500G,"<p>Produit de qualité supérieure, soigneusement sélectionné pour vous offrir le meilleur de la gastronomie méditerranéenne et marocaine. Un incontournable à avoir dans votre cuisine pour des plats savoureux et authentiques.</p>",AL-SAFA,Non classé,THE,thé ahmed,true,POIDS,500G,,,,,,,,,0.0,,300,continue,manual,1.00,,true,false,,,,,,https://cdn.shopify.com/s/files/1/0986/8535/4273/files/100-Tagged-GT-F-1_75eaf93d-01f6-4507-9d3d-abfd7878d1e1.jpg?v=1779723587,1,"",false,,,,kg,,,active
mahmood-tea-450g,MAHMOOD TEA 450G 450G,"<p>Produit de qualité supérieure, soigneusement sélectionné pour vous offrir le meilleur de la gastronomie méditerranéenne et marocaine. Un incontournable à avoir dans votre cuisine pour des plats savoureux et authentiques.</p>",AL-SAFA,Non classé,THE,"mahmood, the",true,POIDS,450G,,,,,,,,,0.0,,300,continue,manual,1.00,,true,false,,,,,,https://cdn.shopify.com/s/files/1/0986/8535/4273/files/4213_4e32ab06-bbfd-4a6e-ba89-97c297977332.jpg?v=1779723348,1,"",false,,,,kg,,,active
palmier-400g,PALMIER 400G 400G,"<p>Produit de qualité supérieure, soigneusement sélectionné pour vous offrir le meilleur de la gastronomie méditerranéenne et marocaine. Un incontournable à avoir dans votre cuisine pour des plats savoureux et authentiques.</p>",AL-SAFA,Non classé,THE,"palmiers, the",true,POIDS,400G,,,,,,,,,200.0,,300,continue,manual,5.75,,true,false,,,,,,https://cdn.shopify.com/s/files/1/0986/8535/4273/files/33_37653e98-99e1-4557-b9cf-f10fe88d9021.png?v=1780582589,1,"",false,,,,g,,,active
palmier-200g,PALMIER 200G 200G,"<p>Produit de qualité supérieure, soigneusement sélectionné pour vous offrir le meilleur de la gastronomie méditerranéenne et marocaine. Un incontournable à avoir dans votre cuisine pour des plats savoureux et authentiques.</p>",AL-SAFA,Non classé,THE,"palmiers, the",true,POIDS,200G,,,,,,,,,200.0,,300,continue,manual,2.30,,true,false,,,,,,https://cdn.shopify.com/s/files/1/0986/8535/4273/files/33.png?v=1780582564,1,"",false,,,,g,,,active
palmier-9371-250g,PALMIER 9371 250G 250G,"<p>Produit de qualité supérieure, soigneusement sélectionné pour vous offrir le meilleur de la gastronomie méditerranéenne et marocaine. Un incontournable à avoir dans votre cuisine pour des plats savoureux et authentiques.</p>",AL-SAFA,Non classé,THE,"palmiers, the",true,POIDS,250G,,,,,,,,,200.0,,300,continue,manual,2.50,,true,false,,,,,,https://cdn.shopify.com/s/files/1/0986/8535/4273/files/32_12fc3d8f-c2fa-4991-bd5c-9bb3b110c8fe.png?v=1780582512,1,"",false,,,,g,,,active
palmier-9371-500g,PALMIER 9371 500G 500G,"<p>Produit de qualité supérieure, soigneusement sélectionné pour vous offrir le meilleur de la gastronomie méditerranéenne et marocaine. Un incontournable à avoir dans votre cuisine pour des plats savoureux et authentiques.</p>",AL-SAFA,Non classé,THE,thé palmiers,true,POIDS,500G,,,,,,,,,181.0,,300,continue,manual,5.90,,true,false,,,,,,https://cdn.shopify.com/s/files/1/0986/8535/4273/files/31_4f97a7fc-2a08-4621-a44a-5f8fa5db940a.png?v=1780582442,1,"",false,,,,g,,,active
les-3-palmiers-200g,LES 3 PALMIERS 200G 200G,"<p>Produit de qualité supérieure, soigneusement sélectionné pour vous offrir le meilleur de la gastronomie méditerranéenne et marocaine. Un incontournable à avoir dans votre cuisine pour des plats savoureux et authentiques.</p>",AL-SAFA,Non classé,THE,thé palmiers,true,POIDS,200G,,,,,,,,,181.0,,300,continue,manual,1.00,,true,false,,,,,,https://cdn.shopify.com/s/files/1/0986/8535/4273/files/3palmiers200g.png?v=1780150877,1,"",false,,,,g,,,active
les-3-palmiers-500g,LES 3 PALMIERS 500G 500G,"<p>Produit de qualité supérieure, soigneusement sélectionné pour vous offrir le meilleur de la gastronomie méditerranéenne et marocaine. Un incontournable à avoir dans votre cuisine pour des plats savoureux et authentiques.</p>",AL-SAFA,Non classé,THE,thé palmiers,true,POIDS,500G,,,,,,,,,181.0,,300,continue,manual,1.00,,true,false,,,,,,https://cdn.shopify.com/s/files/1/0986/8535/4273/files/3palmiers500g.png?v=1780150851,1,"",false,,,,g,,,active
malaki-3505-400g,MALAKI 3505-400G 400G,"<p>Produit de qualité supérieure, soigneusement sélectionné pour vous offrir le meilleur de la gastronomie méditerranéenne et marocaine. Un incontournable à avoir dans votre cuisine pour des plats savoureux et authentiques.</p>",AL-SAFA,,THE,thé malaki,true,POIDS,400G,,,,,,,,,177.0,,300,continue,manual,1.00,,true,false,,,,,,,,,false,,,,g,,,active
maatouk-fine-200g,MAATOUK FINE 200G 200G,"<p>Produit de qualité supérieure, soigneusement sélectionné pour vous offrir le meilleur de la gastronomie méditerranéenne et marocaine. Un incontournable à avoir dans votre cuisine pour des plats savoureux et authentiques.</p>",AL-SAFA,Non classé,CAFEE,cafee maatouk,true,POIDS,200G,,,,,,,,,177.0,,300,continue,manual,1.00,,true,false,,,,,,https://cdn.shopify.com/s/files/1/0986/8535/4273/files/k34.png?v=1779722837,1,"",false,,,,g,,,active
senseo-decaf-36-capsules,SENSEO DECAF 36 CAPSULES 36P,"<p>Café en capsules de haute qualité, compatible Senseo, pour une préparation rapide et savoureuse. Un arôme riche et une crème onctueuse pour les amateurs de café qui ne font aucun compromis sur le goût.</p>",AL-SAFA,Non classé,CAFEE,cafee senseo,true,PIECES,36P,,,,,,,,,177.0,,300,continue,manual,1.00,,true,false,,,,,,https://cdn.shopify.com/s/files/1/0986/8535/4273/files/senseodecaf.jpg?v=1779722618,1,"",false,,,,g,,,active
senseo-strong-36-capsules,SENSEO STRONG 36 CAPSULES 36P,"<p>Café en capsules de haute qualité, compatible Senseo, pour une préparation rapide et savoureuse. Un arôme riche et une crème onctueuse pour les amateurs de café qui ne font aucun compromis sur le goût.</p>",AL-SAFA,Non classé,CAFEE,cafee senseo,true,PIECES,36P,,,,,,,,,150.0,,300,continue,manual,1.00,,true,false,,,,,,https://cdn.shopify.com/s/files/1/0986/8535/4273/files/senseostrong.webp?v=1779722538,1,"",false,,,,g,,,active
nescafe-gold-190g,NESCAFE GOLD 190G 190G,"<p>Produit de qualité supérieure, soigneusement sélectionné pour vous offrir le meilleur de la gastronomie méditerranéenne et marocaine. Un incontournable à avoir dans votre cuisine pour des plats savoureux et authentiques.</p>",AL-SAFA,Non classé,CAFEE,"CAFEE, NESCAFE",true,POIDS,190G,,,,,,,,,150.0,,300,continue,manual,1.00,,true,false,,,,,,https://cdn.shopify.com/s/files/1/0986/8535/4273/files/NescafeGold_638ed58d-a613-4996-b8a6-b2367b846823.jpg?v=1779722568,1,"",false,,,,g,,,active
nescafe-200g,NESCAFE 200G 200G,"<p>Produit de qualité supérieure, soigneusement sélectionné pour vous offrir le meilleur de la gastronomie méditerranéenne et marocaine. Un incontournable à avoir dans votre cuisine pour des plats savoureux et authentiques.</p>",AL-SAFA,Non classé,CAFEE,"CAFEE, NESCAFE",true,POIDS,200G,,,,,,,,,150.0,,300,continue,manual,1.00,,true,false,,,,,,https://cdn.shopify.com/s/files/1/0986/8535/4273/files/Nescafe200g.jpg?v=1779722431,1,"",false,,,,g,,,active
